순위,name,team,AVG,G,pa,ab,r,h,d2,d3,hr,TB,RBI,SAC,sf,year,bb,ibb,hbp,so,GDP,slg_official,obp_official,OPS,MH,RISP,PH-BA,ubb,s1,epa,obp,avg,slg,iso,bb_pct,obp_minus_avg,woba_a,wrc_a,woba_b,wrc_b,woba_old,wrc_old
1,이정후,키움,0.36,123,544,464,78,167,42,6,7,242,84,0,9,2021,62,1,9,37,8,0.522,0.438,0.96,51,0.341,0.0,61,112,543,0.4375,0.3599137931034483,0.521551724137931,0.16163793103448276,0.11397058823529412,0.07758620689655171,0.44373063157452675,166.83881808286185,0.44302864477629966,166.570114428723,0.247219152854512,35.1607294138607
2,전준우,롯데,0.348,144,619,552,88,192,46,0,7,259,92,1,8,2021,53,0,5,71,10,0.469,0.405,0.874,53,0.416,0.6,53,139,618,0.4045307443365696,0.34782608695652173,0.4692028985507246,0.12137681159420288,0.08562197092084006,0.056704657380047874,0.40907454077050676,143.03211743016186,0.4079491911933005,142.3950481591201,0.2272799352750809,22.072723375559683
3,강백호,KT,0.347,142,627,516,76,179,40,1,16,269,102,0,8,2021,103,10,0,85,7,0.521,0.45,0.971,53,0.34,0.0,93,122,617,0.44976076555023925,0.34689922480620156,0.5213178294573644,0.17441860465116282,0.16427432216905902,0.1028615407440377,0.4473816134399485,169.3468283731756,0.4464328138925368,168.9161034785026,0.2490226904376012,36.34456276558287
4,홍창기,LG,0.328,144,651,524,103,172,26,2,4,214,52,0,2,2021,109,4,16,95,6,0.408,0.456,0.864,57,0.343,0.5,105,140,647,0.45622119815668205,0.3282442748091603,0.4083969465648855,0.08015267175572521,0.1674347158218126,0.12797692334752175,0.4205497914798472,150.9149412632603,0.4211989722561793,151.52615775565218,0.2228284389489954,19.15078270445816
5,박건우,두산,0.325,126,525,458,82,149,31,2,6,202,63,0,6,2021,50,2,11,72,16,0.441,0.4,0.841,44,0.325,0.25,48,110,523,0.4,0.32532751091703055,0.4410480349344978,0.11572052401746724,0.09523809523809523,0.07467248908296947,0.3957226681868919,133.86016449557874,0.395457210079872,133.78617771188718,0.2179942638623327,15.97765354468044
6,양의지,NC,0.325,141,570,480,81,156,29,2,30,279,111,0,10,2021,69,5,11,60,12,0.581,0.414,0.995,41,0.374,0.5,64,95,565,0.41403508771929826,0.325,0.58125,0.25625000000000003,0.12105263157894737,0.08903508771929824,0.4466149228641848,168.82015693946806,0.4462737991939064,168.80651822318683,0.257741592920354,42.06760821042233
7,손아섭,롯데,0.319,139,610,542,88,173,29,2,3,215,58,3,1,2021,61,3,3,67,15,0.397,0.39,0.787,58,0.318,0.0,58,139,604,0.3904448105436573,0.3191881918819188,0.3966789667896679,0.07749077490774908,0.1,0.07125661866173849,0.37535662549954746,119.86988831354965,0.37520408925969106,119.8287043767998,0.2037947019867549,6.657129766430294
8,페르난데스,두산,0.315,141,617,540,73,170,24,0,15,239,81,0,6,2021,65,3,6,35,25,0.443,0.391,0.834,48,0.279,0.0,62,131,614,0.3905996758508914,0.3148148148148148,0.4425925925925926,0.12777777777777777,0.1053484602917342,0.07578486103607657,0.39000269325444986,129.93087738331738,0.3900100052673472,130.03222706908966,0.2161123778501628,14.742392662825116
9,김선빈,KIA,0.307,130,564,501,55,154,32,0,5,201,67,1,5,2021,56,2,1,39,19,0.401,0.375,0.776,47,0.32,0.0,54,117,561,0.3747779751332149,0.3073852295409182,0.40119760479041916,0.09381237524950098,0.09929078014184398,0.06739274559229674,0.36811384385903073,114.89452235598321,0.3673837063690843,114.43927394605582,0.2020267379679144,5.496646730327938
10,안치홍,롯데,0.306,119,490,421,58,129,30,2,10,193,82,5,9,2021,52,2,3,58,10,0.458,0.379,0.837,38,0.359,0.5,50,87,483,0.37938144329896906,0.30641330166270786,0.4584323040380047,0.15201900237529686,0.10612244897959183,0.0729681416362612,0.3885915763837864,128.9615229019988,0.38777457654352493,128.49167748750872,0.2180848861283643,16.037137562059854
11,구자욱,삼성,0.306,139,610,543,107,166,30,10,22,282,88,1,12,2021,48,3,6,98,9,0.519,0.361,0.88,45,0.283,0.0,45,104,606,0.361247947454844,0.30570902394106814,0.5193370165745856,0.2136279926335175,0.07868852459016394,0.05553892351377587,0.39569153413462277,133.8387772287151,0.3955814872166327,133.8718235162005,0.2295676567656765,23.57437270375369
12,김혜성,키움,0.304,144,635,559,99,170,20,3,3,205,66,0,10,2021,65,3,1,97,8,0.367,0.372,0.739,45,0.289,0.5,62,144,632,0.3716535433070866,0.3041144901610018,0.3667262969588551,0.06261180679785333,0.10236220472440945,0.06753905314608483,0.35158654230475467,103.54123606283,0.35193533994371645,103.79300543429738,0.1891946202531645,-2.9262933106136466
13,박성한,SSG,0.302,135,471,407,53,123,21,1,4,158,44,12,2,2021,49,0,1,73,1,0.388,0.377,0.765,26,0.298,0.5,49,97,459,0.3769063180827887,0.3022113022113022,0.3882063882063882,0.08599508599508598,0.1040339702760085,0.07469501587148647,0.3667431104435387,113.95290893853777,0.3664993224880679,113.82979926080297,0.1995925925925926,3.898885471973496
14,이용규,키움,0.296,133,547,459,88,136,16,8,1,171,43,6,6,2021,71,2,5,46,5,0.373,0.392,0.765,38,0.276,0.333,69,111,539,0.39186691312384475,0.2962962962962963,0.37254901960784315,0.07625272331154687,0.12979890310786105,0.09557061682754847,0.36770327639108413,114.61248659890906,0.3686003870460067,115.27775154445827,0.1966846011131725,1.9900939213341309
15,최원준,KIA,0.295,143,668,589,82,174,21,6,4,219,44,4,3,2021,61,0,11,68,7,0.372,0.37,0.742,46,0.264,0.0,61,143,664,0.3704819277108434,0.29541595925297115,0.37181663837011886,0.07640067911714771,0.09131736526946108,0.07506596845787222,0.3561714165011389,106.69077558074203,0.3569173698614202,107.22637999164802,0.192539156626506,-0.730955801745396
16,정훈,롯데,0.292,135,561,486,70,142,27,1,14,213,79,1,3,2021,68,8,3,89,6,0.438,0.38,0.818,42,0.24,0.167,60,100,552,0.38035714285714284,0.29218106995884774,0.4382716049382716,0.14609053497942387,0.12121212121212122,0.0881760728982951,0.38078206059469155,123.59684384212201,0.3803061013578138,123.34476486185275,0.2130760869565217,12.749385996856056
17,황재균,KT,0.291,117,507,453,74,132,16,2,10,182,56,1,4,2021,46,1,3,92,11,0.402,0.358,0.76,37,0.289,0.0,45,104,505,0.3577075098814229,0.2913907284768212,0.40176600441501104,0.11037527593818985,0.09072978303747535,0.06631678140460173,0.3574857939806351,107.5936757773039,0.3577296936950822,107.78619437030395,0.1977623762376237,2.6975403033476217
18,박해민,삼성,0.291,127,542,454,78,132,22,1,5,171,54,9,7,2021,69,2,3,82,3,0.377,0.383,0.76,36,0.327,0.0,67,104,531,0.3827392120075047,0.2907488986784141,0.3766519823788546,0.08590308370044053,0.12730627306273062,0.09199031332909063,0.3650377388642878,112.7814187402221,0.3649859207524181,112.78683583022098,0.1971242937853107,2.278706065969029
19,강민호,삼성,0.291,123,462,406,55,118,22,0,18,194,67,0,7,2021,45,4,4,53,18,0.478,0.361,0.839,34,0.25,0.25,41,78,458,0.36147186147186144,0.29064039408866993,0.47783251231527096,0.18719211822660103,0.09740259740259741,0.07083146738319152,0.3831103568015595,125.19624670441176,0.38252880345785795,124.87654386858718,0.2195764192139738,17.01617266978241
20,이대호,롯데,0.286,114,465,420,39,120,11,0,19,188,81,0,6,2021,34,3,5,50,12,0.448,0.342,0.79,36,0.256,0.143,31,90,462,0.3419354838709677,0.2857142857142857,0.44761904761904764,0.16190476190476194,0.07311827956989247,0.05622119815668203,0.36084979635245973,109.90454799638614,0.3611473573915718,110.14148323346613,0.2061017316017315,8.171452854137653
20,피렐라,삼성,0.286,140,621,553,102,158,25,2,29,274,97,0,3,2021,57,2,8,89,8,0.495,0.359,0.854,52,0.288,0.0,55,102,619,0.35909822866344604,0.2857142857142857,0.49547920433996384,0.20976491862567814,0.09178743961352658,0.07338394294916034,0.39100974006784417,130.62265944740847,0.3908180332375736,130.5890809460093,0.2259208400646203,21.18061984891561
22,오재일,삼성,0.285,120,484,418,64,119,20,0,25,214,97,0,8,2021,58,8,0,106,5,0.512,0.366,0.878,36,0.276,0.0,50,74,476,0.365702479338843,0.284688995215311,0.5119617224880383,0.2272727272727273,0.11983471074380166,0.08101348412353199,0.39362233320749407,132.41735761907094,0.39296513263279925,132.06875821761196,0.2287100840336134,23.011466107704376
23,김현수,LG,0.285,140,595,506,70,144,23,1,17,220,96,0,9,2021,77,5,3,42,7,0.435,0.376,0.811,43,0.279,0.0,72,103,590,0.3764705882352941,0.2845849802371542,0.43478260869565216,0.150197628458498,0.12941176470588237,0.09188560799813994,0.37802089085320234,121.70008226394361,0.3778511908730764,121.6529590441238,0.2107983050847457,11.254260986409832
24,정은원,한화,0.283,139,608,495,85,140,22,5,6,190,39,4,3,2021,105,1,1,105,9,0.384,0.407,0.791,40,0.312,0.5,104,107,603,0.40728476821192056,0.2828282828282828,0.3838383838383838,0.101010101010101,0.17269736842105263,0.12445648538363774,0.38516370583201964,126.6067769912843,0.3854234808270156,126.8714157973341,0.2065538971807628,8.468252154566466
25,나성범,NC,0.281,144,623,570,96,160,29,1,33,290,101,0,4,2021,38,2,11,155,5,0.509,0.335,0.844,46,0.263,0.0,36,97,621,0.33547351524879615,0.2807017543859649,0.5087719298245614,0.22807017543859653,0.060995184590690206,0.054771760862831254,0.38186037274899776,124.33758101334269,0.38137741931332786,124.08306548871654,0.2251256038647343,20.65863065126921
26,마차도,롯데,0.279,134,539,466,83,130,21,1,5,168,58,4,7,2021,58,1,4,65,9,0.361,0.359,0.72,27,0.339,0.0,57,103,534,0.35887850467289717,0.27896995708154504,0.3605150214592275,0.08154506437768244,0.10760667903525047,0.07990854759135213,0.3456046376012795,99.43201856874114,0.34560023006984153,99.42715347871378,0.1873576779026217,-4.132053390222614
27,한유섬,SSG,0.278,135,519,442,71,123,18,1,31,236,95,1,6,2021,60,4,10,96,11,0.534,0.373,0.907,33,0.304,0.429,56,73,514,0.37258687258687256,0.27828054298642535,0.5339366515837104,0.25565610859728505,0.11560693641618497,0.09430632960044721,0.40880799680707564,142.84901736893246,0.40879968499886077,142.98116744010204,0.2378365758754863,29.002051237692516
28,허경민,두산,0.278,136,518,468,61,130,24,1,5,171,59,3,3,2021,36,1,8,35,21,0.365,0.338,0.703,34,0.285,0.444,35,100,514,0.3378640776699029,0.2777777777777778,0.36538461538461536,0.08760683760683757,0.0694980694980695,0.060086299892125106,0.3344616355153961,91.77743004255149,0.3343055445333276,91.64340135459635,0.1841186770428015,-6.258117898145915
29,최정,SSG,0.278,134,555,436,92,121,17,1,35,245,100,1,12,2021,84,3,22,102,9,0.562,0.41,0.972,28,0.281,0.6,81,68,551,0.40974729241877256,0.2775229357798165,0.5619266055045872,0.28440366972477066,0.15135135135135136,0.13222435663895604,0.43744680870663477,162.52220052733705,0.4380374881557034,163.13045018824695,0.2506715063520871,37.42683756191685
30,채은성,LG,0.276,110,448,387,59,107,20,0,16,175,82,0,7,2021,38,2,16,80,9,0.452,0.359,0.811,27,0.317,0.167,36,71,446,0.359375,0.27648578811369506,0.45219638242894056,0.1757105943152455,0.08482142857142858,0.08288921188630494,0.37541962298844966,119.91316389153242,0.3754968013452275,120.03042741815261,0.2128991031390134,12.63321467453598
31,최재훈,한화,0.275,116,467,375,52,103,21,0,7,145,44,5,3,2021,72,2,12,68,16,0.387,0.405,0.792,29,0.275,0.0,70,75,460,0.40476190476190477,0.27466666666666667,0.38666666666666666,0.11199999999999999,0.15417558886509636,0.1300952380952381,0.3850743768329765,126.54541321105155,0.38518943303358505,126.71012135461848,0.2076869565217391,9.211986829077915
32,김재환,두산,0.274,137,566,475,86,130,23,2,27,238,102,0,5,2021,81,3,5,127,9,0.501,0.382,0.883,40,0.338,0.5,78,78,563,0.38162544169611307,0.2736842105263158,0.5010526315789474,0.2273684210526316,0.1431095406360424,0.10794123116979726,0.40524461860641936,140.40118565545077,0.4049692892681499,140.34144357981887,0.2317140319715807,24.98324301390632
33,양석환,두산,0.273,133,546,488,66,133,22,0,28,239,96,0,7,2021,42,2,9,136,10,0.49,0.337,0.827,34,0.29,0.25,40,83,544,0.336996336996337,0.2725409836065574,0.48975409836065575,0.21721311475409838,0.07692307692307693,0.06445535338977965,0.3749779810431363,119.60978179205651,0.3746549614029347,119.45027196204849,0.2189503676470588,16.605235447425006
34,하주석,한화,0.272,138,594,525,84,143,27,3,10,206,68,5,3,2021,51,1,10,135,9,0.392,0.346,0.738,39,0.269,0.0,50,103,588,0.3463497453310696,0.2723809523809524,0.3923809523809524,0.12,0.08585858585858586,0.07396879295011721,0.3496437256124034,102.206635005849,0.3495760017970327,102.16706345907447,0.1944132653061224,0.4992000766153976
35,알테어,NC,0.272,143,565,492,83,134,19,2,32,253,84,0,5,2021,57,2,11,156,6,0.514,0.358,0.872,31,0.248,0.0,55,81,563,0.35752212389380533,0.27235772357723576,0.5142276422764228,0.24186991869918706,0.10088495575221239,0.08516440031656958,0.3955113991529095,133.7150350671719,0.39558957643353254,133.8773982140549,0.2302486678507992,24.021385088203058
36,노시환,한화,0.271,107,458,380,56,103,18,1,18,177,84,0,4,2021,73,9,1,107,15,0.466,0.386,0.852,25,0.341,0.0,64,66,449,0.3864628820960699,0.2710526315789474,0.46578947368421053,0.19473684210526315,0.15938864628820962,0.1154102505171225,0.391608900542748,131.03424753302463,0.39124560861458746,130.88374525855633,0.2214097995545657,18.219594663277388
37,심우준,KT,0.268,139,460,407,61,109,20,2,6,151,48,10,6,2021,32,0,4,65,2,0.371,0.323,0.694,26,0.271,0.5,32,81,449,0.32293986636971045,0.2678132678132678,0.371007371007371,0.10319410319410321,0.06956521739130435,0.05512659855644264,0.32712268811290013,86.73600384981816,0.3268990831051113,86.5392256174588,0.1819086859688196,-7.7087453566026864
38,한동희,롯데,0.267,129,496,424,54,113,24,0,17,188,69,1,4,2021,61,1,6,95,21,0.443,0.364,0.807,32,0.252,0.5,60,72,494,0.36363636363636365,0.2665094339622642,0.44339622641509435,0.17688679245283018,0.12298387096774194,0.09712692967409947,0.3781055585638208,121.75824401256787,0.37758078342092954,121.46660727955094,0.2134574898785424,12.99973703127088
39,추신수,SSG,0.265,137,580,461,84,122,19,2,21,208,69,0,4,2021,103,4,12,123,8,0.451,0.409,0.86,34,0.274,0.222,99,80,576,0.4086206896551724,0.2646420824295011,0.4511930585683297,0.1865509761388286,0.17758620689655172,0.1439786072256713,0.40587996145127614,140.837628905928,0.40626256942091976,141.2327098398363,0.2245850694444444,20.3038264705896
40,최지훈,SSG,0.262,136,534,461,75,121,19,6,5,167,45,8,6,2021,51,0,8,71,6,0.362,0.342,0.704,30,0.255,0.333,51,91,526,0.34220532319391633,0.26247288503253796,0.36225596529284165,0.09978308026030369,0.09550561797752809,0.07973243816137837,0.33657286705208983,93.22772221447694,0.3370343354150058,93.5239523228255,0.184254752851711,-6.168798394931768
41,배정대,KT,0.259,144,595,510,85,132,23,1,12,193,68,3,5,2021,65,2,12,132,9,0.378,0.353,0.731,35,0.22,0.0,63,96,590,0.3530405405405405,0.25882352941176473,0.3784313725490196,0.11960784313725487,0.1092436974789916,0.09421701112877578,0.3493291022195162,101.99050719803708,0.3494468864591696,102.07808340008135,0.1925050847457627,-0.753320419570939
42,최주환,SSG,0.256,116,470,406,50,104,16,0,18,174,67,0,2,2021,53,4,9,84,7,0.429,0.353,0.782,29,0.284,0.167,49,70,466,0.35319148936170214,0.2561576354679803,0.42857142857142855,0.17241379310344823,0.1127659574468085,0.09703385389372182,0.36439403266626075,112.33923035690505,0.3644568692935237,112.4222390998717,0.206175965665236,8.220179734594408
43,오지환,LG,0.254,134,532,464,62,118,19,2,8,165,57,4,5,2021,54,0,5,82,11,0.356,0.335,0.691,30,0.248,0.25,54,89,528,0.3352272727272727,0.2543103448275862,0.35560344827586204,0.10129310344827586,0.10150375939849623,0.08091692789968652,0.33137991144157614,89.6604664492099,0.33145100377972714,89.67618964406337,0.1819090909090909,-7.70847955576599
44,서건창,LG,0.253,144,600,513,78,130,24,2,6,176,52,5,4,2021,69,2,9,78,14,0.343,0.35,0.693,32,0.24,0.286,67,98,593,0.3495798319327731,0.253411306042885,0.34307992202729043,0.08966861598440545,0.115,0.09616852588988811,0.3360628668066447,92.87738197429304,0.3361363736452555,92.90512041200564,0.1823069139966273,-7.447350404077333
45,박동원,키움,0.249,131,481,413,61,103,21,0,22,190,83,5,3,2021,53,0,7,114,12,0.46,0.342,0.802,26,0.277,0.2,53,60,476,0.34243697478991597,0.24939467312348668,0.4600484261501211,0.21065375302663442,0.1101871101871102,0.0930423016664293,0.3721553840184369,117.67082327506108,0.3716769333752755,117.39795878245307,0.2142584033613445,13.525452769980886
46,강진성,NC,0.249,124,462,406,49,101,20,0,7,142,38,4,2,2021,36,2,14,68,12,0.35,0.33,0.68,25,0.227,0.2,34,74,456,0.3296943231441048,0.24876847290640394,0.3497536945812808,0.10098522167487686,0.07792207792207792,0.08092585023770085,0.3256199930275464,85.70374050910837,0.32569327493869876,85.70824082852872,0.1795219298245614,-9.275400552753815
47,박찬호,KIA,0.246,131,483,418,51,103,15,5,1,131,59,8,3,2021,54,0,0,73,11,0.313,0.331,0.644,22,0.291,1.0,54,82,475,0.33052631578947367,0.24641148325358853,0.3133971291866029,0.06698564593301437,0.11180124223602485,0.08411483253588514,0.31440423685920954,77.99917419771423,0.3147165772309956,78.14363056807339,0.168938947368421,-16.222019081661564
48,터커,KIA,0.237,127,539,468,42,111,24,1,9,164,59,0,2,2021,61,1,8,66,12,0.35,0.334,0.684,24,0.266,0.0,60,77,538,0.3339517625231911,0.23717948717948717,0.3504273504273504,0.11324786324786323,0.11317254174397032,0.09677227534370392,0.33091143575436205,89.33865114373755,0.33067077411962653,89.13849302077324,0.1822490706319703,-7.485318509038874
49,조용호,KT,0.236,138,515,428,71,101,14,1,0,117,48,5,5,2021,74,0,3,85,8,0.273,0.349,0.622,27,0.33,0.143,74,86,510,0.34901960784313724,0.23598130841121495,0.2733644859813084,0.03738317757009346,0.1436893203883495,0.11303829943192228,0.31577653658876786,78.9418635810069,0.31616159789890824,79.13946906724158,0.1646843137254902,-19.014740039121826
50,김상수,삼성,0.235,132,496,429,46,101,17,1,3,129,42,8,4,2021,52,0,3,51,14,0.301,0.32,0.621,24,0.223,0.333,52,80,488,0.319672131147541,0.23543123543123542,0.3006993006993007,0.06526806526806525,0.10483870967741936,0.08424089571630558,0.30475142841118724,71.36826125143165,0.30475900801359007,71.28135447402386,0.1639590163934426,-19.490821701984803
51,최형우,KIA,0.233,104,446,373,52,87,15,1,12,140,55,0,2,2021,67,10,4,67,9,0.375,0.354,0.729,22,0.264,0.333,57,59,436,0.3542600896860987,0.23324396782841822,0.3753351206434316,0.1420911528150134,0.15022421524663676,0.12101612185768046,0.3431517962765686,97.74706051919705,0.34310375806777343,97.70670546924268,0.1906215596330275,-1.9896571991144008
52,장성우,KT,0.231,127,460,385,46,89,13,0,14,144,63,9,3,2021,60,3,3,69,16,0.374,0.337,0.711,15,0.239,0.2,57,62,448,0.3370288248337029,0.23116883116883116,0.37402597402597404,0.14285714285714288,0.13043478260869565,0.10585999366487173,0.33805616483269973,94.24666074512328,0.33804613261783867,94.22123411976138,0.1883236607142857,-3.4979869419485534
53,이원석,삼성,0.231,131,480,399,40,92,19,0,9,138,59,2,8,2021,60,2,11,80,11,0.346,0.341,0.687,18,0.309,0.25,58,64,476,0.3410041841004184,0.23057644110275688,0.3458646616541353,0.11528822055137844,0.125,0.1104277429976615,0.332268539920849,90.27090206692414,0.33228989207308995,90.25431096618878,0.1817794117647058,-7.793600319306054
54,박병호,키움,0.227,118,477,409,48,93,23,0,20,176,76,0,7,2021,47,3,14,141,9,0.43,0.323,0.753,22,0.233,0.333,44,50,474,0.3228511530398323,0.2273838630806846,0.43031784841075793,0.20293398533007334,0.09853249475890985,0.09546728995914772,0.34773050133051786,100.89236219828112,0.34732234409533796,100.61395134578103,0.2006054852320675,4.563743304473071
1,이정후,키움,0.349,142,627,553,85,193,36,10,23,318,113,0,3,2022,66,12,5,32,10,0.575,0.421,0.996,58,0.387,0.333,54,124,615,0.42105263157894735,0.34900542495479203,0.5750452079566004,0.22603978300180838,0.10526315789473684,0.07204720662415531,0.4458637230347013,178.84576295827785,0.4448180090870864,179.36306189653428,0.2528487804878049,45.39174961323222
2,피렐라,삼성,0.342,141,630,561,102,192,33,4,28,317,109,0,2,2022,55,12,12,81,19,0.565,0.411,0.976,57,0.375,0.0,43,127,618,0.4111111111111111,0.3422459893048128,0.5650623885918004,0.22281639928698754,0.0873015873015873,0.06886512180629828,0.43613533551340666,172.0236083091055,0.435273806177758,172.56291088921253,0.2476423948220064,41.84455951708228
3,박건우,NC,0.336,111,463,408,52,137,18,1,10,187,61,0,3,2022,44,1,8,62,10,0.458,0.408,0.866,40,0.317,0.0,43,108,462,0.408207343412527,0.33578431372549017,0.4583333333333333,0.12254901960784315,0.09503239740820735,0.07242302968703684,0.40245568605110893,148.4053286446938,0.4024625553182217,149.18521631338928,0.2181277056277056,21.73575084992555
4,이대호,롯데,0.331,142,591,540,53,179,23,0,23,271,101,0,6,2022,43,7,2,56,26,0.502,0.379,0.881,53,0.318,0.2,36,133,584,0.3790186125211506,0.3314814814814815,0.5018518518518519,0.1703703703703704,0.0727580372250423,0.04753713103966911,0.39556573420362606,143.5736628700739,0.39434606239556436,143.40229467516812,0.2221318493150685,24.463835118572767
5,나성범,KIA,0.32,144,649,563,92,180,39,2,21,286,97,0,5,2022,64,6,17,137,7,0.508,0.402,0.91,54,0.316,0.0,58,118,643,0.40215716486902925,0.3197158081705151,0.5079928952042628,0.18827708703374774,0.09861325115562404,0.08244135669851416,0.4141607256647362,156.61363554489296,0.41417208358350466,157.5281404092926,0.2305194401244168,30.17842888079188
6,김혜성,키움,0.318,129,566,516,81,164,18,7,4,208,48,0,3,2022,47,3,0,83,9,0.403,0.373,0.776,43,0.295,0.0,44,135,563,0.37279151943462896,0.3178294573643411,0.40310077519379844,0.08527131782945735,0.08303886925795052,0.054962062070287865,0.3619890946668667,120.0276202172825,0.3614665254651887,119.97594694330702,0.1952575488454706,6.153963628847779
7,문보경,LG,0.315,126,466,406,52,128,22,3,9,183,56,5,7,2022,47,1,1,56,11,0.451,0.382,0.833,35,0.287,0.25,46,94,460,0.38177874186550975,0.31527093596059114,0.45073891625615764,0.1354679802955665,0.10085836909871244,0.06650780590491862,0.38408106328181585,135.5198922989551,0.38364629445193,135.77881490936184,0.2103260869565217,16.420388857794297
8,소크라테스,KIA,0.311,127,554,514,83,160,29,7,17,254,77,0,4,2022,34,4,2,81,11,0.494,0.354,0.848,47,0.296,0.0,30,107,550,0.35379061371841153,0.311284046692607,0.49416342412451364,0.18287937743190663,0.061371841155234655,0.04250656702580452,0.3823994687850791,134.34065291433726,0.381138951954096,133.99235796011973,0.2174963636363636,21.305607905716997
9,페르난데스,두산,0.309,139,550,508,52,157,28,0,6,203,77,0,5,2022,35,0,2,45,34,0.4,0.353,0.753,43,0.343,0.5,35,123,550,0.3527272727272727,0.3090551181102362,0.39960629921259844,0.09055118110236221,0.06363636363636363,0.043672154617036496,0.34897604261655524,110.90205307158354,0.34847417582489865,110.71902519371358,0.1891763636363636,2.010759238842238
10,조용호,KT,0.308,131,531,474,52,146,18,4,3,181,44,2,3,2022,49,3,3,74,3,0.382,0.374,0.756,39,0.293,0.2,46,121,526,0.3742911153119093,0.3080168776371308,0.3818565400843882,0.07383966244725737,0.09227871939736347,0.06627423767477847,0.3558625801695763,115.73132452907893,0.3557716359499421,115.91839399293546,0.1899011406844106,2.504560914664675
11,한동희,롯데,0.307,129,499,456,43,140,27,0,14,209,65,0,4,2022,33,2,6,64,15,0.458,0.359,0.817,41,0.278,0.444,31,99,497,0.3587174348697395,0.30701754385964913,0.4583333333333333,0.15131578947368418,0.06613226452905811,0.05169989101009037,0.3725907147025374,127.46214019881019,0.3719715624349707,127.46068279926781,0.2075553319919517,14.532631169433753
12,전준우,롯데,0.304,120,517,470,73,143,31,1,11,209,68,0,9,2022,35,1,3,73,14,0.445,0.35,0.795,45,0.285,0.25,34,100,516,0.35009671179883944,0.30425531914893617,0.44468085106382976,0.1404255319148936,0.06769825918762089,0.04584139264990328,0.3622011366763723,120.17631735519998,0.36152761905597486,120.01947552781766,0.2010503875968992,10.100713171941743
13,최지훈,SSG,0.304,144,640,569,93,173,32,4,10,243,61,13,4,2022,47,0,7,77,7,0.427,0.362,0.789,43,0.362,1.0,47,127,627,0.3620414673046252,0.30404217926186294,0.4270650263620387,0.12302284710017575,0.0734375,0.057999288042762276,0.3663725025756603,123.10154038943199,0.36607497700450853,123.25942348660952,0.2008612440191387,9.971846762718611
14,박성한,SSG,0.298,140,564,494,68,147,24,4,2,185,56,6,2,2022,60,1,2,81,5,0.374,0.375,0.749,35,0.31,0.0,59,117,557,0.37455197132616486,0.2975708502024291,0.37449392712550605,0.07692307692307693,0.10638297872340426,0.07698112112373573,0.35652806163249834,116.19800181205866,0.3566248439170264,116.52629630514977,0.1897073608617594,2.372535760965893
15,마티니,NC,0.296,139,576,510,67,151,34,1,16,235,85,0,7,2022,51,5,8,86,8,0.461,0.365,0.826,42,0.306,1.0,46,100,571,0.3645833333333333,0.296078431372549,0.46078431372549017,0.16470588235294115,0.08854166666666667,0.06850490196078429,0.3756549401363832,129.61096699501508,0.37530878136463064,129.83841857058087,0.2092749562171628,15.704237426119503
16,채은성,LG,0.296,126,526,467,48,138,26,2,12,204,83,0,11,2022,27,3,21,88,16,0.437,0.354,0.791,31,0.279,0.0,24,98,523,0.35361216730038025,0.2955032119914347,0.43683083511777304,0.14132762312633834,0.051330798479087454,0.058108955308945553,0.3605544152181622,119.02153312940418,0.3608836326378432,119.56064151815097,0.1994130019120459,8.985137289224525
17,박해민,LG,0.289,144,636,570,97,165,20,8,3,210,49,7,6,2022,44,0,9,85,4,0.368,0.347,0.715,42,0.333,0.0,44,134,629,0.3465818759936407,0.2894736842105263,0.3684210526315789,0.0789473684210526,0.06918238993710692,0.05710819178311438,0.3373607348120995,102.75667173615845,0.33739368771809763,102.82428604400056,0.1813545310015898,-3.318374835507439
18,허경민,두산,0.289,121,493,432,59,125,23,0,8,172,60,2,7,2022,36,3,16,40,12,0.398,0.36,0.758,33,0.317,0.0,33,94,488,0.3604887983706721,0.28935185185185186,0.39814814814814814,0.10879629629629628,0.07302231237322515,0.07113694651882024,0.35247593658953025,113.35639793470473,0.35301063950359945,113.95121109205033,0.1909938524590164,3.249042140919261
19,터크먼,한화,0.289,144,648,575,88,166,37,4,12,247,43,0,2,2022,64,5,7,104,12,0.43,0.366,0.796,47,0.216,0.0,59,113,643,0.36574074074074076,0.288695652173913,0.4295652173913043,0.1408695652173913,0.09876543209876543,0.07704508856682774,0.36832803483897997,124.47288209355416,0.3681693499518686,124.75164367964192,0.202796267496112,11.2902078204534
20,김선빈,KIA,0.287,140,587,505,51,145,23,0,3,177,61,7,3,2022,65,0,6,47,14,0.35,0.373,0.723,40,0.265,0.333,65,119,579,0.37305699481865284,0.2871287128712871,0.3504950495049505,0.06336633663366337,0.11073253833049404,0.08592828194736574,0.3483803112871921,110.48428895092364,0.348895394155821,111.0191391251268,0.183146804835924,-2.097271290201037
21,김현수,LG,0.286,141,604,524,78,150,25,2,23,248,106,0,3,2022,71,7,5,62,5,0.473,0.375,0.848,43,0.275,0.0,64,100,596,0.3747927031509121,0.2862595419847328,0.4732824427480916,0.1870229007633588,0.11754966887417219,0.08853316116617932,0.38717502503170276,137.68957206244622,0.3867376528034687,137.98137742903148,0.2163959731543623,20.555895058800186
22,홍창기,LG,0.286,118,525,437,76,125,19,4,1,155,51,5,5,2022,59,0,19,75,11,0.355,0.39,0.745,34,0.385,0.0,59,101,520,0.3903846153846154,0.28604118993135014,0.35469107551487417,0.06864988558352403,0.11238095238095239,0.10434342545326525,0.3620666989816216,120.08204122338881,0.36351946563684906,121.43864668983512,0.1896134615384615,2.3085607174293536
23,안치홍,롯데,0.284,132,562,493,71,140,27,3,14,215,58,8,5,2022,51,4,5,52,13,0.436,0.354,0.79,38,0.222,0.333,47,96,550,0.35379061371841153,0.2839756592292089,0.43610547667342797,0.15212981744421905,0.09074733096085409,0.06981495448920261,0.3626643895761219,120.50117930347778,0.36226782426747456,120.5468644844884,0.2013599999999999,10.311656832366085
24,양의지,NC,0.283,130,510,427,61,121,24,0,20,205,94,0,10,2022,60,6,13,48,16,0.48,0.38,0.86,28,0.35,0.667,54,77,504,0.3803921568627451,0.28337236533957844,0.48009367681498827,0.19672131147540983,0.11764705882352941,0.09701979152316664,0.39026230559538394,139.85456655970637,0.39047121381751687,140.6415030499738,0.2174027777777777,21.2418464304778
25,노시환,한화,0.281,115,490,434,55,122,24,1,6,166,59,0,4,2022,48,1,4,95,13,0.382,0.355,0.737,33,0.322,1.0,47,91,489,0.3551020408163265,0.28110599078341014,0.3824884792626728,0.10138248847926268,0.09795918367346938,0.07399605003291637,0.34707657051445245,109.57002426372935,0.34712810856386106,109.75996546625105,0.1873353783231083,0.7564678187433844
26,노진혁,NC,0.28,115,451,396,50,111,24,0,15,180,75,3,5,2022,45,3,2,105,11,0.455,0.353,0.808,26,0.295,0.0,42,72,445,0.35267857142857145,0.2803030303030303,0.45454545454545453,0.17424242424242425,0.09977827050997783,0.07237554112554118,0.36800614978067725,124.24715613000757,0.3674269775861626,124.22271064684465,0.2059393258426966,13.431621490951557
27,손아섭,NC,0.277,138,617,548,72,152,29,4,4,201,48,1,6,2022,59,2,3,76,9,0.367,0.347,0.714,45,0.3,0.0,57,115,614,0.3474025974025974,0.2773722627737226,0.36678832116788324,0.08941605839416061,0.09562398703403566,0.07003033462887476,0.3367031499516926,102.29553204545118,0.3366880945676314,102.32155784150049,0.181172638436482,-3.44230101903089
28,푸이그,키움,0.277,126,547,473,65,131,30,0,21,224,73,0,4,2022,58,1,12,100,6,0.474,0.367,0.841,37,0.268,0.0,57,80,546,0.36745886654478976,0.2769556025369979,0.47357293868921774,0.19661733615221982,0.10603290676416818,0.09050326400779185,0.3864732893392539,137.19747104300686,0.3865261134103618,137.83065768524668,0.2161355311355311,20.37845193239324
29,박병호,KT,0.275,124,487,429,72,118,17,0,35,240,98,0,6,2022,40,3,12,131,7,0.559,0.349,0.908,24,0.259,0.429,37,66,484,0.3490759753593429,0.27505827505827507,0.5594405594405595,0.2843822843822844,0.08213552361396304,0.07401770030106786,0.4024463883164021,148.3988084907713,0.4015712376264581,148.55016119594555,0.23499173553719,33.22547207228261
30,류지혁,KIA,0.274,127,477,405,55,111,19,2,2,140,48,8,2,2022,56,0,6,83,6,0.346,0.369,0.715,28,0.305,0.286,56,88,469,0.36886993603411516,0.2740740740740741,0.345679012345679,0.07160493827160491,0.11740041928721175,0.09479586196004108,0.34608755432314003,108.87646416521358,0.3467637188004888,109.50034133210444,0.182413646055437,-2.596783568389094
31,정은원,한화,0.274,140,601,508,67,139,20,2,8,187,49,4,3,2022,85,0,1,109,10,0.368,0.377,0.745,37,0.254,0.333,85,109,597,0.3768844221105528,0.2736220472440945,0.36811023622047245,0.09448818897637795,0.14143094841930118,0.10326237486645828,0.3588575203702337,117.83156418022199,0.3592180696509732,118.37394421817511,0.1906700167504187,3.028407925159308
32,박찬호,KIA,0.272,130,566,493,81,134,22,0,4,168,45,8,7,2022,57,0,1,67,9,0.341,0.344,0.685,34,0.277,0.0,57,108,558,0.34408602150537637,0.2718052738336714,0.3407707910750507,0.06896551724137928,0.10070671378091872,0.07228074767170495,0.32659134180683347,95.20449884020637,0.3266877983013467,95.19644478860994,0.1732293906810035,-8.8541570700708
33,오지환,LG,0.269,142,569,494,75,133,16,4,25,232,87,3,3,2022,62,2,7,107,11,0.47,0.357,0.827,35,0.32,1.0,60,88,564,0.3568904593639576,0.2692307692307692,0.46963562753036436,0.20040485829959515,0.10896309314586995,0.08765969013318836,0.3795558819580213,132.34655172849597,0.37915474416300354,132.57862936093568,0.2136666666666666,18.69637685097504
34,오재일,삼성,0.268,135,536,470,57,126,42,0,21,231,94,0,7,2022,57,8,2,133,7,0.491,0.345,0.836,31,0.304,0.333,49,63,528,0.3451492537313433,0.2680851063829787,0.49148936170212765,0.22340425531914893,0.10634328358208955,0.07706414734836459,0.37336182178784477,128.00288878386854,0.3725545542655892,127.87605876328527,0.2138863636363636,18.846059752912662
35,이지영,키움,0.267,137,450,420,38,112,13,4,2,139,37,8,0,2022,20,2,2,44,16,0.331,0.303,0.634,26,0.262,0.364,18,93,440,0.3031674208144796,0.26666666666666666,0.33095238095238094,0.06428571428571428,0.044444444444444446,0.03650075414781295,0.29572863333074684,73.56163462912222,0.29520449890379247,72.76490261101844,0.1600136363636363,-17.858252393947787
35,박민우,NC,0.267,104,451,390,61,104,22,1,4,140,38,6,3,2022,42,5,10,55,7,0.359,0.351,0.71,28,0.264,0.0,37,77,440,0.350561797752809,0.26666666666666666,0.358974358974359,0.09230769230769231,0.09312638580931264,0.08389513108614233,0.3337282219839015,100.20932622542256,0.3342719684749811,100.60009168672148,0.1793113636363636,-4.710415976508044
37,배정대,KT,0.266,144,575,508,64,135,24,2,6,181,56,5,4,2022,54,0,4,126,2,0.356,0.339,0.695,34,0.281,0.333,54,103,570,0.3385964912280702,0.265748031496063,0.3562992125984252,0.09055118110236215,0.09391304347826086,0.07284845973200715,0.3299346556680019,97.54903992182822,0.33001184703788167,97.56479692643404,0.1774596491228069,-5.972017364690637
38,최정,SSG,0.266,121,505,414,80,110,21,0,26,209,87,0,6,2022,66,3,19,96,6,0.505,0.386,0.891,27,0.292,0.5,63,63,502,0.38613861386138615,0.26570048309178745,0.5048309178743962,0.2391304347826087,0.1306930693069307,0.1204381307695987,0.4063460009279868,151.13346109891012,0.40696944184194456,152.3963287787607,0.2279760956175298,28.4456094115789
39,최형우,KIA,0.264,132,530,454,55,120,27,1,14,191,71,0,2,2022,73,5,1,92,9,0.421,0.366,0.787,33,0.282,0.286,68,78,525,0.3660377358490566,0.2643171806167401,0.42070484581497797,0.15638766519823788,0.13773584905660377,0.10172055523231649,0.36639265757496586,123.11567433731551,0.36629736527129986,123.4178729465387,0.2014342857142856,10.3622688244301
40,한유섬,SSG,0.264,135,545,458,62,121,33,1,21,219,100,0,5,2022,66,6,16,137,8,0.478,0.372,0.85,31,0.284,0.111,60,66,539,0.3724770642201835,0.26419213973799127,0.4781659388646288,0.21397379912663755,0.12110091743119267,0.10828492448219224,0.38821390334259065,138.41809860222833,0.38859907415930145,139.30762189681667,0.2177792207792207,21.49832279857617
41,강승호,두산,0.264,134,487,444,54,117,28,1,10,177,62,6,5,2022,29,0,3,100,8,0.399,0.31,0.709,34,0.299,0.25,29,78,481,0.3097713097713098,0.2635135135135135,0.39864864864864863,0.13513513513513514,0.059548254620123205,0.0462577962577963,0.32560689690278005,94.5141444146306,0.32501046457650484,94.00136095322227,0.1817796257796257,-3.0287512687248896
42,황재균,KT,0.262,141,581,519,59,136,25,3,10,197,64,2,2,2022,53,5,5,99,17,0.38,0.335,0.715,36,0.303,0.0,48,98,574,0.33506044905008636,0.26204238921001927,0.37957610789980734,0.11753371868978807,0.09122203098106713,0.0730180598400671,0.33288226711141256,99.61608968404221,0.33271437565601997,99.49032207290665,0.1824128919860627,-2.59729732737438
43,정수빈,두산,0.259,127,455,405,58,105,12,4,3,134,41,6,4,2022,39,1,1,56,2,0.331,0.323,0.654,29,0.237,0.0,38,86,448,0.32293986636971045,0.25925925925925924,0.3308641975308642,0.07160493827160497,0.08571428571428572,0.0636806071104512,0.31059356554688317,83.98585613612596,0.3104684943719496,83.64034974312975,0.1663258928571429,-13.557615607623452
44,추신수,SSG,0.259,112,499,409,77,106,20,1,16,176,58,2,4,2022,71,1,13,100,6,0.43,0.382,0.812,29,0.299,0.25,70,69,496,0.3822937625754527,0.2591687041564792,0.43031784841075793,0.17114914425427874,0.14228456913827656,0.12312505841897353,0.3827649240498381,134.59693303558888,0.3835900689407298,135.7387547838325,0.2090826612903225,15.573223954622629
45,하주석,한화,0.258,125,483,445,50,115,18,2,5,152,58,1,3,2022,31,1,3,126,4,0.342,0.309,0.651,29,0.255,0.75,30,90,481,0.3091286307053942,0.25842696629213485,0.3415730337078652,0.08314606741573033,0.06418219461697723,0.05070166441325935,0.3049131398888583,80.00238588195018,0.3046278567577725,79.47895270109609,0.1654261954261954,-14.17059321271199
46,황대인,KIA,0.256,129,524,476,40,122,27,0,14,191,91,0,5,2022,36,2,7,92,20,0.401,0.315,0.716,34,0.296,0.0,34,81,522,0.3148854961832061,0.25630252100840334,0.4012605042016807,0.14495798319327735,0.06870229007633588,0.058582975174802765,0.32877522422068073,96.73597397216031,0.32841888252463164,96.42982532720099,0.183691570881226,-1.7261138607181723
47,유강남,LG,0.255,139,469,416,54,106,16,0,8,146,47,6,2,2022,34,1,11,98,9,0.351,0.326,0.677,27,0.255,0.385,33,82,462,0.326133909287257,0.2548076923076923,0.35096153846153844,0.09615384615384615,0.07249466950959488,0.0713262169795647,0.3199392840167839,90.53965927870517,0.32029915634066486,90.64460002199382,0.1730822510822511,-8.954405526668015
48,김재환,두산,0.248,128,517,448,64,111,24,1,23,206,72,0,4,2022,61,4,4,133,5,0.46,0.34,0.8,22,0.271,0.333,57,63,513,0.3404255319148936,0.24776785714285715,0.45982142857142855,0.2120535714285714,0.11798839458413926,0.09265767477203646,0.36488899552652343,122.06121232990563,0.3644383057287949,122.09331124759575,0.206943469785575,14.11576010033001
49,송성문,키움,0.247,142,601,547,67,135,21,4,13,203,79,1,7,2022,45,6,1,65,8,0.371,0.302,0.673,31,0.269,0.0,39,97,594,0.3016666666666667,0.24680073126142596,0.3711151736745887,0.12431444241316272,0.07487520798668885,0.054865935405240734,0.3079268870036162,82.11581411919613,0.3072567647156137,81.35202384883934,0.1714562289562289,-10.062239243143562
50,양석환,두산,0.244,107,446,405,58,99,14,1,20,175,51,0,2,2022,32,3,7,101,3,0.432,0.309,0.741,23,0.245,0.0,29,64,443,0.3094170403587444,0.24444444444444444,0.43209876543209874,0.1876543209876543,0.07174887892376682,0.06497259591429996,0.3369868305232912,102.49446663005477,0.3363550154420266,102.08424222981276,0.1924559819413092,4.245213295305439
51,박동원,KIA,0.242,123,447,385,52,93,21,0,18,168,57,7,1,2022,45,4,9,95,9,0.436,0.334,0.77,21,0.234,0.077,41,54,436,0.3340909090909091,0.24155844155844156,0.43636363636363634,0.1948051948051948,0.10067114093959731,0.09253246753246755,0.35342405262269155,114.02127628062053,0.35335999769932597,114.20012538160968,0.1995596330275229,9.085039308397745
52,김태연,한화,0.24,119,464,404,46,97,18,0,7,136,53,3,4,2022,48,1,5,106,9,0.337,0.325,0.662,25,0.239,0.0,47,72,460,0.32537960954446854,0.2400990099009901,0.33663366336633666,0.09653465346534656,0.10344827586206896,0.08528059964347845,0.31585963171716613,87.67875156487058,0.31617848209372773,87.70866001764135,0.1699543478260869,-11.085493802526498
53,심우준,KT,0.24,132,449,388,69,93,8,2,4,117,34,11,4,2022,43,0,2,75,11,0.302,0.316,0.618,23,0.175,0.333,43,79,437,0.3157894736842105,0.23969072164948454,0.3015463917525773,0.06185567010309276,0.0957683741648107,0.07609875203472596,0.29867332984217343,75.62664025845773,0.29886812811873853,75.37520251066945,0.1581167048054919,-19.150660845424305
1,손아섭,NC,0.339,140,609,551,97,187,36,3,5,244,65,1,5,2023,50,2,2,67,10,0.443,0.393,0.836,54,0.339,0.333,48,143,606,0.3930921052631579,0.3393829401088929,0.44283121597096187,0.10344827586206895,0.08210180623973727,0.05370916515426499,0.3933262409228009,138.37060153571443,0.3927764869811937,138.1224247929959,0.2149966996699669,18.964754251710865
2,구자욱,삼성,0.336,119,515,453,65,152,37,1,11,224,71,2,3,2023,53,2,4,81,5,0.494,0.407,0.901,50,0.395,0.0,51,103,511,0.4074074074074074,0.3355408388520971,0.49448123620309054,0.1589403973509934,0.1029126213592233,0.07186656855531026,0.4202270898599097,157.19093111428947,0.41920159544824387,156.67632250139744,0.2332563600782778,30.99431821054469
3,김혜성,키움,0.335,137,621,556,104,186,29,6,7,248,57,0,5,2023,57,3,3,77,6,0.446,0.396,0.842,50,0.314,0.0,54,144,618,0.3961352657004831,0.3345323741007194,0.4460431654676259,0.1115107913669065,0.09178743961352658,0.061602891599763676,0.3954836909835363,139.87999335034766,0.39537546749634656,139.94725055234528,0.2161844660194175,19.747261206898397
4,홍창기,LG,0.332,141,643,524,109,174,35,2,1,216,65,3,6,2023,88,3,22,83,6,0.412,0.444,0.856,58,0.361,0.5,85,136,637,0.44375,0.3320610687022901,0.4122137404580153,0.08015267175572521,0.1368584758942457,0.1116889312977099,0.41486978732788704,153.44286355179275,0.41533130313281974,153.95886884131002,0.2187912087912087,21.4645975754991
5,에레디아,SSG,0.323,122,523,473,76,153,29,0,12,218,76,1,1,2023,39,4,9,75,13,0.461,0.385,0.846,43,0.338,0.0,35,112,518,0.3850574712643678,0.32346723044397463,0.4608879492600423,0.13742071881606766,0.0745697896749522,0.06159024082039316,0.39359670540113345,138.559823468205,0.3933436968425107,138.52068063210416,0.2182258687258687,21.092148454188848
6,김선빈,KIA,0.32,119,473,419,41,134,16,0,0,150,48,8,3,2023,38,0,5,26,10,0.358,0.381,0.739,36,0.333,0.0,38,118,465,0.38064516129032255,0.3198090692124105,0.35799522673031026,0.03818615751789978,0.080338266384778,0.060836092077912074,0.35727217557498414,113.14651310342127,0.35781984545986256,113.57827006134113,0.1882043010752688,1.3137757943680533
7,박건우,NC,0.319,130,533,458,70,146,34,2,12,220,85,1,9,2023,56,0,9,71,14,0.48,0.397,0.877,49,0.304,0.0,56,98,532,0.3966165413533835,0.31877729257641924,0.48034934497816595,0.1615720524017467,0.1050656660412758,0.07783924877696424,0.4086458502879245,149.08848251934847,0.40806744534554906,148.85868639470073,0.2260770676691729,26.264561178744184
8,박민우,NC,0.316,124,509,452,76,143,20,7,2,183,46,5,3,2023,40,3,9,57,13,0.405,0.381,0.786,39,0.309,0.0,37,114,501,0.38095238095238093,0.3163716814159292,0.40486725663716816,0.08849557522123896,0.07858546168958742,0.06458069953645174,0.3728924872369712,124.07477095453767,0.3733578084914632,124.48796138937166,0.2020219560878243,10.416922348998517
9,오스틴,LG,0.313,139,583,520,87,163,29,4,23,269,95,0,7,2023,53,2,3,75,11,0.517,0.376,0.893,43,0.299,0.5,51,107,581,0.37564322469982847,0.31346153846153846,0.5173076923076924,0.2038461538461539,0.09090909090909091,0.06218168623829001,0.4071224339014075,148.02267234559963,0.4065710959639847,147.80805254787305,0.2312702237521514,29.685840756318527
10,전준우,롯데,0.312,138,559,493,80,154,21,3,17,232,77,0,7,2023,52,4,7,65,12,0.471,0.381,0.852,45,0.29,0.3,48,113,555,0.3810375670840787,0.31237322515212984,0.47058823529411764,0.1582150101419878,0.09302325581395349,0.06866434193194887,0.392374161148328,137.70450898292674,0.3925281552385517,137.94806328539892,0.2182594594594595,21.114278212854583
11,양의지,두산,0.305,129,510,439,56,134,23,0,17,208,68,0,3,2023,57,8,11,56,20,0.474,0.396,0.87,31,0.315,0.667,49,94,502,0.396078431372549,0.3052391799544419,0.47380410022779046,0.16856492027334857,0.11176470588235295,0.09083925141810711,0.4007822503030948,143.58696307903008,0.400849681773945,143.79086814305748,0.2224322709163346,23.863349180559275
12,최형우,KIA,0.302,121,508,431,64,130,27,1,17,210,81,0,4,2023,65,1,8,83,5,0.487,0.4,0.887,35,0.317,0.667,64,85,507,0.39960629921259844,0.30162412993039445,0.4872389791183295,0.18561484918793503,0.1279527559055118,0.09798216928220399,0.41283818794572374,152.02151919075297,0.41247432935721723,151.95289791959323,0.2290276134122288,28.20839682167874
13,박찬호,KIA,0.301,130,507,452,73,136,18,4,3,171,52,7,6,2023,40,0,2,56,13,0.378,0.356,0.734,42,0.355,0.0,40,111,500,0.356,0.3008849557522124,0.37831858407079644,0.07743362831858402,0.07889546351084813,0.05511504424778757,0.3496848321984356,107.83826787642849,0.3498492633305894,107.98187428164748,0.188826,1.723354439915502
14,문보경,LG,0.301,131,542,469,77,141,29,5,10,210,72,9,4,2023,58,2,2,83,5,0.448,0.377,0.825,39,0.281,0.25,56,97,531,0.3771106941838649,0.3006396588486141,0.44776119402985076,0.14712153518123666,0.1070110701107011,0.07647103533525079,0.38679897068724267,133.80400301055903,0.3861843397644902,133.49387141203434,0.214171374764595,18.421025698496877
15,노시환,한화,0.298,131,595,514,85,153,30,1,31,278,101,0,3,2023,74,5,4,118,13,0.541,0.388,0.929,47,0.299,0.0,69,91,590,0.38823529411764707,0.29766536964980544,0.5408560311284046,0.2431906614785992,0.12436974789915967,0.09056992446784162,0.42125944779828295,157.9131877497089,0.420564540529076,157.63328900329316,0.2402525423728814,35.60344129929
16,최정,SSG,0.297,128,552,471,94,140,31,0,29,258,87,1,6,2023,59,6,15,87,12,0.548,0.388,0.936,39,0.264,0.0,53,80,545,0.38838475499092556,0.29723991507430997,0.5477707006369427,0.2505307855626327,0.1068840579710145,0.0911448399166156,0.4217865075882386,158.28192849011342,0.4213859494452229,158.21002597396486,0.2410770642201835,36.14664079346359
17,김민혁,KT,0.297,113,448,397,68,118,20,3,3,153,41,7,5,2023,36,0,3,48,4,0.385,0.356,0.741,33,0.284,0.286,36,92,441,0.35600907029478457,0.2972292191435768,0.3853904282115869,0.08816120906801012,0.08035714285714286,0.05877985115120776,0.35301738445926284,110.16978284211696,0.3528959728109906,110.12106459441635,0.1915691609977324,3.5305638804909307
18,황재균,KT,0.295,109,457,407,62,120,26,2,6,168,49,3,1,2023,45,1,1,64,15,0.413,0.366,0.779,35,0.314,0.0,44,86,453,0.3656387665198238,0.29484029484029484,0.41277641277641275,0.11793611793611791,0.09846827133479212,0.07079847167952896,0.36942506165516437,121.64889612838057,0.36870400618929255,121.22038078597454,0.2027924944812362,10.924557249046629
19,문성주,LG,0.294,136,534,449,77,132,21,4,2,167,57,6,4,2023,67,0,8,34,10,0.372,0.392,0.764,31,0.297,0.375,67,105,528,0.39204545454545453,0.29398663697104677,0.37193763919821826,0.0779510022271715,0.1254681647940075,0.09805881757440776,0.3725629336875915,123.84420921919559,0.372900300485097,124.16673066437849,0.197623106060606,7.51893593717809
20,김현수,LG,0.293,133,556,488,53,143,22,2,6,187,88,1,8,2023,58,4,1,53,10,0.383,0.364,0.747,43,0.348,0.25,54,113,551,0.36396396396396397,0.2930327868852459,0.3831967213114754,0.0901639344262295,0.10431654676258993,0.07093117707871804,0.35363029754591585,110.59858813078274,0.35352989005344615,110.56615777868002,0.1911433756805808,3.2500541891345005
21,안치홍,롯데,0.292,121,494,425,57,124,20,1,8,170,63,5,5,2023,49,3,10,53,14,0.4,0.374,0.774,36,0.355,0.167,46,95,486,0.37423312883435583,0.2917647058823529,0.4,0.1082352941176471,0.09919028340080972,0.0824684229520029,0.366762655481294,119.78622771291836,0.36705467498086125,120.06233359889617,0.1988888888888889,8.352840574522364
22,강민호,삼성,0.29,125,495,434,60,126,19,0,16,193,77,1,5,2023,49,4,6,65,17,0.445,0.366,0.811,32,0.301,0.0,45,91,490,0.36639676113360325,0.2903225806451613,0.4447004608294931,0.1543778801843318,0.09898989898989899,0.07607418048844194,0.3752035245412789,125.69161523469916,0.37521669344307323,125.79314283401415,0.2083938775510204,14.614778994092262
23,알포드,KT,0.289,133,547,491,83,142,31,3,15,224,70,0,3,2023,47,1,6,140,6,0.456,0.356,0.812,43,0.303,0.667,46,93,546,0.35648994515539306,0.2892057026476578,0.45621181262729127,0.16700610997963344,0.08592321755027423,0.06728424250773524,0.3781368963727923,127.743856216932,0.3775028304631751,127.39831136042721,0.2124597069597069,17.29336960442153
24,장성우,KT,0.288,131,464,410,37,118,22,0,11,173,65,3,7,2023,42,1,2,70,12,0.422,0.351,0.773,36,0.267,0.25,41,85,460,0.351409978308026,0.28780487804878047,0.4219512195121951,0.13414634146341464,0.09051724137931035,0.06360510025924554,0.3608415912112493,115.64374205089736,0.36038139453095785,115.37681402945445,0.1996913043478261,8.881476259359554
25,정수빈,두산,0.287,137,583,498,75,143,14,11,2,185,33,12,2,2023,64,1,7,63,2,0.371,0.375,0.746,42,0.253,0.5,63,116,570,0.37478108581436076,0.28714859437751006,0.3714859437751004,0.08433734939759036,0.1097770154373928,0.0876324914368507,0.3613478809176617,115.99795165815539,0.3621204860763219,116.5978847652081,0.1935035087719298,4.804922753985849
26,피렐라,삼성,0.285,139,605,557,66,159,28,1,16,237,80,0,2,2023,42,5,4,69,20,0.425,0.339,0.764,43,0.253,0.0,37,114,600,0.33884297520661155,0.28545780969479356,0.4254937163375224,0.14003590664272886,0.06942148760330578,0.05338516551181799,0.3533982748799686,110.43626079854741,0.3530047861218406,110.19746583384138,0.1982066666666666,7.903388850183362
27,소크라테스,KIA,0.285,142,608,547,91,156,31,3,20,253,96,0,8,2023,52,4,1,80,13,0.463,0.344,0.807,41,0.303,0.0,48,102,604,0.34375,0.2851919561243144,0.4625228519195612,0.1773308957952468,0.08552631578947369,0.058558043875685584,0.3689492365176177,121.31600009482656,0.36819124741078824,120.8603567604415,0.2093261589403973,15.228971062857996
28,박해민,LG,0.285,144,558,485,80,138,14,2,6,174,59,24,1,2023,45,0,3,74,7,0.359,0.348,0.707,33,0.313,0.5,45,116,534,0.34831460674157305,0.2845360824742268,0.35876288659793815,0.07422680412371135,0.08064516129032258,0.06377852426734626,0.3392803460604478,100.55909766620796,0.3397461691790843,100.8881749063313,0.1823970037453183,-2.512103389387593
29,박병호,KT,0.283,132,493,431,53,122,15,0,18,191,87,0,8,2023,46,2,8,114,9,0.443,0.357,0.8,31,0.34,0.25,44,89,491,0.35699797160243407,0.28306264501160094,0.4431554524361949,0.16009280742459397,0.09330628803245436,0.07393532659083313,0.3692095945876536,121.49815139785693,0.3695507557503085,121.81491021843887,0.2053645621181262,12.619049449478377
30,마틴,NC,0.283,118,503,435,55,123,20,2,17,198,90,0,10,2023,57,2,1,107,8,0.455,0.36,0.815,33,0.317,0.0,55,84,501,0.35984095427435386,0.2827586206896552,0.45517241379310347,0.1724137931034483,0.11332007952286283,0.07708233358469868,0.37549985281864157,125.89893195754513,0.37515556450793996,125.7502222908156,0.2097365269461077,15.49932374527185
31,양석환,두산,0.281,140,582,524,73,147,28,0,21,238,89,0,11,2023,41,3,6,133,9,0.454,0.333,0.787,40,0.261,0.0,38,98,579,0.3333333333333333,0.28053435114503816,0.4541984732824427,0.17366412213740456,0.070446735395189,0.05279898218829515,0.3588456173749253,114.24732197814602,0.3583634140659658,113.95992663344994,0.2036580310880829,11.494777490713057
32,김현준,삼성,0.275,109,479,433,62,119,10,6,3,150,46,8,3,2023,30,0,5,84,5,0.346,0.327,0.673,28,0.288,0.0,30,100,471,0.32696390658174096,0.2748267898383372,0.3464203233256351,0.07159353348729791,0.06263048016701461,0.052137116743403766,0.3218385700713431,88.3565098104097,0.322588601071936,88.84130804173907,0.1739808917197452,-8.056683936475
33,김상수,KT,0.271,129,512,443,58,120,19,1,3,150,56,8,3,2023,55,0,3,68,9,0.339,0.353,0.692,30,0.336,0.5,55,97,504,0.3531746031746032,0.2708803611738149,0.33860045146726864,0.06772009029345372,0.107421875,0.08229424200078828,0.3373778496009219,99.22807608863397,0.33743760471111073,99.2672593651353,0.1794742063492063,-4.437658269873697
34,최지훈,SSG,0.268,117,503,462,65,124,19,8,2,165,30,8,1,2023,29,0,3,50,3,0.357,0.315,0.672,31,0.223,0.0,29,95,495,0.3151515151515151,0.2683982683982684,0.35714285714285715,0.08874458874458874,0.05765407554671968,0.04675324675324671,0.3203988565270471,87.34925968734719,0.3204003516871763,87.30486949519803,0.1760888888888888,-6.66792389361503
35,류지혁,삼성,0.268,132,522,455,63,122,11,1,2,141,45,10,5,2023,46,1,6,73,12,0.31,0.34,0.65,35,0.271,0.167,45,108,511,0.33984375,0.2681318681318681,0.3098901098901099,0.041758241758241776,0.08812260536398467,0.07171188186813188,0.3166940860602503,84.75733400644782,0.31747923036988057,85.2538585719121,0.1665107632093933,-12.978045379488751
36,허경민,두산,0.268,130,475,429,44,115,23,1,7,161,48,0,5,2023,35,3,6,26,6,0.375,0.328,0.703,26,0.224,0.667,32,84,472,0.32842105263157895,0.2680652680652681,0.3752913752913753,0.1072261072261072,0.07368421052631578,0.060355784566310855,0.33089780250277206,94.69451574052044,0.33061101191340864,94.474094386327,0.182228813559322,-2.62290800209389
37,오지환,LG,0.268,126,502,422,65,113,24,3,8,167,62,4,4,2023,64,0,8,82,4,0.396,0.371,0.767,25,0.298,0.333,64,78,498,0.3714859437751004,0.2677725118483412,0.3957345971563981,0.12796208530805686,0.12749003984063745,0.10371343192675919,0.3688958722308295,121.27866545652472,0.3687405064487109,121.24600876326073,0.2003353413654618,9.30577136245905
38,문현빈,한화,0.266,137,481,428,47,114,22,2,5,155,49,9,5,2023,33,2,6,84,7,0.362,0.324,0.686,31,0.252,0.25,31,85,470,0.3241525423728814,0.26635514018691586,0.3621495327102804,0.09579439252336452,0.06860706860706861,0.05779740218596552,0.32479683654297536,90.42616754156647,0.32460743676894915,90.25879592297741,0.1780042553191489,-5.406070033127587
39,박성한,SSG,0.266,128,529,459,53,122,19,0,9,168,47,7,4,2023,58,1,1,56,7,0.366,0.347,0.713,30,0.254,0.0,57,94,521,0.34674329501915707,0.2657952069716776,0.3660130718954248,0.10021786492374724,0.10964083175803403,0.0809480880474795,0.341115357916035,101.84290577142735,0.34099329181529714,101.76381883608008,0.1846967370441458,-0.997026537579666
40,강승호,두산,0.265,127,459,419,51,111,18,6,7,162,59,4,3,2023,27,0,6,110,12,0.387,0.316,0.703,24,0.273,0.167,27,80,455,0.31648351648351647,0.2649164677804296,0.38663484486873506,0.12171837708830546,0.058823529411764705,0.05156704870308687,0.33089722221344875,94.69410975941773,0.3309234982661365,94.69350085843338,0.1843670329670329,-1.214237383478706
41,채은성,한화,0.263,137,596,521,71,137,17,0,23,223,84,0,3,2023,52,8,20,102,16,0.428,0.351,0.779,39,0.311,0.0,44,97,588,0.35067114093959734,0.2629558541266795,0.42802303262955854,0.16506717850287905,0.087248322147651,0.08771528681291785,0.3589155322562664,114.29623571735037,0.3596770445819242,114.88226783216697,0.2003809523809523,9.335820148460616
42,김민석,롯데,0.255,129,454,400,53,102,24,0,3,135,39,12,5,2023,31,1,6,112,6,0.338,0.314,0.652,25,0.274,0.0,30,75,441,0.31447963800904977,0.255,0.3375,0.08250000000000002,0.06828193832599119,0.05947963800904976,0.31203202552145554,81.49567055260975,0.31157994352050666,81.11178419245279,0.1698163265306122,-10.800322217973706
43,추신수,SSG,0.254,112,462,382,65,97,17,1,12,152,41,0,2,2023,65,1,13,79,8,0.398,0.379,0.777,24,0.26,0.3,64,67,461,0.3787878787878788,0.25392670157068065,0.39790575916230364,0.143979057591623,0.1406926406926407,0.12486117721719814,0.3733793701008645,124.41540317718815,0.37382280345235896,124.81444894003353,0.2023687635574837,10.645401003276774
44,로하스,두산,0.253,122,464,403,52,102,24,4,19,191,65,0,3,2023,55,2,3,68,5,0.474,0.345,0.819,28,0.255,0.0,53,55,462,0.3448275862068966,0.2531017369727047,0.4739454094292804,0.22084367245657566,0.11853448275862069,0.09172584923419186,0.3768455598252017,126.84041337468814,0.376012281204644,126.35174996195259,0.2151103896103896,19.03965380510933
45,박동원,LG,0.249,130,481,409,54,102,17,1,20,181,75,8,8,2023,49,3,7,90,7,0.443,0.334,0.777,27,0.212,0.333,46,64,470,0.33403805496828753,0.24938875305623473,0.44254278728606355,0.19315403422982882,0.10187110187110188,0.0846493019120528,0.35579754154402515,112.11483196446115,0.35571044401281376,112.09719312561923,0.2011723404255319,9.857190912518906
46,이재현,삼성,0.249,143,538,458,61,114,19,2,12,173,60,16,6,2023,52,0,6,89,9,0.378,0.33,0.708,24,0.24,0.0,52,81,522,0.32950191570881227,0.24890829694323144,0.3777292576419214,0.12882096069868995,0.09665427509293681,0.08059361876558083,0.3356720331185517,98.03465544700931,0.3356660324847813,98.02338292423639,0.1846704980842912,-1.0143129075737904
47,최주환,SSG,0.235,134,478,426,48,100,24,0,20,184,63,1,3,2023,44,4,4,94,6,0.432,0.31,0.742,22,0.212,0.286,40,56,473,0.31027253668763105,0.2347417840375587,0.431924882629108,0.1971830985915493,0.09205020920502092,0.07553075265007236,0.339790432852368,100.91596378445051,0.3389535049136951,100.33162045678287,0.1950528541226215,5.825639929097441
48,김주원,NC,0.233,127,474,403,56,94,9,2,10,137,54,8,4,2023,44,1,15,106,6,0.34,0.328,0.668,21,0.267,0.0,43,73,465,0.3283261802575107,0.23325062034739455,0.3399503722084367,0.10669975186104216,0.09282700421940929,0.09507555991011615,0.32199577597193213,88.46649395506252,0.3230966847797838,89.19804955348987,0.1741333333333333,-7.956254569244734
49,정은원,한화,0.222,122,459,388,50,86,12,0,2,104,30,5,1,2023,62,1,3,73,4,0.268,0.333,0.601,16,0.214,0.0,61,72,453,0.33259911894273125,0.22164948453608246,0.26804123711340205,0.04639175257731959,0.13507625272331156,0.11094963440664879,0.30380243878950985,75.73810004051231,0.3041250376743826,75.87746090983616,0.1579602649006622,-18.611160343552648
50,김재환,두산,0.22,132,484,405,40,89,15,0,10,134,46,0,2,2023,72,4,5,100,8,0.331,0.343,0.674,21,0.264,0.214,68,64,480,0.34297520661157027,0.21975308641975308,0.3308641975308642,0.11111111111111113,0.1487603305785124,0.12322212019181719,0.3282853765329334,92.86681439671011,0.32838515137535484,92.91124786905677,0.1763541666666666,-6.493157445429475
1,에레디아,SSG,0.36,136,591,541,82,195,31,1,21,291,118,0,9,2024,28,3,13,73,12,0.538,0.399,0.937,59,0.428,0.0,25,142,588,0.3993231810490694,0.36044362292051757,0.5378927911275416,0.17744916820702406,0.047377326565143825,0.03887955812855182,0.4129796787171268,140.98669748760852,0.41338155980037194,141.2829141812058,0.2478163265306122,32.00532732332259
2,레이예스,롯데,0.352,144,632,574,88,202,40,3,15,293,111,0,11,2024,46,2,1,82,16,0.51,0.394,0.904,61,0.395,0.0,44,144,630,0.3939873417721519,0.3519163763066202,0.5104529616724739,0.1585365853658537,0.07278481012658228,0.042070965465531684,0.4020499785830951,133.66141174121105,0.4020886636940154,133.70927859208018,0.2392523809523809,26.41613415109476
3,김도영,KIA,0.347,141,625,544,143,189,29,10,38,352,109,1,7,2024,66,7,7,110,10,0.647,0.42,1.067,58,0.317,0.5,59,112,617,0.4198717948717949,0.3474264705882353,0.6470588235294118,0.2996323529411765,0.1056,0.0724453242835596,0.4546677534479899,168.926810745601,0.45510298261383797,169.26358890566055,0.2801523500810372,53.10918423063845
4,구자욱,삼성,0.343,129,568,493,92,169,39,1,33,309,115,2,6,2024,55,4,12,73,6,0.627,0.417,1.044,52,0.341,0.0,51,96,562,0.4169611307420495,0.34279918864097364,0.6267748478701826,0.2839756592292089,0.09683098591549295,0.07416194210107585,0.45047926097367497,166.11960617047657,0.45091273865820997,166.45338145749324,0.2765106761565836,50.7324737707105
5,송성문,키움,0.34,142,602,527,88,179,29,4,19,273,104,0,8,2024,64,2,3,82,5,0.518,0.409,0.927,47,0.372,0.333,62,127,600,0.40863787375415284,0.3396584440227704,0.5180265654648957,0.17836812144212527,0.10631229235880399,0.06897942973138244,0.4135914513063256,141.3967187116804,0.4134975284418973,141.3606891135533,0.2450533333333333,30.202081077526994
6,홍창기,LG,0.336,139,637,524,96,176,18,3,5,215,73,1,4,2024,96,3,12,93,8,0.41,0.447,0.857,51,0.389,1.0,93,150,633,0.44654088050314467,0.33587786259541985,0.41030534351145037,0.07442748091603052,0.15070643642072212,0.11066301790772481,0.40775873826438086,137.48752731712898,0.40726477419397294,137.18066222357038,0.2278973143759874,19.00533734030059
7,로하스,KT,0.329,144,670,572,108,188,39,1,32,325,112,0,4,2024,88,9,6,115,10,0.568,0.421,0.989,54,0.313,0.0,79,116,661,0.4208955223880597,0.32867132867132864,0.5681818181818182,0.2395104895104896,0.13134328358208955,0.09222419371673107,0.4340917028303997,155.13636375640388,0.43406258393421165,155.15274340167036,0.2616021180030257,41.00251803028216
8,김선빈,KIA,0.329,116,466,423,48,139,23,0,9,189,57,7,0,2024,30,0,5,39,13,0.447,0.38,0.827,42,0.35,0.5,30,107,458,0.3799126637554585,0.32860520094562645,0.44680851063829785,0.1182033096926714,0.06437768240343347,0.05130746280983206,0.37832025958032933,117.75731828527694,0.37830005211461387,117.75533076710825,0.2216288209606987,14.914253356074392
9,박민우,NC,0.328,121,528,457,75,150,26,2,8,204,50,4,4,2024,54,4,9,79,5,0.446,0.406,0.852,43,0.314,0.0,50,114,520,0.4064885496183206,0.3282275711159737,0.44638949671772427,0.11816192560175054,0.10227272727272728,0.07826097850234687,0.39128218795694863,126.44464072035724,0.3912319437848541,126.42816668679046,0.2263557692307692,17.99925976523572
10,김혜성,키움,0.326,127,567,509,90,166,26,4,11,233,75,0,7,2024,47,2,4,62,6,0.458,0.383,0.841,49,0.377,0.0,45,125,565,0.38271604938271603,0.32612966601178783,0.4577603143418468,0.13163064833005894,0.08289241622574955,0.056586383370928195,0.37980722210480744,118.75390787624578,0.379781929880609,118.74915928386554,0.2227787610619469,15.664752913043197
11,오스틴,LG,0.319,140,604,527,99,168,32,3,32,302,132,0,13,2024,61,6,3,82,9,0.573,0.384,0.957,49,0.329,0.0,55,101,598,0.3841059602649007,0.3187855787476281,0.573055028462998,0.25426944971536997,0.10099337748344371,0.0653203815172726,0.4112646648041456,139.837263668055,0.4114148060296749,139.96390121832079,0.2521053511705686,34.80452624561559
12,김지찬,삼성,0.316,135,535,453,102,143,16,3,3,174,36,12,1,2024,60,2,9,40,5,0.384,0.405,0.789,38,0.24,0.333,58,121,521,0.40535372848948376,0.31567328918322296,0.3841059602649007,0.06843267108167772,0.11214953271028037,0.0896804393062608,0.37463939425058757,115.29033474467549,0.37435039557180855,115.10647443515494,0.2109136276391555,7.921064900498122
13,양의지,두산,0.314,119,485,430,57,135,18,1,17,206,94,0,6,2024,40,5,9,56,13,0.479,0.379,0.858,37,0.393,0.5,35,99,480,0.37938144329896906,0.313953488372093,0.4790697674418605,0.16511627906976745,0.08247422680412371,0.06542795492687603,0.3818456601789904,120.12010650810323,0.38197797474062356,120.22194742877382,0.2270520833333333,18.453703805336804
14,나승엽,롯데,0.312,121,489,407,59,127,35,4,7,191,66,2,7,2024,69,1,4,83,4,0.469,0.411,0.88,33,0.354,0.4,68,81,486,0.4106776180698152,0.31203931203931207,0.4692874692874693,0.15724815724815722,0.1411042944785276,0.09863830603050311,0.4029488125411817,134.26382676639997,0.4027925342891433,134.18133282327062,0.2345205761316872,23.32795815154594
15,소크라테스,KIA,0.31,140,602,552,92,171,30,3,26,285,97,0,5,2024,41,4,4,91,7,0.516,0.359,0.875,49,0.336,0.0,37,112,598,0.3588039867109635,0.30978260869565216,0.5163043478260869,0.20652173913043476,0.0681063122923588,0.04902137801531131,0.3825078554625013,120.56392194788191,0.3827491684023872,120.73915220138778,0.2335167224080267,22.672800744607198
16,허경민,두산,0.309,115,477,417,69,129,28,0,7,178,61,0,6,2024,36,0,18,25,8,0.427,0.384,0.811,38,0.296,0.5,36,94,477,0.3836477987421384,0.30935251798561153,0.42685851318944845,0.11750599520383692,0.07547169811320754,0.07429528075652686,0.3746750205717802,115.31421215939216,0.3750014841517811,115.54313015167904,0.2171362683438155,11.982223466021813
17,고승민,롯데,0.308,120,532,481,79,148,27,6,14,229,87,1,8,2024,41,0,1,78,10,0.476,0.358,0.834,42,0.307,0.667,41,101,531,0.3578154425612053,0.3076923076923077,0.4760914760914761,0.1683991683991684,0.07706766917293233,0.05012313486889758,0.3709701942222738,112.83116950331646,0.3710768941749454,112.91108483386564,0.2220131826741996,15.165104070285595
18,박찬호,KIA,0.307,134,577,515,86,158,24,1,5,199,61,7,6,2024,48,1,1,44,9,0.386,0.363,0.749,49,0.359,0.5,47,128,569,0.3631578947368421,0.3067961165048544,0.3864077669902913,0.07961165048543689,0.0831889081455806,0.056361778231987736,0.3479382639472651,97.39474686714439,0.34762568511286285,97.18341764487595,0.1998031634446397,0.6699059517400211
19,데이비슨,NC,0.306,131,567,504,90,154,25,1,46,319,119,0,7,2024,39,5,17,142,12,0.633,0.37,1.003,45,0.255,0.0,34,82,562,0.37037037037037035,0.3055555555555556,0.6329365079365079,0.32738095238095233,0.06878306878306878,0.06481481481481477,0.4229146934615969,147.6453268191956,0.42365973789984507,148.17602421360263,0.2668523131672597,44.42901749793301
20,강민호,삼성,0.303,136,452,403,48,122,19,1,19,200,77,0,6,2024,35,2,8,52,17,0.496,0.365,0.861,31,0.274,0.182,33,83,450,0.36504424778761063,0.3027295285359802,0.49627791563275436,0.1935483870967742,0.07743362831858407,0.06231471925163046,0.3806062737696138,119.28944697604376,0.38081883615138334,119.444565507474,0.2293377777777777,19.945444693457496
21,박성한,SSG,0.301,137,564,489,78,147,24,0,10,201,67,3,6,2024,64,3,2,86,11,0.411,0.38,0.791,42,0.302,0.167,61,113,558,0.37967914438502676,0.3006134969325153,0.4110429447852761,0.11042944785276076,0.11347517730496454,0.07906564745251143,0.36541857331909644,109.11037122223446,0.3650278742499898,108.85428025942292,0.211078853046595,8.028897991064087
22,문보경,LG,0.301,144,602,519,80,156,35,3,22,263,101,3,13,2024,65,3,2,112,14,0.507,0.372,0.879,40,0.292,0.0,62,96,596,0.3722871452420701,0.30057803468208094,0.5067437379576107,0.2061657032755298,0.1079734219269103,0.07170911055998919,0.38708959320473585,123.63468672325008,0.38708122247255816,123.6444652912156,0.2330100671140939,22.342136066316783
23,권희동,NC,0.3,123,511,416,66,125,22,1,13,188,77,2,6,2024,77,1,10,63,10,0.452,0.417,0.869,31,0.391,1.0,76,89,508,0.4165029469548134,0.3004807692307692,0.4519230769230769,0.1514423076923077,0.1506849315068493,0.11602217772404416,0.40226659280241195,133.80659056897125,0.40197287770326434,133.6316261553611,0.2320255905511811,21.699625014210472
24,안치홍,한화,0.3,128,533,473,64,142,21,0,13,202,66,1,4,2024,49,1,6,70,10,0.427,0.37,0.797,44,0.317,1.0,48,108,531,0.37030075187969924,0.30021141649048627,0.427061310782241,0.12684989429175475,0.09193245778611632,0.07008933538921297,0.3655800951105245,109.21862609308826,0.36541866564066694,109.11636640247089,0.2135291902071562,9.628091680743475
25,신민재,LG,0.297,128,474,387,78,115,11,6,0,138,40,15,3,2024,64,1,5,47,7,0.357,0.401,0.758,32,0.306,0.333,63,98,458,0.4008714596949891,0.2971576227390181,0.35658914728682173,0.05943152454780365,0.1350210970464135,0.10371383695597103,0.3646404746496492,108.58887520471382,0.36420445915715777,108.30205293058161,0.2029737991266375,2.7391969279099424
26,김현수,LG,0.294,137,583,517,61,152,36,2,8,216,69,1,9,2024,47,1,9,76,10,0.418,0.357,0.775,44,0.257,0.25,46,106,581,0.35738831615120276,0.2940038684719536,0.41779497098646035,0.12379110251450676,0.08061749571183534,0.06338444767924917,0.3543326501421759,101.68038192356215,0.3544428899493276,101.75540915897008,0.2074302925989672,5.647693094786247
27,윤동희,롯데,0.293,141,613,532,97,156,35,4,14,241,85,2,5,2024,67,1,7,114,10,0.453,0.376,0.829,43,0.319,0.25,66,103,610,0.37643207855973815,0.2932330827067669,0.45300751879699247,0.15977443609022557,0.10929853181076672,0.08319899585297125,0.37767060456739504,117.32190756513236,0.37766941540808896,117.3323911987846,0.2224754098360656,15.466773070108117
28,전준우,롯데,0.293,109,483,423,57,124,26,2,17,205,82,1,5,2024,49,0,5,84,11,0.485,0.369,0.854,37,0.243,0.0,49,79,482,0.36929460580912865,0.29314420803782504,0.4846335697399527,0.19148936170212766,0.10144927536231885,0.07615039777130361,0.38267354790286084,120.67497206424072,0.3827109299179674,120.7135073762031,0.2289564315352697,19.696562003182272
29,최원준,KIA,0.292,136,508,438,75,128,23,3,9,184,56,7,5,2024,50,0,8,66,6,0.42,0.371,0.791,37,0.301,0.286,50,93,501,0.3712574850299401,0.2922374429223744,0.4200913242009132,0.1278538812785388,0.0984251968503937,0.07902004210756569,0.3648948218205133,108.75934334954111,0.36487225299035353,108.7499121062667,0.2122255489021956,8.77728021607921
30,최정,SSG,0.291,129,550,468,93,136,27,2,37,278,107,0,7,2024,55,1,20,114,10,0.594,0.384,0.978,39,0.284,0.0,54,70,549,0.3836363636363636,0.2905982905982906,0.594017094017094,0.3034188034188034,0.1,0.09303807303807299,0.4214688534344251,146.67629828110836,0.4220682468855028,147.10868303978174,0.2598870673952641,39.88320345041229
31,김태연,한화,0.291,126,472,413,59,120,24,0,12,180,61,6,4,2024,45,0,4,89,9,0.436,0.363,0.799,33,0.295,0.0,45,84,466,0.3626609442060086,0.29055690072639223,0.4358353510895884,0.14527845036319614,0.09533898305084745,0.07210404347961635,0.36476961867569924,108.67542990261543,0.364639021491427,108.59349426941253,0.2148519313304721,10.491368494862249
32,강백호,KT,0.289,144,614,550,92,159,27,0,26,264,96,0,2,2024,59,4,3,127,6,0.48,0.36,0.84,43,0.28,0.25,55,106,610,0.35993485342019543,0.28909090909090907,0.48,0.19090909090909092,0.09609120521172639,0.07084394432928637,0.3738946749180582,114.7912101717462,0.37382411272426397,114.75352028888715,0.2253245901639344,17.32626868337418
33,이우성,KIA,0.288,112,449,399,56,115,16,1,9,160,54,0,3,2024,44,0,3,89,17,0.401,0.361,0.762,27,0.266,1.0,44,89,449,0.36080178173719374,0.2882205513784461,0.40100250626566414,0.11278195488721804,0.09799554565701558,0.07258123035874764,0.35291783981464375,100.73215006001293,0.3526496921587543,100.55279235659084,0.2047082405345212,3.8711667642449386
34,서호철,NC,0.285,141,567,512,68,146,19,3,10,201,61,6,3,2024,30,0,16,101,15,0.393,0.342,0.735,38,0.243,0.0,30,114,561,0.3422459893048128,0.28515625,0.392578125,0.107421875,0.05291005291005291,0.057089739304812814,0.33797668888954563,90.7183163258553,0.3382795957901365,90.91541747493686,0.1970873440285205,-1.1025526888381614
35,정수빈,두산,0.284,136,608,510,95,145,21,3,4,184,47,10,8,2024,71,1,9,72,8,0.361,0.376,0.737,42,0.248,0.0,70,117,597,0.3762541806020067,0.28431372549019607,0.3607843137254902,0.07647058823529412,0.11677631578947369,0.09194045511181065,0.3504890799539495,99.10435059883935,0.350189769398749,98.90303321719797,0.1979162479061976,-0.5615749524402553
36,김재환,두산,0.283,136,552,474,78,134,28,0,29,249,92,0,9,2024,63,3,6,168,8,0.525,0.368,0.893,30,0.259,0.667,60,77,549,0.3677536231884058,0.28270042194092826,0.5253164556962026,0.2426160337552743,0.11413043478260869,0.08505320124747756,0.39080461125232113,126.12456004254189,0.3908412883065609,126.16617169404249,0.2379143897996357,25.542904522635418
37,강승호,두산,0.28,140,566,521,81,146,34,7,18,248,81,2,4,2024,32,4,7,158,8,0.476,0.328,0.804,39,0.29,0.2,28,87,560,0.3280141843971631,0.2802303262955854,0.4760076775431862,0.19577735124760076,0.05653710247349823,0.0477838581015777,0.35141350411652866,99.72391664902598,0.3519665670523674,100.09465118812257,0.215325,10.800113121222456
38,최형우,KIA,0.28,116,487,425,67,119,23,2,22,212,109,0,5,2024,52,4,5,86,5,0.499,0.361,0.86,34,0.331,0.4,48,72,483,0.3613963039014374,0.28,0.4988235294117647,0.2188235294117647,0.10677618069815195,0.08139630390143737,0.37868094659771506,117.99905734810261,0.3787731169620235,118.07259400326686,0.2295424430641822,20.079017917494717
39,최지훈,SSG,0.275,125,543,483,89,133,22,7,11,202,49,6,2,2024,50,0,2,71,5,0.418,0.345,0.763,39,0.245,0.2,50,93,537,0.34450651769087526,0.2753623188405797,0.41821946169772256,0.14285714285714285,0.09208103130755065,0.06914419885029555,0.3476589474860605,97.2075438453867,0.347652384663487,97.20132382810091,0.2051378026070763,4.1515171449241794
40,배정대,KT,0.275,113,473,404,49,111,25,1,7,159,59,8,7,2024,50,1,4,114,5,0.394,0.355,0.749,30,0.302,1.0,49,78,464,0.3548387096774194,0.2747524752475248,0.3935643564356436,0.1188118811881188,0.10570824524312897,0.0800862344298946,0.34649170596834367,96.42523714460984,0.34630967599877777,96.30082974464385,0.2012306034482758,1.6015136843215867
41,페라자,한화,0.275,122,522,455,75,125,24,0,24,221,70,0,2,2024,63,5,2,129,6,0.486,0.364,0.85,34,0.308,0.286,58,77,517,0.36398467432950193,0.27472527472527475,0.4857142857142857,0.21098901098901096,0.1206896551724138,0.08925939960422719,0.3773869090012747,117.13176958684085,0.37723795762466017,117.04303194204424,0.2278201160541586,18.954954449688845
42,박동원,LG,0.272,130,498,434,58,118,22,0,20,200,80,2,7,2024,55,2,0,112,14,0.461,0.349,0.81,25,0.27,0.5,53,76,494,0.3487903225806452,0.271889400921659,0.4608294930875576,0.18894009216589863,0.11044176706827309,0.07690092165898621,0.3612595243163595,106.32290020247109,0.36103368468540065,106.17555764024829,0.2169331983805668,11.849691417364337
43,노시환,한화,0.272,136,601,526,88,143,20,2,24,239,89,0,4,2024,60,9,11,129,10,0.454,0.356,0.81,35,0.314,0.0,51,97,592,0.3560732113144759,0.2718631178707224,0.4543726235741445,0.18250950570342206,0.09983361064891846,0.08421009344375346,0.3598144943739281,105.35441459805352,0.3599453361890599,105.44565143836459,0.2155827702702702,10.968344904275806
44,채은성,한화,0.271,124,498,436,61,118,24,0,20,202,83,0,5,2024,49,1,8,83,12,0.463,0.351,0.814,29,0.27,0.0,48,74,497,0.3514056224899598,0.2706422018348624,0.463302752293578,0.1926605504587156,0.09839357429718876,0.08076342065509745,0.3652739245218483,109.0134249419412,0.3653449615812273,109.06693641725029,0.2193118712273642,13.402113944204997
45,장성우,KT,0.268,131,489,418,53,112,19,0,19,188,81,2,8,2024,60,1,1,86,8,0.45,0.355,0.805,30,0.271,0.133,59,74,486,0.35523613963039014,0.2679425837320574,0.44976076555023925,0.18181818181818182,0.12269938650306748,0.08729355589833271,0.36273084417792134,107.30900579348645,0.36241149152304053,107.09959048374682,0.2157942386831275,11.10635813643464
46,이주형,키움,0.266,115,537,473,82,126,19,3,13,190,60,0,1,2024,49,1,14,119,4,0.402,0.352,0.754,36,0.267,0.0,48,91,536,0.35195530726256985,0.266384778012685,0.40169133192389006,0.13530655391120505,0.09124767225325885,0.08557052924988484,0.3481101162200457,97.50992541631295,0.3482634594224117,97.61114408131331,0.2035578358208955,3.1203639815837363
47,박해민,LG,0.263,144,553,482,72,127,16,6,6,173,56,5,9,2024,46,0,11,101,3,0.359,0.336,0.695,35,0.233,0.25,46,99,548,0.3357664233576642,0.26348547717842324,0.35892116182572614,0.0954356846473029,0.08318264014466546,0.07228094617924097,0.32354223628490625,81.04408111124194,0.323621094485254,81.08462242286758,0.1860766423357664,-8.288602408608632
48,박승욱,롯데,0.262,139,468,405,57,106,19,1,7,148,53,3,3,2024,47,3,10,120,7,0.365,0.351,0.716,27,0.246,0.0,44,79,462,0.35053763440860214,0.2617283950617284,0.3654320987654321,0.10370370370370369,0.10042735042735043,0.08880923934687374,0.334900498300546,88.65659690094292,0.33486912974252697,88.628171865802,0.1930021645021645,-3.76871366656233
49,이재현,삼성,0.26,109,458,389,71,101,18,1,14,163,66,0,3,2024,58,1,8,83,8,0.419,0.365,0.784,27,0.33,0.25,57,68,457,0.3646288209606987,0.2596401028277635,0.4190231362467866,0.1593830334190231,0.12663755458515283,0.1049887181329352,0.36164822339198494,106.58341346115154,0.36150562887800847,106.49206930382447,0.2118402625820569,8.525826064461754
50,황재균,KT,0.26,137,536,493,60,128,22,0,13,189,58,5,2,2024,34,0,2,95,16,0.383,0.309,0.692,34,0.238,0.2,34,93,531,0.3088512241054614,0.25963488843813387,0.38336713995943206,0.12373225152129819,0.06343283582089553,0.049216335667327527,0.3154080800209375,75.59242020483792,0.3153358657100798,75.52809352853139,0.1872862523540489,-7.499159739515977
51,김휘집,NC,0.258,140,562,488,78,126,24,1,16,200,73,4,8,2024,52,1,10,119,16,0.41,0.337,0.747,33,0.282,0.0,51,85,557,0.33691756272401435,0.2581967213114754,0.4098360655737705,0.15163934426229508,0.09252669039145907,0.07872084141253893,0.3401391339941813,92.1676267468276,0.3401896262902911,92.19638870109944,0.2011238779174147,1.5318600879806883
52,최주환,키움,0.257,130,544,482,49,124,23,1,13,188,84,0,9,2024,47,2,6,92,12,0.39,0.325,0.715,36,0.308,0.0,45,87,542,0.32536764705882354,0.2572614107883817,0.3900414937759336,0.1327800829875519,0.08639705882352941,0.06810623627044182,0.32555481689723104,82.39294959730718,0.32552301615594537,82.36015542319062,0.1920073800738007,-4.417952067724349
53,김영웅,삼성,0.252,126,509,456,65,115,16,3,28,221,79,1,4,2024,45,0,3,155,2,0.485,0.321,0.806,26,0.31,0.167,45,68,508,0.32086614173228345,0.25219298245614036,0.48464912280701755,0.2324561403508772,0.08840864440078586,0.06867315927614309,0.352875364042209,100.70368201728826,0.3529851163354184,100.77774620881009,0.2173976377952756,12.152804226978906
54,김주원,NC,0.252,134,475,385,61,97,18,2,9,146,49,9,5,2024,51,1,25,111,5,0.379,0.371,0.75,26,0.243,0.0,50,68,465,0.37124463519313305,0.2519480519480519,0.37922077922077924,0.12727272727272732,0.10736842105263159,0.11929658324508113,0.3548524253599184,102.0287448198144,0.3552490356027474,102.2960546544442,0.203563440860215,3.12402206735838
55,양석환,두산,0.246,142,593,533,83,131,25,1,34,260,107,1,3,2024,49,1,7,128,15,0.488,0.316,0.804,34,0.286,0.667,48,71,591,0.3158783783783784,0.24577861163227016,0.4878048780487805,0.24202626641651032,0.08263069139966273,0.07009976674610824,0.3513109888942355,99.65520906442221,0.35154988462076764,99.81520109280548,0.2179390862944162,12.506176422874464
56,한유섬,SSG,0.235,132,523,464,64,109,29,0,24,210,87,1,3,2024,46,3,9,142,2,0.453,0.314,0.767,28,0.26,0.167,43,56,519,0.31417624521072796,0.2349137931034483,0.4525862068965517,0.21767241379310343,0.08795411089866156,0.07926245210727967,0.33892299984499225,91.3525513065579,0.33921088000474847,91.53998775389356,0.2081541425818882,6.120108215281987
1,양의지,두산,0.337,130,517,454,56,153,27,1,20,242,89,0,6,2025,50,6,7,63,10,0.533,0.406,0.939,44,0.375,0.5,44,105,511,0.40618955512572535,0.3370044052863436,0.5330396475770925,0.19603524229074892,0.09671179883945841,0.06918514983938173,0.41983921249049544,156.2843745449822,0.41990290502626754,156.04910107506308,0.2397436399217221,35.27197675382097
2,안현민,KT,0.334,112,482,395,72,132,19,4,22,225,80,0,3,2025,75,5,9,72,4,0.57,0.448,1.018,38,0.333,0.0,70,87,477,0.44813278008298757,0.3341772151898734,0.569620253164557,0.23544303797468358,0.15560165975103735,0.11395556489311415,0.4575929908037828,182.4114359913953,0.4581989689772859,182.42001120757678,0.2592410901467505,48.11624872157382
3,김성윤,삼성,0.331,127,538,456,92,151,29,9,6,216,61,10,2,2025,65,0,5,54,11,0.474,0.419,0.893,45,0.402,0.4,65,107,528,0.4185606060606061,0.33114035087719296,0.47368421052631576,0.1425438596491228,0.120817843866171,0.08742025518341312,0.4150142279144923,152.945300308514,0.41472668252284905,152.48472175299665,0.2301666666666666,28.96298518332709
4,레이예스,롯데,0.326,144,643,573,75,187,44,1,13,272,107,0,9,2025,58,17,3,66,25,0.475,0.386,0.861,60,0.375,0.0,41,129,626,0.3856920684292379,0.3263525305410122,0.47469458987783597,0.14834205933682376,0.09020217729393468,0.05933953788822571,0.3824021198111218,130.37647169371155,0.38167959331461654,129.7282885914553,0.216829073482428,20.176622234509363
5,문현빈,한화,0.32,141,592,528,71,169,30,2,12,239,80,5,11,2025,38,2,10,82,11,0.453,0.37,0.823,53,0.319,0.25,36,125,585,0.3696763202725724,0.32007575757575757,0.45265151515151514,0.13257575757575757,0.06418918918918919,0.04960056269681484,0.3740525604438314,124.59825662793908,0.37386114249043395,124.34445425475414,0.2102222222222222,15.824248285240774
6,구자욱,삼성,0.319,142,616,529,106,169,43,2,19,273,96,1,8,2025,73,7,5,91,9,0.516,0.402,0.918,46,0.351,0.333,66,105,608,0.4016260162601626,0.31947069943289225,0.5160680529300568,0.1965973534971645,0.1185064935064935,0.08215531682727034,0.4118885918852559,150.78224039124365,0.4113751547462105,150.17683867870988,0.2343256578947368,31.702790328528025
7,송성문,키움,0.315,144,646,574,103,181,37,4,26,304,90,0,3,2025,68,5,1,96,6,0.53,0.387,0.917,53,0.372,0.333,63,114,641,0.38699690402476783,0.3153310104529617,0.5296167247386759,0.21428571428571425,0.10526315789473684,0.07166589357180614,0.41040339398693454,149.75442652775365,0.41030629460690843,149.4408148744408,0.2366443057722309,33.230238461092426
8,디아즈,삼성,0.314,144,628,551,93,173,32,0,50,355,158,0,11,2025,60,10,6,100,15,0.644,0.381,1.025,50,0.352,1.0,50,91,618,0.38057324840764334,0.3139745916515426,0.6442831215970962,0.3303085299455536,0.09554140127388536,0.06659865675610072,0.43747593802314383,168.48966451308195,0.4381196450176038,168.59326263258845,0.2627669902912621,50.43899450959032
9,신민재,LG,0.313,135,538,463,87,145,15,7,1,177,61,6,4,2025,62,0,3,57,7,0.382,0.395,0.777,37,0.407,0.5,62,122,532,0.39473684210526316,0.31317494600431967,0.38228941684665224,0.06911447084233258,0.11524163568773234,0.0815618961009435,0.371789051829688,123.03182192157765,0.3718871041832092,122.98511907961587,0.2005582706766917,9.4579583087883
10,오스틴,LG,0.313,116,499,425,82,133,25,1,31,253,95,0,11,2025,61,7,2,62,11,0.595,0.393,0.988,38,0.292,0.0,54,76,492,0.3927855711422846,0.3129411764705882,0.5952941176470589,0.28235294117647064,0.12224448897795591,0.07984439467169635,0.4285344161575584,162.30178871246633,0.4289188890379667,162.25756428508905,0.2513617886178861,42.92562684103932
11,최형우,KIA,0.307,133,549,469,74,144,30,1,24,248,86,0,5,2025,67,8,8,98,9,0.529,0.399,0.928,38,0.294,0.6,59,89,541,0.3989071038251366,0.3070362473347548,0.5287846481876333,0.22174840085287845,0.122040072859745,0.09187085649038179,0.41395672890349317,152.21347046593183,0.4140207667161841,151.99862369543928,0.2374121996303142,33.73610140428528
12,문성주,LG,0.305,135,542,475,57,145,20,2,3,178,70,0,9,2025,54,0,4,59,10,0.375,0.375,0.75,43,0.321,0.167,54,120,542,0.37453874538745385,0.30526315789473685,0.37473684210526315,0.0694736842105263,0.0996309963099631,0.069275587492717,0.35521374947091816,111.56107746715995,0.35506604758390686,111.40203387061145,0.1923579335793358,4.055848869345463
13,박민우,NC,0.302,117,468,404,64,122,25,8,3,172,67,4,4,2025,44,5,12,64,5,0.426,0.384,0.81,37,0.432,0.167,39,86,459,0.38362068965517243,0.30198019801980197,0.42574257425742573,0.12376237623762376,0.09401709401709402,0.08164049163537046,0.37436282787608477,124.8129735815652,0.37406814322604165,124.48699626123963,0.2078082788671024,14.234022660348131
14,케이브,두산,0.299,136,593,538,72,161,28,6,16,249,87,0,8,2025,43,1,4,116,7,0.463,0.351,0.814,52,0.31,0.0,42,111,592,0.35075885328836426,0.2992565055762082,0.4628252788104089,0.16356877323420072,0.07251264755480608,0.05150234771215606,0.36810024332836794,120.47902507093447,0.3680658368599173,120.35377040358144,0.2103006756756756,15.875930811998638
15,김현수,LG,0.298,140,552,483,66,144,24,0,12,204,90,0,1,2025,64,1,4,73,10,0.422,0.384,0.806,36,0.362,0.4,63,108,551,0.38405797101449274,0.2981366459627329,0.422360248447205,0.12422360248447206,0.11594202898550725,0.08592132505175981,0.3778420619016265,127.22073686336068,0.3777613586798461,127.03016761579076,0.2090181488203267,15.031044760441878
16,전준우,롯데,0.293,114,472,410,50,120,26,1,8,172,70,3,6,2025,44,2,9,71,9,0.42,0.369,0.789,29,0.359,0.25,42,85,467,0.36886993603411516,0.2926829268292683,0.4195121951219512,0.12682926829268293,0.09322033898305085,0.07618700920484689,0.3650048368217661,118.3368851418257,0.3646466630374318,117.9993058373134,0.2029892933618843,11.05943522848873
17,김주원,NC,0.289,144,624,539,98,156,26,8,15,243,65,4,2,2025,63,1,16,111,8,0.451,0.379,0.83,40,0.306,0.333,62,107,619,0.3790322580645161,0.2894248608534323,0.45083487940630795,0.16141001855287568,0.10096153846153846,0.08960739721108385,0.38430192256893064,131.69120800903994,0.3845229309867046,131.68622876836037,0.2158578352180937,19.53680275716125
18,채은성,한화,0.288,132,527,480,54,138,27,1,19,224,88,3,0,2025,31,5,13,96,4,0.467,0.347,0.814,39,0.333,0.0,26,91,519,0.3473282442748092,0.2875,0.4666666666666667,0.1791666666666667,0.058823529411764705,0.059828244274809206,0.3662730364041467,119.21452785456876,0.36630964252428244,119.14444395532055,0.2112196531791907,16.48132263765606
19,박찬호,KIA,0.287,134,595,516,75,148,18,2,5,185,42,8,6,2025,62,0,3,69,7,0.359,0.363,0.722,37,0.294,0.0,62,123,587,0.3628620102214651,0.2868217054263566,0.35852713178294576,0.07170542635658916,0.10420168067226891,0.07604030479510848,0.344497852917332,104.14526638235479,0.3445039831964352,104.12893000458266,0.1866626916524702,0.3040128401959512
20,최지훈,SSG,0.284,140,574,517,66,147,16,4,7,192,45,4,5,2025,43,2,5,87,2,0.371,0.342,0.713,37,0.28,0.286,41,120,568,0.34210526315789475,0.28433268858800775,0.3713733075435203,0.08704061895551257,0.07491289198606271,0.05777257456988699,0.33347518184763447,96.5171555757543,0.3336308128489577,96.6415966207763,0.1839577464788732,-1.477915107641088
21,허경민,KT,0.283,114,481,420,47,119,18,0,4,149,44,3,4,2025,39,1,15,35,14,0.355,0.362,0.717,33,0.29,0.0,38,97,477,0.3619246861924686,0.2833333333333333,0.3547619047619048,0.07142857142857145,0.08108108108108109,0.07859135285913527,0.3421366536039852,102.51122596830365,0.3421145589741448,102.48355747974391,0.1853228511530398,-0.5786295345491385
22,류지혁,삼성,0.28,129,464,400,54,112,14,0,1,129,37,14,4,2025,33,0,13,73,11,0.323,0.351,0.674,29,0.247,0.2,33,97,450,0.3511111111111111,0.28,0.3225,0.04249999999999998,0.07112068965517242,0.07111111111111107,0.3256939614737587,91.13225287411441,0.32570403424420263,91.1831670940842,0.1741777777777778,-7.920633328905209
23,고명준,SSG,0.278,130,500,471,46,131,20,1,17,204,64,0,7,2025,20,1,2,99,12,0.433,0.306,0.739,43,0.235,0.0,19,93,499,0.306,0.2781316348195329,0.43312101910828027,0.15498938428874737,0.04,0.027868365180467092,0.3304554110083405,94.4273584270395,0.33055077325340326,94.52066201290546,0.1914428857715431,3.453045796577594
24,박해민,LG,0.276,144,544,442,80,122,18,2,3,153,43,22,4,2025,68,0,8,94,7,0.346,0.379,0.725,29,0.231,0.0,68,99,522,0.3793103448275862,0.27601809954751133,0.34615384615384615,0.07013574660633481,0.125,0.10329224528007486,0.3531461941799338,110.13024997002458,0.3531027337684091,110.05008364782525,0.1892567049808429,2.012862576600236
25,문보경,LG,0.276,141,607,515,91,142,21,1,24,237,108,0,9,2025,79,3,4,108,15,0.46,0.371,0.831,38,0.274,0.333,76,96,604,0.37067545304777594,0.2757281553398058,0.4601941747572815,0.1844660194174757,0.1301482701812191,0.09494729770797011,0.37916176001873697,128.1340185357364,0.3795432091006491,128.2571610054163,0.2145165562913907,18.653212794352967
26,최주환,키움,0.275,120,506,459,45,126,31,1,12,195,74,0,6,2025,36,2,5,66,8,0.425,0.33,0.755,33,0.291,0.5,34,82,504,0.3300395256916996,0.27450980392156865,0.42483660130718953,0.15032679738562088,0.07114624505928854,0.055529721770130935,0.34282858584853354,102.99006959873589,0.3423258986596258,102.6290873143604,0.1953710317460317,6.040777763734979
27,박성한,SSG,0.274,127,538,452,73,124,23,2,7,172,48,2,2,2025,79,1,3,93,6,0.381,0.384,0.765,31,0.275,0.5,78,92,535,0.3843283582089552,0.2743362831858407,0.3805309734513274,0.10619469026548672,0.14684014869888476,0.10999207502311453,0.36668490649477586,119.4995577415515,0.3664942107792132,119.27153881473794,0.1995551401869159,8.797129293654486
28,한유섬,SSG,0.273,128,511,455,50,124,24,0,15,193,71,1,2,2025,46,3,7,120,6,0.424,0.347,0.771,36,0.291,0.333,43,85,507,0.34705882352941175,0.2725274725274725,0.42417582417582417,0.15164835164835166,0.09001956947162426,0.07453135100193925,0.3539927233463787,110.71608059509086,0.35393335146913807,110.62205221275178,0.2002642998027613,9.264300070824811
29,고승민,롯데,0.271,121,538,469,71,127,21,2,4,164,45,6,4,2025,56,1,3,83,8,0.35,0.35,0.7,36,0.241,0.0,55,100,531,0.34962406015037595,0.27078891257995735,0.34968017057569295,0.0788912579957356,0.10408921933085502,0.0788351475704186,0.33357974415617064,96.58951670044581,0.33334778629869816,96.44670276088625,0.1815913370998116,-3.0368269294900334
30,강민호,삼성,0.269,127,465,412,37,111,23,1,12,172,71,1,7,2025,38,4,7,69,16,0.417,0.336,0.753,26,0.333,0.3,34,75,460,0.33620689655172414,0.26941747572815533,0.4174757281553398,0.14805825242718446,0.08172043010752689,0.06678942082356881,0.34235553402724217,102.66269960944221,0.34219283007178625,102.5374554491153,0.1941021739130434,5.204896409649291
31,오선우,KIA,0.265,124,474,437,58,116,17,1,18,189,56,0,0,2025,34,2,3,158,11,0.432,0.323,0.755,32,0.239,0.143,32,80,472,0.3227848101265823,0.2654462242562929,0.43249427917620137,0.16704805491990848,0.07172995780590717,0.057338585870289394,0.3427817833173596,102.9576804535308,0.3430613895365676,103.13555095103919,0.1974597457627118,7.41675311350961
32,노시환,한화,0.26,144,624,539,97,140,28,2,32,268,101,0,4,2025,70,10,11,125,22,0.497,0.354,0.851,37,0.29,0.0,60,78,614,0.3541666666666667,0.2597402597402597,0.4972170686456401,0.23747680890538037,0.11217948717948718,0.09442640692640697,0.3777741140952101,127.17371437732874,0.37815026131818064,127.29796841482157,0.2201612377850162,22.371741291089403
33,정수빈,두산,0.258,132,546,462,89,119,16,4,6,161,38,8,4,2025,61,2,11,57,7,0.348,0.355,0.703,27,0.212,1.0,59,93,536,0.3550185873605948,0.25757575757575757,0.3484848484848485,0.09090909090909094,0.11172161172161173,0.0974428297848372,0.33744073496125004,99.26147030390388,0.33761963056338296,99.38832154834657,0.1836417910447761,-1.68605604291185
34,이재현,삼성,0.254,139,555,457,82,116,29,1,16,195,67,10,8,2025,69,1,11,119,8,0.427,0.36,0.787,29,0.256,0.333,68,70,544,0.3596330275229358,0.2538293216630197,0.42669584245076586,0.17286652078774617,0.12432432432432433,0.10580370585991611,0.36431298090283365,117.85809433164471,0.36417427765262195,117.67401829479552,0.2046047794117647,12.123663727358684
35,오지환,LG,0.253,127,472,419,57,106,24,1,16,180,62,7,6,2025,37,0,3,115,4,0.43,0.314,0.744,27,0.283,0.333,37,65,465,0.3139784946236559,0.2529832935560859,0.4295942720763723,0.1766109785202864,0.07838983050847458,0.060995201067570004,0.33694708961223097,98.91984880420837,0.33679175940476386,98.81824426956493,0.1942387096774193,5.294841631754168
36,박동원,LG,0.253,139,523,451,57,114,25,0,22,205,76,3,5,2025,62,4,2,124,10,0.455,0.342,0.797,27,0.235,0.143,58,67,516,0.3423076923076923,0.25277161862527714,0.45454545454545453,0.2017738359201774,0.11854684512428298,0.08953607368241517,0.36005497892197824,114.9113937797266,0.36008743026157075,114.85978951628309,0.2070755813953488,13.751345926279235
37,김휘집,NC,0.249,142,500,429,64,107,18,2,17,180,56,2,2,2025,40,0,27,89,9,0.42,0.349,0.769,29,0.242,0.333,40,70,498,0.3493975903614458,0.2494172494172494,0.4195804195804196,0.17016317016317017,0.08,0.09998034094419639,0.35811290466619927,113.5674039678148,0.35868058113082385,113.89102436996457,0.2019658634538153,10.385233631487226
38,김영웅,삼성,0.249,125,499,446,66,111,22,2,22,203,72,0,3,2025,48,3,2,143,6,0.455,0.323,0.778,25,0.268,0.0,45,65,496,0.3226452905811623,0.24887892376681614,0.4551569506726457,0.20627802690582958,0.09619238476953908,0.07376636681434617,0.3493651346584987,107.51361187808793,0.3495362091540378,107.5941524009149,0.2033931451612903,11.325479366895
39,장성우,KT,0.247,129,480,413,44,102,13,0,14,157,58,2,8,2025,55,1,2,96,13,0.38,0.333,0.713,25,0.191,0.25,54,75,477,0.33263598326359833,0.2469733656174334,0.3801452784503632,0.1331719128329298,0.11458333333333333,0.08566261764616492,0.3325101169268051,95.84929366595937,0.3328259595338327,96.08736957357469,0.1855828092243186,-0.4073778001335618
40,권희동,NC,0.246,136,456,358,56,88,24,0,6,130,39,8,2,2025,77,0,11,80,10,0.363,0.393,0.756,21,0.247,0.077,77,58,448,0.39285714285714285,0.24581005586592178,0.36312849162011174,0.11731843575418996,0.16885964912280702,0.14704708699122107,0.3700232728452826,121.80983519369278,0.36967746852393707,121.4635500883276,0.1996071428571428,8.831386923843851
41,최원준,NC,0.242,126,449,413,62,100,13,3,6,137,44,2,5,2025,23,0,6,71,5,0.332,0.289,0.621,24,0.224,0.2,23,78,447,0.28859060402684567,0.24213075060532688,0.33171912832929784,0.08958837772397096,0.051224944320712694,0.04645985342151879,0.2893861278152699,66.00584054235533,0.28949044821689585,66.24626433761263,0.1614250559284116,-16.321702487789267
42,이주형,키움,0.24,127,514,446,55,107,22,1,11,164,45,3,0,2025,37,2,28,115,7,0.368,0.337,0.705,28,0.257,0.222,35,73,509,0.33659491193737767,0.2399103139013453,0.36771300448430494,0.12780269058295965,0.07198443579766536,0.09668459803603238,0.3329196722864261,96.13272167037607,0.33309709709117347,96.27407659827905,0.1851434184675835,-0.6968338220485977
43,위즈덤,KIA,0.236,119,486,424,73,100,20,1,35,227,85,0,6,2025,52,2,4,142,9,0.535,0.321,0.856,25,0.207,0.2,50,44,484,0.32098765432098764,0.2358490566037736,0.535377358490566,0.2995283018867924,0.10699588477366255,0.08513859771721405,0.3738765452948952,124.47644739937411,0.3745496878893729,124.81859094046672,0.2241384297520661,24.991783127491917
