year,lw_bb,lw_hbp,lw_1b,lw_2b,lw_3b,lw_hr,lw_out,w_bb,w_hbp,w_1b,w_2b,w_3b,w_hr,lg_woba,scale,rppa,lg_obp,league
2020,0.3845207350121182,0.3854069057001495,0.5217709416274252,0.8811505460418128,1.1033004170525116,1.4408406269466294,-0.31112617781572544,0.773293720315843,0.774278803718854,0.9258635383234085,1.3253564221105791,1.5723022462833964,1.9475180631755626,0.3486243433354109,1.1116181299107053,0.13128299288501263,0.3486243433354109,KBO
2021,0.3689165624544412,0.38606656737838013,0.506346630294585,0.8433043381037021,1.0992939006843254,1.4612045589314036,-0.29234128832133904,0.7789697107232277,0.7991726230347105,0.9408639854974571,1.3378042227590508,1.6393630099668706,2.0656981233143146,0.3463483095525127,1.1780120414590909,0.12298034739808111,0.3463483095525127,KBO
2022,0.3762043803413556,0.3955060426171727,0.4905984984512825,0.8143231861783156,1.210710443847003,1.4404021280056503,-0.2752521553119259,0.7848440753741223,0.8080978067483205,0.9226607077089113,1.312668926691801,1.790217579148087,2.0669392752376674,0.33336946506964393,1.204752784599942,0.11655915515608527,0.33336946506964393,KBO
2023,0.3629704126238275,0.3821569284939214,0.504664430475316,0.8448081598421499,1.2115443766949028,1.4127514561558951,-0.2775822100968971,0.7729201585446959,0.7960714881345193,0.9438946559676132,1.3543276725611948,1.7968484035979904,2.039634089334086,0.33840920136076463,1.2066458416199202,0.11776422258184988,0.33840920136076463,KBO
2024,0.3891706036562106,0.40501801787103,0.5219547177201478,0.8589290360520783,1.06625122152553,1.4276952890670573,-0.31740351799404354,0.7777711551865572,0.7952154137334063,0.9239350898983526,1.2948641924603046,1.5230769315780055,1.9209414461890475,0.35183358579631524,1.1007637151641179,0.1351823389688417,0.35183358579631524,KBO
2025,0.37292427823948426,0.3791706452054375,0.503784590015238,0.7835606070478164,1.1468308066970383,1.4152701443452205,-0.28246924424041847,0.7802929149094354,0.7877296620243828,0.9360914857209001,1.2691848660553033,1.7016840490064375,2.021280300823652,0.338477366255144,1.190571600337052,0.12166505946640951,0.338477366255144,KBO
2021,0.34351123076663104,0.36990904538114106,0.46320590231633024,0.7754941762685691,1.0612592770570597,1.3841798354152877,-0.26120738005578303,0.7294395762166536,0.7612818419595029,0.8738208287993431,1.2505173982985864,1.5952204887709918,1.9847422118086253,0.3170945979545492,1.2062462824231912,0.12071061243571762,0.3170945979545492,MLB
2022,0.32415617436663025,0.3492489188730944,0.45484201467521246,0.7605464508723596,1.0052694340957002,1.3979820270653225,-0.2470683433100756,0.7165641237208903,0.7480413448880725,0.8805010377460813,1.2639874334843966,1.5709765500248092,2.063609037509706,0.311545917131088,1.2544351678658894,0.1139454661305561,0.311545917131088,MLB
2023,0.3293965590803299,0.3512843362837394,0.4695930948625744,0.7744622088875477,1.1013655497710932,1.3796124935543814,-0.26595241035285294,0.7154746667439901,0.7417788192737002,0.8839591604905119,1.2503428093363742,1.6432066100394034,1.9775964378498383,0.32013465592469725,1.2017735873888822,0.12178985790640073,0.32013465592469725,MLB
2024,0.33124809309236336,0.3516801399252799,0.46931586230176003,0.7508358951634053,1.0497212731959855,1.3985478885593268,-0.2523970118945616,0.7177342526747805,0.742860446210779,0.8875223076164912,1.233719968956355,1.6012725648826738,2.0302401137435346,0.3121158476915126,1.229744319865168,0.11679620271203534,0.3121158476915126,MLB
2025,0.33910566081234605,0.3560520493788238,0.4714914941891292,0.7656211141576027,0.9807795109305206,1.381959508113929,-0.2580854276042136,0.7267103865882243,0.7473321219511424,0.8878081692211418,1.2457288649252303,1.5075509931005344,1.9957392405468155,0.31515733450385447,1.2168808287395623,0.11798056893544666,0.31515733450385447,MLB
