league,year,team,games,slot_pa,s1,s2,s3,s4,s5,s6,s7,s8,s9
KBO,2021,KIA,144,5426,662,655,631,624,607,588,568,549,542
KBO,2021,KT,144,5455,659,648,650,628,610,594,574,559,533
KBO,2021,LG,144,5342,662,638,635,602,602,574,562,543,524
KBO,2021,NC,144,5319,657,643,624,608,594,580,554,535,524
KBO,2021,SSG,144,5536,685,666,641,623,618,607,588,560,548
KBO,2021,두산,144,5460,673,659,639,636,607,586,568,559,533
KBO,2021,롯데,144,5588,674,659,646,640,621,611,601,574,562
KBO,2021,삼성,144,5381,662,650,623,618,607,574,564,547,536
KBO,2021,키움,144,5469,675,661,634,625,614,591,577,552,540
KBO,2021,한화,144,5318,662,629,627,608,594,585,551,544,518
KBO,2022,KIA,144,5542,675,654,645,638,625,607,586,559,553
KBO,2022,KT,144,5383,663,636,632,616,610,591,568,539,528
KBO,2022,LG,144,5428,665,639,638,607,609,589,578,554,549
KBO,2022,NC,144,5400,661,642,640,610,602,587,574,554,530
KBO,2022,SSG,144,5423,658,651,635,618,613,597,574,549,528
KBO,2022,두산,144,5341,665,643,634,622,590,580,554,534,519
KBO,2022,롯데,144,5365,663,634,639,621,606,581,564,538,519
KBO,2022,삼성,144,5469,672,645,645,625,615,596,585,556,530
KBO,2022,키움,144,5480,665,656,648,630,623,580,579,550,549
KBO,2022,한화,144,5375,672,629,625,615,599,588,566,550,531
KBO,2023,KIA,144,5454,671,655,643,624,613,596,564,559,529
KBO,2023,KT,144,5497,675,652,650,627,614,606,587,558,528
KBO,2023,LG,144,5464,665,645,651,634,615,594,576,548,536
KBO,2023,NC,144,5388,672,648,633,622,599,582,562,544,526
KBO,2023,SSG,144,5430,671,651,624,630,609,588,573,550,534
KBO,2023,두산,144,5364,658,621,629,619,607,591,566,543,530
KBO,2023,롯데,144,5393,654,651,636,620,602,581,569,545,535
KBO,2023,삼성,144,5399,661,634,640,624,611,581,559,553,536
KBO,2023,키움,144,5546,682,668,646,632,619,597,592,562,548
KBO,2023,한화,144,5441,664,660,650,622,608,583,572,555,527
KBO,2024,KIA,144,5653,687,667,667,649,637,612,602,573,559
KBO,2024,KT,144,5652,699,678,664,644,630,612,591,582,552
KBO,2024,LG,144,5535,672,656,660,635,621,604,590,562,535
KBO,2024,NC,144,5522,678,655,655,635,616,598,587,565,533
KBO,2024,SSG,144,5471,682,653,628,620,611,596,582,562,537
KBO,2024,두산,144,5485,674,632,645,628,621,593,581,565,546
KBO,2024,롯데,144,5604,675,665,646,642,629,609,597,578,563
KBO,2024,삼성,144,5506,667,664,640,636,619,599,574,564,543
KBO,2024,키움,144,5507,666,664,646,634,611,593,586,561,546
KBO,2024,한화,144,5535,687,667,651,627,609,599,584,556,555
KBO,2025,KIA,144,5470,671,648,639,631,617,606,575,544,539
KBO,2025,KT,144,5400,654,640,635,625,613,591,564,542,536
KBO,2025,LG,144,5523,673,651,644,637,626,602,589,553,548
KBO,2025,NC,144,5320,662,630,626,599,589,573,553,562,526
KBO,2025,SSG,144,5368,661,628,616,619,612,589,568,554,521
KBO,2025,두산,144,5421,661,639,630,617,608,595,578,563,530
KBO,2025,롯데,144,5474,660,659,642,631,605,603,581,557,536
KBO,2025,삼성,144,5463,670,642,638,630,617,587,574,572,533
KBO,2025,키움,144,5374,665,645,616,614,595,585,568,551,535
KBO,2025,한화,144,5331,656,645,616,615,599,589,564,520,527
MLB,2021,ATL,161,5912,721,716,699,682,650,643,624,605,572
MLB,2021,AZ,162,6026,746,719,707,692,675,659,635,617,576
MLB,2021,BAL,162,5871,714,705,683,671,662,635,621,602,578
MLB,2021,BOS,160,5959,730,723,697,683,657,648,623,606,592
MLB,2021,CHC,161,5764,715,688,680,659,642,634,610,585,551
MLB,2021,CIN,161,5955,732,727,702,681,666,649,620,608,570
MLB,2021,CLE,161,5761,721,695,668,655,640,628,602,584,568
MLB,2021,COL,161,5865,725,704,684,665,656,643,628,614,546
MLB,2021,CWS,162,5943,733,706,686,684,668,650,633,603,580
MLB,2021,DET,162,5866,722,708,689,675,654,635,609,595,579
MLB,2021,HOU,162,6162,760,739,720,692,683,674,645,631,618
MLB,2021,KC,162,5848,719,700,685,665,647,626,615,608,583
MLB,2021,LAA,162,5901,732,717,695,681,655,641,616,592,572
MLB,2021,LAD,160,5996,737,727,705,682,651,651,642,624,577
MLB,2021,MIA,161,5773,708,685,678,669,654,635,611,586,547
MLB,2021,MIL,162,5948,721,720,702,679,660,648,630,610,578
MLB,2021,MIN,162,5956,735,706,697,677,673,652,625,604,587
MLB,2021,NYM,162,5705,712,688,671,647,636,613,606,587,545
MLB,2021,NYY,161,5927,737,707,691,672,657,647,622,612,582
MLB,2021,OAK,162,5940,707,712,688,673,662,653,639,621,585
MLB,2021,PHI,162,5930,730,720,699,677,670,642,632,606,554
MLB,2021,PIT,161,5839,720,702,678,666,655,639,619,602,558
MLB,2021,SD,161,5945,737,709,690,683,668,649,620,611,578
MLB,2021,SEA,162,5890,726,700,687,666,653,637,626,607,588
MLB,2021,SF,162,6064,742,727,716,693,678,656,645,625,582
MLB,2021,STL,160,5769,716,696,675,664,645,624,607,598,544
MLB,2021,TB,162,6092,747,731,710,693,675,663,640,626,607
MLB,2021,TEX,162,5838,708,693,679,668,655,638,615,609,573
MLB,2021,TOR,161,5932,734,713,691,670,655,637,633,612,587
MLB,2021,WSH,161,5937,725,718,707,688,671,642,625,599,562
MLB,2022,ATL,162,5979,731,722,691,680,661,656,634,612,592
MLB,2022,AZ,161,5861,716,705,693,674,652,642,623,592,564
MLB,2022,BAL,160,5848,720,697,686,668,652,636,614,589,586
MLB,2022,BOS,160,5971,728,714,698,681,670,653,634,610,583
MLB,2022,CHC,161,5909,714,688,685,679,675,640,635,614,579
MLB,2022,CIN,161,5798,714,696,678,661,641,630,611,595,572
MLB,2022,CLE,162,6008,738,715,701,692,664,659,636,610,593
MLB,2022,COL,162,5993,728,711,701,680,673,653,635,615,597
MLB,2022,CWS,162,5999,739,715,697,688,677,656,637,604,586
MLB,2022,DET,161,5722,710,685,677,659,638,606,588,587,572
MLB,2022,HOU,162,5937,727,711,682,670,662,651,632,617,585
MLB,2022,KC,160,5836,715,700,681,667,654,640,614,594,571
MLB,2022,LAA,162,5872,721,703,690,670,661,643,620,596,568
MLB,2022,LAD,162,6133,748,730,710,697,687,670,652,630,609
MLB,2022,MIA,162,5831,710,695,683,671,654,639,612,596,571
MLB,2022,MIL,162,5994,736,721,706,683,670,653,627,605,593
MLB,2022,MIN,162,5994,737,726,700,676,667,645,635,613,595
MLB,2022,NYM,162,5999,728,710,703,679,680,650,640,617,592
MLB,2022,NYY,160,5977,737,717,689,685,664,646,639,606,594
MLB,2022,OAK,162,5747,695,690,678,665,647,622,608,584,558
MLB,2022,PHI,161,5942,729,705,688,682,669,648,624,612,585
MLB,2022,PIT,162,5807,716,691,689,664,645,636,610,593,563
MLB,2022,SD,162,6042,733,719,722,692,675,658,642,608,593
MLB,2022,SEA,162,5971,733,704,703,683,667,653,628,615,585
MLB,2022,SF,162,5963,734,712,698,677,656,654,624,611,597
MLB,2022,STL,162,6033,735,726,704,692,673,652,638,620,593
MLB,2022,TB,160,5864,715,700,683,668,661,647,625,595,570
MLB,2022,TEX,162,5934,729,706,696,679,662,643,629,608,582
MLB,2022,TOR,161,6021,735,733,705,684,668,655,631,618,592
MLB,2022,WSH,160,5829,708,701,684,669,652,635,616,594,570
MLB,2023,ATL,161,6114,752,731,707,699,682,662,642,631,608
MLB,2023,AZ,162,5976,721,721,701,684,675,649,631,612,582
MLB,2023,BAL,162,6007,739,734,708,679,671,650,636,609,581
MLB,2023,BOS,161,6027,743,717,701,683,669,653,646,622,593
MLB,2023,CHC,162,6074,751,728,711,687,673,662,645,618,599
MLB,2023,CIN,162,6055,734,715,699,692,680,660,650,628,597
MLB,2023,CLE,162,5984,737,723,704,680,664,642,628,614,592
MLB,2023,COL,162,5943,722,717,699,685,662,645,620,604,589
MLB,2023,CWS,161,5854,728,706,674,667,652,631,619,597,580
MLB,2023,DET,162,5986,731,716,693,681,664,651,632,622,596
MLB,2023,HOU,162,6117,757,735,705,702,679,658,651,625,605
MLB,2023,KC,162,5839,718,704,678,669,646,636,618,596,574
MLB,2023,LAA,162,6007,732,717,706,685,671,654,634,624,584
MLB,2023,LAD,162,6168,765,738,711,704,685,668,647,635,615
MLB,2023,MIA,161,5897,720,706,694,679,663,639,618,600,578
MLB,2023,MIL,162,5977,738,710,695,678,667,652,637,613,587
MLB,2023,MIN,162,6083,738,727,711,695,674,662,636,635,605
MLB,2023,NYM,160,5840,719,704,677,658,657,635,619,595,576
MLB,2023,NYY,162,5880,715,706,688,677,660,639,616,602,577
MLB,2023,OAK,162,5809,705,704,676,673,649,632,609,595,566
MLB,2023,PHI,162,6080,755,728,707,693,673,657,638,627,602
MLB,2023,PIT,162,5962,729,717,700,688,674,660,624,599,571
MLB,2023,SD,162,6054,739,726,714,698,676,663,629,618,591
MLB,2023,SEA,162,6048,752,723,697,703,673,652,632,610,606
MLB,2023,SF,162,5956,728,714,694,679,667,648,633,609,584
MLB,2023,STL,162,6080,745,737,710,690,680,656,641,618,603
MLB,2023,TB,162,6025,742,724,696,685,669,649,634,623,603
MLB,2023,TEX,162,6194,755,735,732,707,685,673,651,642,614
MLB,2023,TOR,162,6112,749,733,713,695,676,669,644,627,606
MLB,2023,WSH,162,5945,724,706,696,684,665,656,630,601,583
MLB,2024,ATL,161,5926,726,705,689,668,654,649,636,609,590
MLB,2024,AZ,162,6091,746,738,725,702,666,647,644,628,595
MLB,2024,BAL,162,6056,739,727,713,683,677,654,632,625,606
MLB,2024,BOS,162,6070,745,726,712,704,676,653,636,613,605
MLB,2024,CHC,162,5987,741,720,711,682,660,653,629,602,589
MLB,2024,CIN,162,5821,707,714,689,667,650,626,609,584,575
MLB,2024,CLE,161,5776,711,685,692,662,645,629,605,586,561
MLB,2024,COL,162,5882,708,703,696,672,671,641,622,593,576
MLB,2024,CWS,161,5749,705,690,690,660,646,624,593,579,562
MLB,2024,DET,160,5857,726,702,680,666,651,626,625,601,580
MLB,2024,HOU,161,5978,738,719,701,681,664,650,628,610,587
MLB,2024,KC,161,5830,727,699,674,659,646,638,615,599,573
MLB,2024,LAA,162,5839,712,699,685,667,648,638,612,596,582
MLB,2024,LAD,162,6124,753,730,708,700,688,658,651,628,608
MLB,2024,MIA,162,5925,726,704,695,681,662,651,630,607,569
MLB,2024,MIL,162,6069,745,720,710,693,668,657,645,626,605
MLB,2024,MIN,161,5924,729,700,693,673,664,644,624,609,588
MLB,2024,NYM,162,6024,739,729,707,689,658,651,633,624,594
MLB,2024,NYY,161,6089,753,736,714,695,670,656,636,625,604
MLB,2024,OAK,162,5925,724,702,699,675,661,638,627,615,584
MLB,2024,PHI,162,6049,745,732,709,691,672,658,630,617,595
MLB,2024,PIT,162,5962,727,711,700,688,666,646,642,599,583
MLB,2024,SD,162,5984,739,713,700,690,665,638,640,612,587
MLB,2024,SEA,162,5901,717,709,692,668,657,639,627,608,584
MLB,2024,SF,162,5952,731,705,697,688,671,655,626,605,574
MLB,2024,STL,162,5985,732,718,696,684,675,656,635,612,577
MLB,2024,TB,162,5882,723,699,682,667,664,645,622,603,577
MLB,2024,TEX,162,5962,735,712,685,673,660,654,637,612,594
MLB,2024,TOR,161,5900,728,709,700,674,656,638,619,599,577
MLB,2024,WSH,162,5830,711,707,684,662,658,638,615,594,561
MLB,2025,ATH,162,6049,748,721,697,690,672,656,641,624,600
MLB,2025,ATL,162,6083,738,727,714,697,685,662,646,620,594
MLB,2025,AZ,162,6025,743,722,723,684,666,648,641,608,590
MLB,2025,BAL,162,5900,736,706,689,672,661,634,622,601,579
MLB,2025,BOS,162,6080,744,725,705,695,676,661,646,625,603
MLB,2025,CHC,162,6049,740,724,704,676,679,661,639,624,602
MLB,2025,CIN,161,5950,716,708,702,679,670,647,628,610,590
MLB,2025,CLE,162,5804,717,700,691,664,649,626,609,583,565
MLB,2025,COL,162,5803,719,687,690,669,652,632,607,580,567
MLB,2025,CWS,159,5789,716,690,685,670,638,622,608,591,569
MLB,2025,DET,162,5967,730,713,700,690,666,639,628,609,592
MLB,2025,HOU,161,5930,723,709,693,687,661,643,629,604,581
MLB,2025,KC,162,5866,712,702,691,673,660,639,619,599,571
MLB,2025,LAA,162,5858,713,697,691,670,661,640,612,600,574
MLB,2025,LAD,162,6061,747,731,711,694,677,653,636,619,593
MLB,2025,MIA,162,6025,741,725,704,685,671,652,632,625,590
MLB,2025,MIL,162,6074,742,732,716,693,669,654,647,618,603
MLB,2025,MIN,160,5876,717,711,684,663,654,643,620,602,582
MLB,2025,NYM,162,6020,730,725,698,688,671,656,637,618,597
MLB,2025,NYY,161,6088,750,730,709,692,679,663,642,619,604
MLB,2025,PHI,162,6045,752,723,709,675,675,650,642,622,597
MLB,2025,PIT,162,5905,722,705,691,688,670,645,621,594,569
MLB,2025,SD,162,5934,738,707,697,677,663,649,618,595,590
MLB,2025,SEA,162,6046,737,725,716,685,668,655,635,622,603
MLB,2025,SF,161,5898,726,710,692,674,658,646,620,594,578
MLB,2025,STL,162,5911,734,705,684,665,662,654,628,611,568
MLB,2025,TB,162,5938,728,706,695,679,674,641,629,609,577
MLB,2025,TEX,162,5929,720,714,696,682,661,645,628,600,583
MLB,2025,TOR,161,5991,746,722,711,688,668,652,619,607,578
MLB,2025,WSH,162,5865,718,706,687,673,655,636,617,601,572
