year,team,pool,N,league,variant
2021,KIA,9,3,KBO,primary
2021,KT,7,3,KBO,primary
2021,LG,7,3,KBO,primary
2021,NC,6,2,KBO,primary
2021,SSG,8,3,KBO,primary
2021,두산,9,3,KBO,primary
2021,롯데,8,3,KBO,primary
2021,삼성,9,3,KBO,primary
2021,키움,6,2,KBO,primary
2021,한화,5,3,KBO,primary
2022,KIA,9,3,KBO,primary
2022,KT,9,3,KBO,primary
2022,LG,8,3,KBO,primary
2022,NC,8,3,KBO,primary
2022,SSG,7,3,KBO,primary
2022,두산,7,3,KBO,primary
2022,롯데,7,3,KBO,primary
2022,삼성,8,3,KBO,primary
2022,키움,8,3,KBO,primary
2022,한화,8,3,KBO,primary
2023,KIA,6,3,KBO,primary
2023,KT,8,3,KBO,primary
2023,LG,10,3,KBO,primary
2023,NC,8,3,KBO,primary
2023,SSG,10,3,KBO,primary
2023,두산,8,3,KBO,primary
2023,롯데,10,3,KBO,primary
2023,삼성,7,3,KBO,primary
2023,키움,5,2,KBO,primary
2023,한화,8,3,KBO,primary
2024,KIA,9,3,KBO,primary
2024,KT,8,3,KBO,primary
2024,LG,10,3,KBO,primary
2024,NC,10,3,KBO,primary
2024,SSG,9,3,KBO,primary
2024,두산,8,3,KBO,primary
2024,롯데,9,3,KBO,primary
2024,삼성,9,3,KBO,primary
2024,키움,6,3,KBO,primary
2024,한화,9,2,KBO,primary
2025,KIA,7,3,KBO,primary
2025,KT,9,2,KBO,primary
2025,LG,9,3,KBO,primary
2025,NC,7,3,KBO,primary
2025,SSG,7,3,KBO,primary
2025,두산,7,3,KBO,primary
2025,롯데,8,3,KBO,primary
2025,삼성,8,3,KBO,primary
2025,키움,8,1,KBO,primary
2025,한화,7,3,KBO,primary
2021,KIA,11,3,KBO,pool_pa200
2021,KT,11,3,KBO,pool_pa200
2021,LG,12,3,KBO,pool_pa200
2021,NC,11,3,KBO,pool_pa200
2021,SSG,11,3,KBO,pool_pa200
2021,두산,13,3,KBO,pool_pa200
2021,롯데,9,3,KBO,pool_pa200
2021,삼성,11,3,KBO,pool_pa200
2021,키움,12,2,KBO,pool_pa200
2021,한화,9,3,KBO,pool_pa200
2022,KIA,10,3,KBO,pool_pa200
2022,KT,11,3,KBO,pool_pa200
2022,LG,10,3,KBO,pool_pa200
2022,NC,12,3,KBO,pool_pa200
2022,SSG,14,3,KBO,pool_pa200
2022,두산,11,3,KBO,pool_pa200
2022,롯데,13,3,KBO,pool_pa200
2022,삼성,13,3,KBO,pool_pa200
2022,키움,10,3,KBO,pool_pa200
2022,한화,10,3,KBO,pool_pa200
2023,KIA,13,3,KBO,pool_pa200
2023,KT,12,3,KBO,pool_pa200
2023,LG,10,3,KBO,pool_pa200
2023,NC,12,3,KBO,pool_pa200
2023,SSG,11,3,KBO,pool_pa200
2023,두산,10,3,KBO,pool_pa200
2023,롯데,13,3,KBO,pool_pa200
2023,삼성,10,3,KBO,pool_pa200
2023,키움,15,3,KBO,pool_pa200
2023,한화,10,3,KBO,pool_pa200
2024,KIA,12,3,KBO,pool_pa200
2024,KT,11,3,KBO,pool_pa200
2024,LG,10,3,KBO,pool_pa200
2024,NC,11,3,KBO,pool_pa200
2024,SSG,12,3,KBO,pool_pa200
2024,두산,12,3,KBO,pool_pa200
2024,롯데,9,3,KBO,pool_pa200
2024,삼성,11,3,KBO,pool_pa200
2024,키움,11,3,KBO,pool_pa200
2024,한화,11,2,KBO,pool_pa200
2025,KIA,11,3,KBO,pool_pa200
2025,KT,11,2,KBO,pool_pa200
2025,LG,10,3,KBO,pool_pa200
2025,NC,11,3,KBO,pool_pa200
2025,SSG,11,3,KBO,pool_pa200
2025,두산,12,3,KBO,pool_pa200
2025,롯데,13,3,KBO,pool_pa200
2025,삼성,10,3,KBO,pool_pa200
2025,키움,10,1,KBO,pool_pa200
2025,한화,13,3,KBO,pool_pa200
2021,KIA,6,3,KBO,pool_pa400
2021,KT,6,3,KBO,pool_pa400
2021,LG,6,3,KBO,pool_pa400
2021,NC,4,2,KBO,pool_pa400
2021,SSG,7,3,KBO,pool_pa400
2021,두산,6,3,KBO,pool_pa400
2021,롯데,7,3,KBO,pool_pa400
2021,삼성,7,3,KBO,pool_pa400
2021,키움,5,2,KBO,pool_pa400
2021,한화,4,3,KBO,pool_pa400
2022,KIA,9,3,KBO,pool_pa400
2022,KT,7,3,KBO,pool_pa400
2022,LG,7,3,KBO,pool_pa400
2022,NC,6,3,KBO,pool_pa400
2022,SSG,5,3,KBO,pool_pa400
2022,두산,7,3,KBO,pool_pa400
2022,롯데,4,3,KBO,pool_pa400
2022,삼성,6,3,KBO,pool_pa400
2022,키움,5,3,KBO,pool_pa400
2022,한화,7,3,KBO,pool_pa400
2023,KIA,5,3,KBO,pool_pa400
2023,KT,6,3,KBO,pool_pa400
2023,LG,8,3,KBO,pool_pa400
2023,NC,6,3,KBO,pool_pa400
2023,SSG,6,3,KBO,pool_pa400
2023,두산,7,3,KBO,pool_pa400
2023,롯데,5,3,KBO,pool_pa400
2023,삼성,5,3,KBO,pool_pa400
2023,키움,3,1,KBO,pool_pa400
2023,한화,6,3,KBO,pool_pa400
2024,KIA,8,3,KBO,pool_pa400
2024,KT,7,3,KBO,pool_pa400
2024,LG,8,3,KBO,pool_pa400
2024,NC,7,3,KBO,pool_pa400
2024,SSG,6,3,KBO,pool_pa400
2024,두산,6,3,KBO,pool_pa400
2024,롯데,8,3,KBO,pool_pa400
2024,삼성,5,3,KBO,pool_pa400
2024,키움,5,3,KBO,pool_pa400
2024,한화,5,2,KBO,pool_pa400
2025,KIA,4,2,KBO,pool_pa400
2025,KT,6,2,KBO,pool_pa400
2025,LG,8,3,KBO,pool_pa400
2025,NC,7,3,KBO,pool_pa400
2025,SSG,7,3,KBO,pool_pa400
2025,두산,5,3,KBO,pool_pa400
2025,롯데,3,3,KBO,pool_pa400
2025,삼성,7,3,KBO,pool_pa400
2025,키움,4,1,KBO,pool_pa400
2025,한화,3,3,KBO,pool_pa400
2021,KIA,9,3,KBO,obp_pool_top50
2021,KT,7,2,KBO,obp_pool_top50
2021,LG,7,3,KBO,obp_pool_top50
2021,NC,6,1,KBO,obp_pool_top50
2021,SSG,8,3,KBO,obp_pool_top50
2021,두산,9,3,KBO,obp_pool_top50
2021,롯데,8,3,KBO,obp_pool_top50
2021,삼성,9,3,KBO,obp_pool_top50
2021,키움,6,2,KBO,obp_pool_top50
2021,한화,5,3,KBO,obp_pool_top50
2022,KIA,9,3,KBO,obp_pool_top50
2022,KT,9,2,KBO,obp_pool_top50
2022,LG,8,3,KBO,obp_pool_top50
2022,NC,8,3,KBO,obp_pool_top50
2022,SSG,7,3,KBO,obp_pool_top50
2022,두산,7,2,KBO,obp_pool_top50
2022,롯데,7,3,KBO,obp_pool_top50
2022,삼성,8,1,KBO,obp_pool_top50
2022,키움,8,3,KBO,obp_pool_top50
2022,한화,8,3,KBO,obp_pool_top50
2023,KIA,6,2,KBO,obp_pool_top50
2023,KT,8,3,KBO,obp_pool_top50
2023,LG,10,3,KBO,obp_pool_top50
2023,NC,8,3,KBO,obp_pool_top50
2023,SSG,10,3,KBO,obp_pool_top50
2023,두산,8,2,KBO,obp_pool_top50
2023,롯데,10,3,KBO,obp_pool_top50
2023,삼성,7,3,KBO,obp_pool_top50
2023,키움,5,2,KBO,obp_pool_top50
2023,한화,8,2,KBO,obp_pool_top50
2024,KIA,9,1,KBO,obp_pool_top50
2024,KT,8,2,KBO,obp_pool_top50
2024,LG,10,3,KBO,obp_pool_top50
2024,NC,10,3,KBO,obp_pool_top50
2024,SSG,9,3,KBO,obp_pool_top50
2024,두산,8,3,KBO,obp_pool_top50
2024,롯데,9,2,KBO,obp_pool_top50
2024,삼성,9,3,KBO,obp_pool_top50
2024,키움,6,3,KBO,obp_pool_top50
2024,한화,9,2,KBO,obp_pool_top50
2025,KIA,7,3,KBO,obp_pool_top50
2025,KT,9,2,KBO,obp_pool_top50
2025,LG,9,3,KBO,obp_pool_top50
2025,NC,7,2,KBO,obp_pool_top50
2025,SSG,7,3,KBO,obp_pool_top50
2025,두산,7,2,KBO,obp_pool_top50
2025,롯데,8,3,KBO,obp_pool_top50
2025,삼성,8,3,KBO,obp_pool_top50
2025,키움,8,1,KBO,obp_pool_top50
2025,한화,7,3,KBO,obp_pool_top50
2021,KIA,9,3,KBO,obp_pool_top40
2021,KT,7,2,KBO,obp_pool_top40
2021,LG,7,2,KBO,obp_pool_top40
2021,NC,6,1,KBO,obp_pool_top40
2021,SSG,8,3,KBO,obp_pool_top40
2021,두산,9,3,KBO,obp_pool_top40
2021,롯데,8,3,KBO,obp_pool_top40
2021,삼성,9,0,KBO,obp_pool_top40
2021,키움,6,2,KBO,obp_pool_top40
2021,한화,5,3,KBO,obp_pool_top40
2022,KIA,9,2,KBO,obp_pool_top40
2022,KT,9,1,KBO,obp_pool_top40
2022,LG,8,3,KBO,obp_pool_top40
2022,NC,8,3,KBO,obp_pool_top40
2022,SSG,7,3,KBO,obp_pool_top40
2022,두산,7,1,KBO,obp_pool_top40
2022,롯데,7,2,KBO,obp_pool_top40
2022,삼성,8,1,KBO,obp_pool_top40
2022,키움,8,3,KBO,obp_pool_top40
2022,한화,8,3,KBO,obp_pool_top40
2023,KIA,6,2,KBO,obp_pool_top40
2023,KT,8,1,KBO,obp_pool_top40
2023,LG,10,3,KBO,obp_pool_top40
2023,NC,8,3,KBO,obp_pool_top40
2023,SSG,10,3,KBO,obp_pool_top40
2023,두산,8,2,KBO,obp_pool_top40
2023,롯데,10,3,KBO,obp_pool_top40
2023,삼성,7,3,KBO,obp_pool_top40
2023,키움,5,2,KBO,obp_pool_top40
2023,한화,8,2,KBO,obp_pool_top40
2024,KIA,9,1,KBO,obp_pool_top40
2024,KT,8,2,KBO,obp_pool_top40
2024,LG,10,3,KBO,obp_pool_top40
2024,NC,10,3,KBO,obp_pool_top40
2024,SSG,9,3,KBO,obp_pool_top40
2024,두산,8,2,KBO,obp_pool_top40
2024,롯데,9,2,KBO,obp_pool_top40
2024,삼성,9,2,KBO,obp_pool_top40
2024,키움,6,3,KBO,obp_pool_top40
2024,한화,9,1,KBO,obp_pool_top40
2025,KIA,7,3,KBO,obp_pool_top40
2025,KT,9,1,KBO,obp_pool_top40
2025,LG,9,3,KBO,obp_pool_top40
2025,NC,7,2,KBO,obp_pool_top40
2025,SSG,7,2,KBO,obp_pool_top40
2025,두산,7,1,KBO,obp_pool_top40
2025,롯데,8,3,KBO,obp_pool_top40
2025,삼성,8,3,KBO,obp_pool_top40
2025,키움,8,1,KBO,obp_pool_top40
2025,한화,7,2,KBO,obp_pool_top40
2021,KIA,9,2,KBO,obp_pool_top33
2021,KT,7,2,KBO,obp_pool_top33
2021,LG,7,2,KBO,obp_pool_top33
2021,NC,6,1,KBO,obp_pool_top33
2021,SSG,8,2,KBO,obp_pool_top33
2021,두산,9,3,KBO,obp_pool_top33
2021,롯데,8,3,KBO,obp_pool_top33
2021,삼성,9,0,KBO,obp_pool_top33
2021,키움,6,2,KBO,obp_pool_top33
2021,한화,5,3,KBO,obp_pool_top33
2022,KIA,9,2,KBO,obp_pool_top33
2022,KT,9,1,KBO,obp_pool_top33
2022,LG,8,3,KBO,obp_pool_top33
2022,NC,8,3,KBO,obp_pool_top33
2022,SSG,7,3,KBO,obp_pool_top33
2022,두산,7,0,KBO,obp_pool_top33
2022,롯데,7,1,KBO,obp_pool_top33
2022,삼성,8,1,KBO,obp_pool_top33
2022,키움,8,3,KBO,obp_pool_top33
2022,한화,8,2,KBO,obp_pool_top33
2023,KIA,6,2,KBO,obp_pool_top33
2023,KT,8,0,KBO,obp_pool_top33
2023,LG,10,3,KBO,obp_pool_top33
2023,NC,8,3,KBO,obp_pool_top33
2023,SSG,10,3,KBO,obp_pool_top33
2023,두산,8,2,KBO,obp_pool_top33
2023,롯데,10,2,KBO,obp_pool_top33
2023,삼성,7,2,KBO,obp_pool_top33
2023,키움,5,2,KBO,obp_pool_top33
2023,한화,8,2,KBO,obp_pool_top33
2024,KIA,9,1,KBO,obp_pool_top33
2024,KT,8,2,KBO,obp_pool_top33
2024,LG,10,2,KBO,obp_pool_top33
2024,NC,10,2,KBO,obp_pool_top33
2024,SSG,9,3,KBO,obp_pool_top33
2024,두산,8,2,KBO,obp_pool_top33
2024,롯데,9,2,KBO,obp_pool_top33
2024,삼성,9,2,KBO,obp_pool_top33
2024,키움,6,3,KBO,obp_pool_top33
2024,한화,9,0,KBO,obp_pool_top33
2025,KIA,7,3,KBO,obp_pool_top33
2025,KT,9,1,KBO,obp_pool_top33
2025,LG,9,3,KBO,obp_pool_top33
2025,NC,7,2,KBO,obp_pool_top33
2025,SSG,7,2,KBO,obp_pool_top33
2025,두산,7,1,KBO,obp_pool_top33
2025,롯데,8,3,KBO,obp_pool_top33
2025,삼성,8,3,KBO,obp_pool_top33
2025,키움,8,1,KBO,obp_pool_top33
2025,한화,7,2,KBO,obp_pool_top33
2021,KIA,9,1,KBO,onbase_bb_pct
2021,KT,7,2,KBO,onbase_bb_pct
2021,LG,7,2,KBO,onbase_bb_pct
2021,NC,6,1,KBO,onbase_bb_pct
2021,SSG,8,3,KBO,onbase_bb_pct
2021,두산,9,2,KBO,onbase_bb_pct
2021,롯데,8,2,KBO,onbase_bb_pct
2021,삼성,9,1,KBO,onbase_bb_pct
2021,키움,6,3,KBO,onbase_bb_pct
2021,한화,5,3,KBO,onbase_bb_pct
2022,KIA,9,2,KBO,onbase_bb_pct
2022,KT,9,2,KBO,onbase_bb_pct
2022,LG,8,3,KBO,onbase_bb_pct
2022,NC,8,3,KBO,onbase_bb_pct
2022,SSG,7,3,KBO,onbase_bb_pct
2022,두산,7,1,KBO,onbase_bb_pct
2022,롯데,7,1,KBO,onbase_bb_pct
2022,삼성,8,2,KBO,onbase_bb_pct
2022,키움,8,2,KBO,onbase_bb_pct
2022,한화,8,3,KBO,onbase_bb_pct
2023,KIA,6,2,KBO,onbase_bb_pct
2023,KT,8,2,KBO,onbase_bb_pct
2023,LG,10,2,KBO,onbase_bb_pct
2023,NC,8,2,KBO,onbase_bb_pct
2023,SSG,10,2,KBO,onbase_bb_pct
2023,두산,8,3,KBO,onbase_bb_pct
2023,롯데,10,3,KBO,onbase_bb_pct
2023,삼성,7,3,KBO,onbase_bb_pct
2023,키움,5,3,KBO,onbase_bb_pct
2023,한화,8,2,KBO,onbase_bb_pct
2024,KIA,9,1,KBO,onbase_bb_pct
2024,KT,8,2,KBO,onbase_bb_pct
2024,LG,10,3,KBO,onbase_bb_pct
2024,NC,10,1,KBO,onbase_bb_pct
2024,SSG,9,2,KBO,onbase_bb_pct
2024,두산,8,1,KBO,onbase_bb_pct
2024,롯데,9,1,KBO,onbase_bb_pct
2024,삼성,9,2,KBO,onbase_bb_pct
2024,키움,6,1,KBO,onbase_bb_pct
2024,한화,9,2,KBO,onbase_bb_pct
2025,KIA,7,3,KBO,onbase_bb_pct
2025,KT,9,3,KBO,onbase_bb_pct
2025,LG,9,3,KBO,onbase_bb_pct
2025,NC,7,2,KBO,onbase_bb_pct
2025,SSG,7,2,KBO,onbase_bb_pct
2025,두산,7,2,KBO,onbase_bb_pct
2025,롯데,8,2,KBO,onbase_bb_pct
2025,삼성,8,3,KBO,onbase_bb_pct
2025,키움,8,1,KBO,onbase_bb_pct
2025,한화,7,2,KBO,onbase_bb_pct
2021,KIA,9,1,KBO,onbase_obp_minus_avg
2021,KT,7,2,KBO,onbase_obp_minus_avg
2021,LG,7,2,KBO,onbase_obp_minus_avg
2021,NC,6,1,KBO,onbase_obp_minus_avg
2021,SSG,8,3,KBO,onbase_obp_minus_avg
2021,두산,9,1,KBO,onbase_obp_minus_avg
2021,롯데,8,1,KBO,onbase_obp_minus_avg
2021,삼성,9,0,KBO,onbase_obp_minus_avg
2021,키움,6,2,KBO,onbase_obp_minus_avg
2021,한화,5,3,KBO,onbase_obp_minus_avg
2022,KIA,9,2,KBO,onbase_obp_minus_avg
2022,KT,9,3,KBO,onbase_obp_minus_avg
2022,LG,8,2,KBO,onbase_obp_minus_avg
2022,NC,8,1,KBO,onbase_obp_minus_avg
2022,SSG,7,3,KBO,onbase_obp_minus_avg
2022,두산,7,1,KBO,onbase_obp_minus_avg
2022,롯데,7,0,KBO,onbase_obp_minus_avg
2022,삼성,8,2,KBO,onbase_obp_minus_avg
2022,키움,8,1,KBO,onbase_obp_minus_avg
2022,한화,8,3,KBO,onbase_obp_minus_avg
2023,KIA,6,1,KBO,onbase_obp_minus_avg
2023,KT,8,0,KBO,onbase_obp_minus_avg
2023,LG,10,2,KBO,onbase_obp_minus_avg
2023,NC,8,2,KBO,onbase_obp_minus_avg
2023,SSG,10,2,KBO,onbase_obp_minus_avg
2023,두산,8,3,KBO,onbase_obp_minus_avg
2023,롯데,10,2,KBO,onbase_obp_minus_avg
2023,삼성,7,2,KBO,onbase_obp_minus_avg
2023,키움,5,2,KBO,onbase_obp_minus_avg
2023,한화,8,3,KBO,onbase_obp_minus_avg
2024,KIA,9,0,KBO,onbase_obp_minus_avg
2024,KT,8,1,KBO,onbase_obp_minus_avg
2024,LG,10,1,KBO,onbase_obp_minus_avg
2024,NC,10,1,KBO,onbase_obp_minus_avg
2024,SSG,9,2,KBO,onbase_obp_minus_avg
2024,두산,8,1,KBO,onbase_obp_minus_avg
2024,롯데,9,1,KBO,onbase_obp_minus_avg
2024,삼성,9,1,KBO,onbase_obp_minus_avg
2024,키움,6,0,KBO,onbase_obp_minus_avg
2024,한화,9,2,KBO,onbase_obp_minus_avg
2025,KIA,7,2,KBO,onbase_obp_minus_avg
2025,KT,9,3,KBO,onbase_obp_minus_avg
2025,LG,9,3,KBO,onbase_obp_minus_avg
2025,NC,7,2,KBO,onbase_obp_minus_avg
2025,SSG,7,2,KBO,onbase_obp_minus_avg
2025,두산,7,1,KBO,onbase_obp_minus_avg
2025,롯데,8,1,KBO,onbase_obp_minus_avg
2025,삼성,8,2,KBO,onbase_obp_minus_avg
2025,키움,8,1,KBO,onbase_obp_minus_avg
2025,한화,7,2,KBO,onbase_obp_minus_avg
2021,KIA,9,3,KBO,prod_woba
2021,KT,7,3,KBO,prod_woba
2021,LG,7,3,KBO,prod_woba
2021,NC,6,2,KBO,prod_woba
2021,SSG,8,3,KBO,prod_woba
2021,두산,9,3,KBO,prod_woba
2021,롯데,8,3,KBO,prod_woba
2021,삼성,9,3,KBO,prod_woba
2021,키움,6,2,KBO,prod_woba
2021,한화,5,3,KBO,prod_woba
2022,KIA,9,3,KBO,prod_woba
2022,KT,9,3,KBO,prod_woba
2022,LG,8,3,KBO,prod_woba
2022,NC,8,3,KBO,prod_woba
2022,SSG,7,3,KBO,prod_woba
2022,두산,7,3,KBO,prod_woba
2022,롯데,7,3,KBO,prod_woba
2022,삼성,8,3,KBO,prod_woba
2022,키움,8,3,KBO,prod_woba
2022,한화,8,3,KBO,prod_woba
2023,KIA,6,3,KBO,prod_woba
2023,KT,8,3,KBO,prod_woba
2023,LG,10,3,KBO,prod_woba
2023,NC,8,3,KBO,prod_woba
2023,SSG,10,3,KBO,prod_woba
2023,두산,8,3,KBO,prod_woba
2023,롯데,10,3,KBO,prod_woba
2023,삼성,7,3,KBO,prod_woba
2023,키움,5,2,KBO,prod_woba
2023,한화,8,3,KBO,prod_woba
2024,KIA,9,3,KBO,prod_woba
2024,KT,8,3,KBO,prod_woba
2024,LG,10,3,KBO,prod_woba
2024,NC,10,3,KBO,prod_woba
2024,SSG,9,3,KBO,prod_woba
2024,두산,8,3,KBO,prod_woba
2024,롯데,9,3,KBO,prod_woba
2024,삼성,9,3,KBO,prod_woba
2024,키움,6,3,KBO,prod_woba
2024,한화,9,2,KBO,prod_woba
2025,KIA,7,3,KBO,prod_woba
2025,KT,9,2,KBO,prod_woba
2025,LG,9,3,KBO,prod_woba
2025,NC,7,3,KBO,prod_woba
2025,SSG,7,3,KBO,prod_woba
2025,두산,7,3,KBO,prod_woba
2025,롯데,8,3,KBO,prod_woba
2025,삼성,8,3,KBO,prod_woba
2025,키움,8,1,KBO,prod_woba
2025,한화,7,3,KBO,prod_woba
2021,KIA,9,3,KBO,prod_wrc_pf
2021,KT,7,3,KBO,prod_wrc_pf
2021,LG,7,3,KBO,prod_wrc_pf
2021,NC,6,2,KBO,prod_wrc_pf
2021,SSG,8,3,KBO,prod_wrc_pf
2021,두산,9,3,KBO,prod_wrc_pf
2021,롯데,8,3,KBO,prod_wrc_pf
2021,삼성,9,3,KBO,prod_wrc_pf
2021,키움,6,2,KBO,prod_wrc_pf
2021,한화,5,3,KBO,prod_wrc_pf
2022,KIA,9,3,KBO,prod_wrc_pf
2022,KT,9,3,KBO,prod_wrc_pf
2022,LG,8,3,KBO,prod_wrc_pf
2022,NC,8,3,KBO,prod_wrc_pf
2022,SSG,7,3,KBO,prod_wrc_pf
2022,두산,7,3,KBO,prod_wrc_pf
2022,롯데,7,3,KBO,prod_wrc_pf
2022,삼성,8,3,KBO,prod_wrc_pf
2022,키움,8,3,KBO,prod_wrc_pf
2022,한화,8,3,KBO,prod_wrc_pf
2023,KIA,6,3,KBO,prod_wrc_pf
2023,KT,8,3,KBO,prod_wrc_pf
2023,LG,10,3,KBO,prod_wrc_pf
2023,NC,8,3,KBO,prod_wrc_pf
2023,SSG,10,3,KBO,prod_wrc_pf
2023,두산,8,3,KBO,prod_wrc_pf
2023,롯데,10,3,KBO,prod_wrc_pf
2023,삼성,7,3,KBO,prod_wrc_pf
2023,키움,5,2,KBO,prod_wrc_pf
2023,한화,8,3,KBO,prod_wrc_pf
2024,KIA,9,3,KBO,prod_wrc_pf
2024,KT,8,3,KBO,prod_wrc_pf
2024,LG,10,3,KBO,prod_wrc_pf
2024,NC,10,3,KBO,prod_wrc_pf
2024,SSG,9,3,KBO,prod_wrc_pf
2024,두산,8,3,KBO,prod_wrc_pf
2024,롯데,9,3,KBO,prod_wrc_pf
2024,삼성,9,3,KBO,prod_wrc_pf
2024,키움,6,3,KBO,prod_wrc_pf
2024,한화,9,2,KBO,prod_wrc_pf
2025,KIA,7,3,KBO,prod_wrc_pf
2025,KT,9,2,KBO,prod_wrc_pf
2025,LG,9,3,KBO,prod_wrc_pf
2025,NC,7,3,KBO,prod_wrc_pf
2025,SSG,7,3,KBO,prod_wrc_pf
2025,두산,7,3,KBO,prod_wrc_pf
2025,롯데,8,3,KBO,prod_wrc_pf
2025,삼성,8,3,KBO,prod_wrc_pf
2025,키움,8,1,KBO,prod_wrc_pf
2025,한화,7,3,KBO,prod_wrc_pf
2021,KIA,9,3,KBO,weights_alt
2021,KT,7,3,KBO,weights_alt
2021,LG,7,3,KBO,weights_alt
2021,NC,6,2,KBO,weights_alt
2021,SSG,8,3,KBO,weights_alt
2021,두산,9,3,KBO,weights_alt
2021,롯데,8,3,KBO,weights_alt
2021,삼성,9,3,KBO,weights_alt
2021,키움,6,2,KBO,weights_alt
2021,한화,5,3,KBO,weights_alt
2022,KIA,9,3,KBO,weights_alt
2022,KT,9,3,KBO,weights_alt
2022,LG,8,3,KBO,weights_alt
2022,NC,8,3,KBO,weights_alt
2022,SSG,7,3,KBO,weights_alt
2022,두산,7,3,KBO,weights_alt
2022,롯데,7,3,KBO,weights_alt
2022,삼성,8,3,KBO,weights_alt
2022,키움,8,3,KBO,weights_alt
2022,한화,8,3,KBO,weights_alt
2023,KIA,6,3,KBO,weights_alt
2023,KT,8,3,KBO,weights_alt
2023,LG,10,3,KBO,weights_alt
2023,NC,8,3,KBO,weights_alt
2023,SSG,10,3,KBO,weights_alt
2023,두산,8,3,KBO,weights_alt
2023,롯데,10,3,KBO,weights_alt
2023,삼성,7,3,KBO,weights_alt
2023,키움,5,2,KBO,weights_alt
2023,한화,8,3,KBO,weights_alt
2024,KIA,9,3,KBO,weights_alt
2024,KT,8,3,KBO,weights_alt
2024,LG,10,3,KBO,weights_alt
2024,NC,10,3,KBO,weights_alt
2024,SSG,9,3,KBO,weights_alt
2024,두산,8,3,KBO,weights_alt
2024,롯데,9,3,KBO,weights_alt
2024,삼성,9,3,KBO,weights_alt
2024,키움,6,3,KBO,weights_alt
2024,한화,9,2,KBO,weights_alt
2025,KIA,7,3,KBO,weights_alt
2025,KT,9,2,KBO,weights_alt
2025,LG,9,3,KBO,weights_alt
2025,NC,7,3,KBO,weights_alt
2025,SSG,7,3,KBO,weights_alt
2025,두산,7,3,KBO,weights_alt
2025,롯데,8,3,KBO,weights_alt
2025,삼성,8,3,KBO,weights_alt
2025,키움,8,1,KBO,weights_alt
2025,한화,7,3,KBO,weights_alt
2021,KIA,7,3,KBO,exante
2021,KT,9,3,KBO,exante
2021,LG,11,3,KBO,exante
2021,NC,9,3,KBO,exante
2021,SSG,6,3,KBO,exante
2021,두산,7,3,KBO,exante
2021,롯데,9,2,KBO,exante
2021,삼성,7,3,KBO,exante
2021,키움,9,3,KBO,exante
2021,한화,5,2,KBO,exante
2022,KIA,9,1,KBO,exante
2022,KT,7,3,KBO,exante
2022,LG,9,3,KBO,exante
2022,NC,5,3,KBO,exante
2022,SSG,8,3,KBO,exante
2022,두산,9,2,KBO,exante
2022,롯데,6,3,KBO,exante
2022,삼성,8,3,KBO,exante
2022,키움,5,2,KBO,exante
2022,한화,5,3,KBO,exante
2023,KIA,8,3,KBO,exante
2023,KT,8,3,KBO,exante
2023,LG,7,3,KBO,exante
2023,NC,5,3,KBO,exante
2023,SSG,7,3,KBO,exante
2023,두산,6,3,KBO,exante
2023,롯데,7,3,KBO,exante
2023,삼성,8,3,KBO,exante
2023,키움,8,3,KBO,exante
2023,한화,10,3,KBO,exante
2024,KIA,7,3,KBO,exante
2024,KT,8,3,KBO,exante
2024,LG,9,3,KBO,exante
2024,NC,8,3,KBO,exante
2024,SSG,9,3,KBO,exante
2024,두산,7,3,KBO,exante
2024,롯데,9,3,KBO,exante
2024,삼성,8,3,KBO,exante
2024,키움,6,1,KBO,exante
2024,한화,9,3,KBO,exante
2025,KIA,8,3,KBO,exante
2025,KT,10,3,KBO,exante
2025,LG,10,3,KBO,exante
2025,NC,12,3,KBO,exante
2025,SSG,9,3,KBO,exante
2025,두산,6,2,KBO,exante
2025,롯데,9,3,KBO,exante
2025,삼성,9,3,KBO,exante
2025,키움,4,1,KBO,exante
2025,한화,8,2,KBO,exante
2021,ATL,6,3,MLB,primary
2021,AZ,11,3,MLB,primary
2021,BAL,8,1,MLB,primary
2021,BOS,8,3,MLB,primary
2021,CHC,10,2,MLB,primary
2021,CIN,9,3,MLB,primary
2021,CLE,8,2,MLB,primary
2021,COL,9,3,MLB,primary
2021,CWS,6,3,MLB,primary
2021,DET,9,3,MLB,primary
2021,HOU,11,3,MLB,primary
2021,KC,8,2,MLB,primary
2021,LAA,8,3,MLB,primary
2021,LAD,9,3,MLB,primary
2021,MIA,5,1,MLB,primary
2021,MIL,8,3,MLB,primary
2021,MIN,8,3,MLB,primary
2021,NYM,9,3,MLB,primary
2021,NYY,8,3,MLB,primary
2021,OAK,9,3,MLB,primary
2021,PHI,10,3,MLB,primary
2021,PIT,8,3,MLB,primary
2021,SD,9,3,MLB,primary
2021,SEA,8,3,MLB,primary
2021,SF,10,3,MLB,primary
2021,STL,9,3,MLB,primary
2021,TB,10,2,MLB,primary
2021,TEX,6,2,MLB,primary
2021,TOR,7,3,MLB,primary
2021,WSH,8,3,MLB,primary
2022,ATL,9,3,MLB,primary
2022,AZ,9,3,MLB,primary
2022,BAL,9,3,MLB,primary
2022,BOS,9,3,MLB,primary
2022,CHC,7,3,MLB,primary
2022,CIN,7,3,MLB,primary
2022,CLE,9,3,MLB,primary
2022,COL,9,3,MLB,primary
2022,CWS,11,3,MLB,primary
2022,DET,12,1,MLB,primary
2022,HOU,9,3,MLB,primary
2022,KC,8,2,MLB,primary
2022,LAA,8,3,MLB,primary
2022,LAD,9,3,MLB,primary
2022,MIA,11,1,MLB,primary
2022,MIL,10,3,MLB,primary
2022,MIN,10,2,MLB,primary
2022,NYM,9,3,MLB,primary
2022,NYY,9,3,MLB,primary
2022,OAK,7,1,MLB,primary
2022,PHI,9,3,MLB,primary
2022,PIT,7,1,MLB,primary
2022,SD,8,3,MLB,primary
2022,SEA,8,3,MLB,primary
2022,SF,8,3,MLB,primary
2022,STL,9,3,MLB,primary
2022,TB,8,3,MLB,primary
2022,TEX,7,2,MLB,primary
2022,TOR,10,3,MLB,primary
2022,WSH,10,3,MLB,primary
2023,ATL,9,3,MLB,primary
2023,AZ,8,3,MLB,primary
2023,BAL,10,3,MLB,primary
2023,BOS,9,3,MLB,primary
2023,CHC,9,3,MLB,primary
2023,CIN,9,3,MLB,primary
2023,CLE,9,3,MLB,primary
2023,COL,9,3,MLB,primary
2023,CWS,10,0,MLB,primary
2023,DET,10,2,MLB,primary
2023,HOU,12,3,MLB,primary
2023,KC,9,0,MLB,primary
2023,LAA,9,3,MLB,primary
2023,LAD,11,3,MLB,primary
2023,MIA,11,3,MLB,primary
2023,MIL,9,2,MLB,primary
2023,MIN,13,3,MLB,primary
2023,NYM,9,2,MLB,primary
2023,NYY,9,3,MLB,primary
2023,OAK,11,3,MLB,primary
2023,PHI,9,3,MLB,primary
2023,PIT,7,3,MLB,primary
2023,SD,7,2,MLB,primary
2023,SEA,7,2,MLB,primary
2023,SF,10,3,MLB,primary
2023,STL,10,3,MLB,primary
2023,TB,12,3,MLB,primary
2023,TEX,10,3,MLB,primary
2023,TOR,11,3,MLB,primary
2023,WSH,8,2,MLB,primary
2024,ATL,9,3,MLB,primary
2024,AZ,10,3,MLB,primary
2024,BAL,9,1,MLB,primary
2024,BOS,9,3,MLB,primary
2024,CHC,10,3,MLB,primary
2024,CIN,9,3,MLB,primary
2024,CLE,9,3,MLB,primary
2024,COL,8,2,MLB,primary
2024,CWS,8,0,MLB,primary
2024,DET,9,3,MLB,primary
2024,HOU,9,3,MLB,primary
2024,KC,9,3,MLB,primary
2024,LAA,8,3,MLB,primary
2024,LAD,9,3,MLB,primary
2024,MIA,8,2,MLB,primary
2024,MIL,10,3,MLB,primary
2024,MIN,12,3,MLB,primary
2024,NYM,10,3,MLB,primary
2024,NYY,9,2,MLB,primary
2024,OAK,9,3,MLB,primary
2024,PHI,9,3,MLB,primary
2024,PIT,9,3,MLB,primary
2024,SD,9,3,MLB,primary
2024,SEA,10,2,MLB,primary
2024,SF,9,3,MLB,primary
2024,STL,9,3,MLB,primary
2024,TB,10,2,MLB,primary
2024,TEX,8,3,MLB,primary
2024,TOR,9,3,MLB,primary
2024,WSH,9,3,MLB,primary
2025,ATH,8,3,MLB,primary
2025,ATL,10,3,MLB,primary
2025,AZ,8,3,MLB,primary
2025,BAL,8,2,MLB,primary
2025,BOS,9,3,MLB,primary
2025,CHC,9,3,MLB,primary
2025,CIN,10,2,MLB,primary
2025,CLE,10,2,MLB,primary
2025,COL,9,2,MLB,primary
2025,CWS,9,2,MLB,primary
2025,DET,10,2,MLB,primary
2025,HOU,9,3,MLB,primary
2025,KC,6,3,MLB,primary
2025,LAA,8,3,MLB,primary
2025,LAD,10,3,MLB,primary
2025,MIA,10,3,MLB,primary
2025,MIL,9,3,MLB,primary
2025,MIN,11,3,MLB,primary
2025,NYM,9,3,MLB,primary
2025,NYY,9,3,MLB,primary
2025,PHI,9,3,MLB,primary
2025,PIT,10,3,MLB,primary
2025,SD,8,3,MLB,primary
2025,SEA,5,3,MLB,primary
2025,SF,9,3,MLB,primary
2025,STL,11,3,MLB,primary
2025,TB,9,2,MLB,primary
2025,TEX,10,3,MLB,primary
2025,TOR,8,3,MLB,primary
2025,WSH,8,3,MLB,primary
2021,ATL,11,3,MLB,pool_pa200
2021,AZ,11,3,MLB,pool_pa200
2021,BAL,11,2,MLB,pool_pa200
2021,BOS,9,3,MLB,pool_pa200
2021,CHC,13,3,MLB,pool_pa200
2021,CIN,11,3,MLB,pool_pa200
2021,CLE,15,3,MLB,pool_pa200
2021,COL,13,3,MLB,pool_pa200
2021,CWS,14,3,MLB,pool_pa200
2021,DET,10,3,MLB,pool_pa200
2021,HOU,11,3,MLB,pool_pa200
2021,KC,10,2,MLB,pool_pa200
2021,LAA,13,3,MLB,pool_pa200
2021,LAD,13,3,MLB,pool_pa200
2021,MIA,16,3,MLB,pool_pa200
2021,MIL,13,3,MLB,pool_pa200
2021,MIN,15,3,MLB,pool_pa200
2021,NYM,10,3,MLB,pool_pa200
2021,NYY,13,3,MLB,pool_pa200
2021,OAK,12,3,MLB,pool_pa200
2021,PHI,10,3,MLB,pool_pa200
2021,PIT,12,3,MLB,pool_pa200
2021,SD,11,3,MLB,pool_pa200
2021,SEA,11,3,MLB,pool_pa200
2021,SF,15,3,MLB,pool_pa200
2021,STL,10,3,MLB,pool_pa200
2021,TB,13,2,MLB,pool_pa200
2021,TEX,14,3,MLB,pool_pa200
2021,TOR,11,3,MLB,pool_pa200
2021,WSH,15,3,MLB,pool_pa200
2022,ATL,12,3,MLB,pool_pa200
2022,AZ,12,3,MLB,pool_pa200
2022,BAL,10,3,MLB,pool_pa200
2022,BOS,13,3,MLB,pool_pa200
2022,CHC,13,3,MLB,pool_pa200
2022,CIN,14,3,MLB,pool_pa200
2022,CLE,11,3,MLB,pool_pa200
2022,COL,12,3,MLB,pool_pa200
2022,CWS,13,3,MLB,pool_pa200
2022,DET,13,1,MLB,pool_pa200
2022,HOU,11,3,MLB,pool_pa200
2022,KC,12,2,MLB,pool_pa200
2022,LAA,11,3,MLB,pool_pa200
2022,LAD,11,3,MLB,pool_pa200
2022,MIA,14,2,MLB,pool_pa200
2022,MIL,12,3,MLB,pool_pa200
2022,MIN,11,2,MLB,pool_pa200
2022,NYM,10,3,MLB,pool_pa200
2022,NYY,12,3,MLB,pool_pa200
2022,OAK,10,1,MLB,pool_pa200
2022,PHI,10,3,MLB,pool_pa200
2022,PIT,11,2,MLB,pool_pa200
2022,SD,13,3,MLB,pool_pa200
2022,SEA,12,3,MLB,pool_pa200
2022,SF,12,3,MLB,pool_pa200
2022,STL,15,3,MLB,pool_pa200
2022,TB,12,3,MLB,pool_pa200
2022,TEX,11,2,MLB,pool_pa200
2022,TOR,11,3,MLB,pool_pa200
2022,WSH,12,3,MLB,pool_pa200
2023,ATL,11,3,MLB,pool_pa200
2023,AZ,14,3,MLB,pool_pa200
2023,BAL,13,3,MLB,pool_pa200
2023,BOS,12,3,MLB,pool_pa200
2023,CHC,11,3,MLB,pool_pa200
2023,CIN,13,3,MLB,pool_pa200
2023,CLE,10,3,MLB,pool_pa200
2023,COL,13,3,MLB,pool_pa200
2023,CWS,11,0,MLB,pool_pa200
2023,DET,13,2,MLB,pool_pa200
2023,HOU,12,3,MLB,pool_pa200
2023,KC,12,1,MLB,pool_pa200
2023,LAA,12,3,MLB,pool_pa200
2023,LAD,12,3,MLB,pool_pa200
2023,MIA,15,3,MLB,pool_pa200
2023,MIL,14,3,MLB,pool_pa200
2023,MIN,16,3,MLB,pool_pa200
2023,NYM,11,3,MLB,pool_pa200
2023,NYY,11,3,MLB,pool_pa200
2023,OAK,13,3,MLB,pool_pa200
2023,PHI,10,3,MLB,pool_pa200
2023,PIT,14,3,MLB,pool_pa200
2023,SD,9,2,MLB,pool_pa200
2023,SEA,10,3,MLB,pool_pa200
2023,SF,14,3,MLB,pool_pa200
2023,STL,13,3,MLB,pool_pa200
2023,TB,12,3,MLB,pool_pa200
2023,TEX,12,3,MLB,pool_pa200
2023,TOR,12,3,MLB,pool_pa200
2023,WSH,10,2,MLB,pool_pa200
2024,ATL,12,3,MLB,pool_pa200
2024,AZ,11,3,MLB,pool_pa200
2024,BAL,12,1,MLB,pool_pa200
2024,BOS,13,3,MLB,pool_pa200
2024,CHC,11,3,MLB,pool_pa200
2024,CIN,11,3,MLB,pool_pa200
2024,CLE,10,3,MLB,pool_pa200
2024,COL,12,2,MLB,pool_pa200
2024,CWS,11,1,MLB,pool_pa200
2024,DET,15,2,MLB,pool_pa200
2024,HOU,11,3,MLB,pool_pa200
2024,KC,12,3,MLB,pool_pa200
2024,LAA,11,3,MLB,pool_pa200
2024,LAD,11,3,MLB,pool_pa200
2024,MIA,13,2,MLB,pool_pa200
2024,MIL,12,3,MLB,pool_pa200
2024,MIN,15,3,MLB,pool_pa200
2024,NYM,11,3,MLB,pool_pa200
2024,NYY,12,2,MLB,pool_pa200
2024,OAK,11,3,MLB,pool_pa200
2024,PHI,10,3,MLB,pool_pa200
2024,PIT,13,3,MLB,pool_pa200
2024,SD,12,3,MLB,pool_pa200
2024,SEA,12,3,MLB,pool_pa200
2024,SF,11,3,MLB,pool_pa200
2024,STL,11,3,MLB,pool_pa200
2024,TB,12,2,MLB,pool_pa200
2024,TEX,10,3,MLB,pool_pa200
2024,TOR,14,3,MLB,pool_pa200
2024,WSH,14,3,MLB,pool_pa200
2025,ATH,11,3,MLB,pool_pa200
2025,ATL,13,3,MLB,pool_pa200
2025,AZ,13,3,MLB,pool_pa200
2025,BAL,13,3,MLB,pool_pa200
2025,BOS,13,3,MLB,pool_pa200
2025,CHC,9,3,MLB,pool_pa200
2025,CIN,11,2,MLB,pool_pa200
2025,CLE,10,2,MLB,pool_pa200
2025,COL,10,2,MLB,pool_pa200
2025,CWS,12,2,MLB,pool_pa200
2025,DET,11,2,MLB,pool_pa200
2025,HOU,10,3,MLB,pool_pa200
2025,KC,10,3,MLB,pool_pa200
2025,LAA,10,3,MLB,pool_pa200
2025,LAD,11,3,MLB,pool_pa200
2025,MIA,12,3,MLB,pool_pa200
2025,MIL,11,3,MLB,pool_pa200
2025,MIN,14,3,MLB,pool_pa200
2025,NYM,11,3,MLB,pool_pa200
2025,NYY,10,3,MLB,pool_pa200
2025,PHI,11,3,MLB,pool_pa200
2025,PIT,13,3,MLB,pool_pa200
2025,SD,9,3,MLB,pool_pa200
2025,SEA,13,3,MLB,pool_pa200
2025,SF,11,3,MLB,pool_pa200
2025,STL,12,3,MLB,pool_pa200
2025,TB,12,2,MLB,pool_pa200
2025,TEX,12,3,MLB,pool_pa200
2025,TOR,12,3,MLB,pool_pa200
2025,WSH,14,3,MLB,pool_pa200
2021,ATL,4,2,MLB,pool_pa400
2021,AZ,6,2,MLB,pool_pa400
2021,BAL,7,1,MLB,pool_pa400
2021,BOS,8,3,MLB,pool_pa400
2021,CHC,2,2,MLB,pool_pa400
2021,CIN,8,3,MLB,pool_pa400
2021,CLE,4,2,MLB,pool_pa400
2021,COL,7,3,MLB,pool_pa400
2021,CWS,5,3,MLB,pool_pa400
2021,DET,6,3,MLB,pool_pa400
2021,HOU,8,3,MLB,pool_pa400
2021,KC,7,2,MLB,pool_pa400
2021,LAA,4,2,MLB,pool_pa400
2021,LAD,7,3,MLB,pool_pa400
2021,MIA,3,2,MLB,pool_pa400
2021,MIL,7,3,MLB,pool_pa400
2021,MIN,6,2,MLB,pool_pa400
2021,NYM,7,3,MLB,pool_pa400
2021,NYY,7,3,MLB,pool_pa400
2021,OAK,6,2,MLB,pool_pa400
2021,PHI,8,3,MLB,pool_pa400
2021,PIT,4,3,MLB,pool_pa400
2021,SD,8,3,MLB,pool_pa400
2021,SEA,4,3,MLB,pool_pa400
2021,SF,4,3,MLB,pool_pa400
2021,STL,8,3,MLB,pool_pa400
2021,TB,6,2,MLB,pool_pa400
2021,TEX,4,1,MLB,pool_pa400
2021,TOR,6,3,MLB,pool_pa400
2021,WSH,3,3,MLB,pool_pa400
2022,ATL,7,3,MLB,pool_pa400
2022,AZ,6,2,MLB,pool_pa400
2022,BAL,9,3,MLB,pool_pa400
2022,BOS,5,3,MLB,pool_pa400
2022,CHC,6,3,MLB,pool_pa400
2022,CIN,3,2,MLB,pool_pa400
2022,CLE,7,3,MLB,pool_pa400
2022,COL,8,3,MLB,pool_pa400
2022,CWS,7,3,MLB,pool_pa400
2022,DET,7,1,MLB,pool_pa400
2022,HOU,7,3,MLB,pool_pa400
2022,KC,7,1,MLB,pool_pa400
2022,LAA,5,3,MLB,pool_pa400
2022,LAD,9,3,MLB,pool_pa400
2022,MIA,4,2,MLB,pool_pa400
2022,MIL,8,3,MLB,pool_pa400
2022,MIN,8,3,MLB,pool_pa400
2022,NYM,7,3,MLB,pool_pa400
2022,NYY,8,3,MLB,pool_pa400
2022,OAK,3,1,MLB,pool_pa400
2022,PHI,7,3,MLB,pool_pa400
2022,PIT,4,3,MLB,pool_pa400
2022,SD,5,3,MLB,pool_pa400
2022,SEA,7,3,MLB,pool_pa400
2022,SF,5,3,MLB,pool_pa400
2022,STL,5,3,MLB,pool_pa400
2022,TB,5,3,MLB,pool_pa400
2022,TEX,6,2,MLB,pool_pa400
2022,TOR,9,3,MLB,pool_pa400
2022,WSH,7,2,MLB,pool_pa400
2023,ATL,9,3,MLB,pool_pa400
2023,AZ,6,3,MLB,pool_pa400
2023,BAL,7,3,MLB,pool_pa400
2023,BOS,6,3,MLB,pool_pa400
2023,CHC,8,3,MLB,pool_pa400
2023,CIN,6,3,MLB,pool_pa400
2023,CLE,7,3,MLB,pool_pa400
2023,COL,7,3,MLB,pool_pa400
2023,CWS,7,0,MLB,pool_pa400
2023,DET,6,2,MLB,pool_pa400
2023,HOU,9,3,MLB,pool_pa400
2023,KC,5,0,MLB,pool_pa400
2023,LAA,5,2,MLB,pool_pa400
2023,LAD,8,3,MLB,pool_pa400
2023,MIA,5,3,MLB,pool_pa400
2023,MIL,5,2,MLB,pool_pa400
2023,MIN,5,3,MLB,pool_pa400
2023,NYM,5,2,MLB,pool_pa400
2023,NYY,6,3,MLB,pool_pa400
2023,OAK,5,2,MLB,pool_pa400
2023,PHI,8,3,MLB,pool_pa400
2023,PIT,5,3,MLB,pool_pa400
2023,SD,7,2,MLB,pool_pa400
2023,SEA,7,2,MLB,pool_pa400
2023,SF,6,3,MLB,pool_pa400
2023,STL,7,3,MLB,pool_pa400
2023,TB,8,3,MLB,pool_pa400
2023,TEX,9,3,MLB,pool_pa400
2023,TOR,9,3,MLB,pool_pa400
2023,WSH,8,2,MLB,pool_pa400
2024,ATL,7,3,MLB,pool_pa400
2024,AZ,7,3,MLB,pool_pa400
2024,BAL,8,1,MLB,pool_pa400
2024,BOS,7,3,MLB,pool_pa400
2024,CHC,8,3,MLB,pool_pa400
2024,CIN,5,3,MLB,pool_pa400
2024,CLE,5,3,MLB,pool_pa400
2024,COL,6,2,MLB,pool_pa400
2024,CWS,5,0,MLB,pool_pa400
2024,DET,4,2,MLB,pool_pa400
2024,HOU,8,3,MLB,pool_pa400
2024,KC,7,3,MLB,pool_pa400
2024,LAA,6,3,MLB,pool_pa400
2024,LAD,7,3,MLB,pool_pa400
2024,MIA,6,2,MLB,pool_pa400
2024,MIL,8,3,MLB,pool_pa400
2024,MIN,5,3,MLB,pool_pa400
2024,NYM,7,3,MLB,pool_pa400
2024,NYY,7,2,MLB,pool_pa400
2024,OAK,7,3,MLB,pool_pa400
2024,PHI,8,3,MLB,pool_pa400
2024,PIT,6,3,MLB,pool_pa400
2024,SD,8,3,MLB,pool_pa400
2024,SEA,9,2,MLB,pool_pa400
2024,SF,6,3,MLB,pool_pa400
2024,STL,7,3,MLB,pool_pa400
2024,TB,6,2,MLB,pool_pa400
2024,TEX,8,3,MLB,pool_pa400
2024,TOR,5,1,MLB,pool_pa400
2024,WSH,4,3,MLB,pool_pa400
2025,ATH,6,3,MLB,pool_pa400
2025,ATL,8,3,MLB,pool_pa400
2025,AZ,6,3,MLB,pool_pa400
2025,BAL,2,1,MLB,pool_pa400
2025,BOS,6,3,MLB,pool_pa400
2025,CHC,9,3,MLB,pool_pa400
2025,CIN,6,2,MLB,pool_pa400
2025,CLE,9,2,MLB,pool_pa400
2025,COL,6,2,MLB,pool_pa400
2025,CWS,6,1,MLB,pool_pa400
2025,DET,8,2,MLB,pool_pa400
2025,HOU,6,3,MLB,pool_pa400
2025,KC,6,3,MLB,pool_pa400
2025,LAA,7,3,MLB,pool_pa400
2025,LAD,7,3,MLB,pool_pa400
2025,MIA,5,2,MLB,pool_pa400
2025,MIL,8,3,MLB,pool_pa400
2025,MIN,5,3,MLB,pool_pa400
2025,NYM,7,3,MLB,pool_pa400
2025,NYY,9,3,MLB,pool_pa400
2025,PHI,9,3,MLB,pool_pa400
2025,PIT,7,3,MLB,pool_pa400
2025,SD,7,3,MLB,pool_pa400
2025,SEA,5,3,MLB,pool_pa400
2025,SF,6,3,MLB,pool_pa400
2025,STL,9,3,MLB,pool_pa400
2025,TB,7,2,MLB,pool_pa400
2025,TEX,7,3,MLB,pool_pa400
2025,TOR,7,3,MLB,pool_pa400
2025,WSH,5,3,MLB,pool_pa400
2021,ATL,6,3,MLB,obp_pool_top50
2021,AZ,11,3,MLB,obp_pool_top50
2021,BAL,8,1,MLB,obp_pool_top50
2021,BOS,8,3,MLB,obp_pool_top50
2021,CHC,10,2,MLB,obp_pool_top50
2021,CIN,9,3,MLB,obp_pool_top50
2021,CLE,8,1,MLB,obp_pool_top50
2021,COL,9,2,MLB,obp_pool_top50
2021,CWS,6,3,MLB,obp_pool_top50
2021,DET,9,3,MLB,obp_pool_top50
2021,HOU,11,3,MLB,obp_pool_top50
2021,KC,8,1,MLB,obp_pool_top50
2021,LAA,8,2,MLB,obp_pool_top50
2021,LAD,9,3,MLB,obp_pool_top50
2021,MIA,5,1,MLB,obp_pool_top50
2021,MIL,8,3,MLB,obp_pool_top50
2021,MIN,8,2,MLB,obp_pool_top50
2021,NYM,9,3,MLB,obp_pool_top50
2021,NYY,8,3,MLB,obp_pool_top50
2021,OAK,9,3,MLB,obp_pool_top50
2021,PHI,10,3,MLB,obp_pool_top50
2021,PIT,8,3,MLB,obp_pool_top50
2021,SD,9,3,MLB,obp_pool_top50
2021,SEA,8,2,MLB,obp_pool_top50
2021,SF,10,3,MLB,obp_pool_top50
2021,STL,9,3,MLB,obp_pool_top50
2021,TB,10,2,MLB,obp_pool_top50
2021,TEX,6,2,MLB,obp_pool_top50
2021,TOR,7,3,MLB,obp_pool_top50
2021,WSH,8,3,MLB,obp_pool_top50
2022,ATL,9,3,MLB,obp_pool_top50
2022,AZ,9,2,MLB,obp_pool_top50
2022,BAL,9,3,MLB,obp_pool_top50
2022,BOS,9,3,MLB,obp_pool_top50
2022,CHC,7,3,MLB,obp_pool_top50
2022,CIN,7,3,MLB,obp_pool_top50
2022,CLE,9,3,MLB,obp_pool_top50
2022,COL,9,2,MLB,obp_pool_top50
2022,CWS,11,3,MLB,obp_pool_top50
2022,DET,12,1,MLB,obp_pool_top50
2022,HOU,9,3,MLB,obp_pool_top50
2022,KC,8,1,MLB,obp_pool_top50
2022,LAA,8,3,MLB,obp_pool_top50
2022,LAD,9,3,MLB,obp_pool_top50
2022,MIA,11,1,MLB,obp_pool_top50
2022,MIL,10,2,MLB,obp_pool_top50
2022,MIN,10,2,MLB,obp_pool_top50
2022,NYM,9,3,MLB,obp_pool_top50
2022,NYY,9,3,MLB,obp_pool_top50
2022,OAK,7,1,MLB,obp_pool_top50
2022,PHI,9,3,MLB,obp_pool_top50
2022,PIT,7,1,MLB,obp_pool_top50
2022,SD,8,3,MLB,obp_pool_top50
2022,SEA,8,3,MLB,obp_pool_top50
2022,SF,8,3,MLB,obp_pool_top50
2022,STL,9,3,MLB,obp_pool_top50
2022,TB,8,3,MLB,obp_pool_top50
2022,TEX,7,1,MLB,obp_pool_top50
2022,TOR,10,3,MLB,obp_pool_top50
2022,WSH,10,2,MLB,obp_pool_top50
2023,ATL,9,3,MLB,obp_pool_top50
2023,AZ,8,3,MLB,obp_pool_top50
2023,BAL,10,3,MLB,obp_pool_top50
2023,BOS,9,3,MLB,obp_pool_top50
2023,CHC,9,3,MLB,obp_pool_top50
2023,CIN,9,3,MLB,obp_pool_top50
2023,CLE,9,3,MLB,obp_pool_top50
2023,COL,9,3,MLB,obp_pool_top50
2023,CWS,10,0,MLB,obp_pool_top50
2023,DET,10,2,MLB,obp_pool_top50
2023,HOU,12,3,MLB,obp_pool_top50
2023,KC,9,0,MLB,obp_pool_top50
2023,LAA,9,3,MLB,obp_pool_top50
2023,LAD,11,2,MLB,obp_pool_top50
2023,MIA,11,3,MLB,obp_pool_top50
2023,MIL,9,2,MLB,obp_pool_top50
2023,MIN,13,3,MLB,obp_pool_top50
2023,NYM,9,2,MLB,obp_pool_top50
2023,NYY,9,3,MLB,obp_pool_top50
2023,OAK,11,3,MLB,obp_pool_top50
2023,PHI,9,3,MLB,obp_pool_top50
2023,PIT,7,3,MLB,obp_pool_top50
2023,SD,7,2,MLB,obp_pool_top50
2023,SEA,7,2,MLB,obp_pool_top50
2023,SF,10,3,MLB,obp_pool_top50
2023,STL,10,3,MLB,obp_pool_top50
2023,TB,12,3,MLB,obp_pool_top50
2023,TEX,10,3,MLB,obp_pool_top50
2023,TOR,11,3,MLB,obp_pool_top50
2023,WSH,8,1,MLB,obp_pool_top50
2024,ATL,9,3,MLB,obp_pool_top50
2024,AZ,10,3,MLB,obp_pool_top50
2024,BAL,9,1,MLB,obp_pool_top50
2024,BOS,9,3,MLB,obp_pool_top50
2024,CHC,10,3,MLB,obp_pool_top50
2024,CIN,9,3,MLB,obp_pool_top50
2024,CLE,9,3,MLB,obp_pool_top50
2024,COL,8,2,MLB,obp_pool_top50
2024,CWS,8,0,MLB,obp_pool_top50
2024,DET,9,2,MLB,obp_pool_top50
2024,HOU,9,3,MLB,obp_pool_top50
2024,KC,9,2,MLB,obp_pool_top50
2024,LAA,8,3,MLB,obp_pool_top50
2024,LAD,9,3,MLB,obp_pool_top50
2024,MIA,8,1,MLB,obp_pool_top50
2024,MIL,10,3,MLB,obp_pool_top50
2024,MIN,12,3,MLB,obp_pool_top50
2024,NYM,10,3,MLB,obp_pool_top50
2024,NYY,9,2,MLB,obp_pool_top50
2024,OAK,9,3,MLB,obp_pool_top50
2024,PHI,9,3,MLB,obp_pool_top50
2024,PIT,9,3,MLB,obp_pool_top50
2024,SD,9,3,MLB,obp_pool_top50
2024,SEA,10,2,MLB,obp_pool_top50
2024,SF,9,3,MLB,obp_pool_top50
2024,STL,9,3,MLB,obp_pool_top50
2024,TB,10,2,MLB,obp_pool_top50
2024,TEX,8,3,MLB,obp_pool_top50
2024,TOR,9,3,MLB,obp_pool_top50
2024,WSH,9,3,MLB,obp_pool_top50
2025,ATH,8,3,MLB,obp_pool_top50
2025,ATL,10,3,MLB,obp_pool_top50
2025,AZ,8,2,MLB,obp_pool_top50
2025,BAL,8,2,MLB,obp_pool_top50
2025,BOS,9,3,MLB,obp_pool_top50
2025,CHC,9,3,MLB,obp_pool_top50
2025,CIN,10,2,MLB,obp_pool_top50
2025,CLE,10,2,MLB,obp_pool_top50
2025,COL,9,2,MLB,obp_pool_top50
2025,CWS,9,1,MLB,obp_pool_top50
2025,DET,10,2,MLB,obp_pool_top50
2025,HOU,9,3,MLB,obp_pool_top50
2025,KC,6,3,MLB,obp_pool_top50
2025,LAA,8,1,MLB,obp_pool_top50
2025,LAD,10,3,MLB,obp_pool_top50
2025,MIA,10,3,MLB,obp_pool_top50
2025,MIL,9,3,MLB,obp_pool_top50
2025,MIN,11,3,MLB,obp_pool_top50
2025,NYM,9,3,MLB,obp_pool_top50
2025,NYY,9,3,MLB,obp_pool_top50
2025,PHI,9,3,MLB,obp_pool_top50
2025,PIT,10,2,MLB,obp_pool_top50
2025,SD,8,3,MLB,obp_pool_top50
2025,SEA,5,3,MLB,obp_pool_top50
2025,SF,9,2,MLB,obp_pool_top50
2025,STL,11,3,MLB,obp_pool_top50
2025,TB,9,2,MLB,obp_pool_top50
2025,TEX,10,3,MLB,obp_pool_top50
2025,TOR,8,3,MLB,obp_pool_top50
2025,WSH,8,3,MLB,obp_pool_top50
2021,ATL,6,3,MLB,obp_pool_top40
2021,AZ,11,3,MLB,obp_pool_top40
2021,BAL,8,1,MLB,obp_pool_top40
2021,BOS,8,3,MLB,obp_pool_top40
2021,CHC,10,2,MLB,obp_pool_top40
2021,CIN,9,3,MLB,obp_pool_top40
2021,CLE,8,1,MLB,obp_pool_top40
2021,COL,9,1,MLB,obp_pool_top40
2021,CWS,6,3,MLB,obp_pool_top40
2021,DET,9,2,MLB,obp_pool_top40
2021,HOU,11,3,MLB,obp_pool_top40
2021,KC,8,1,MLB,obp_pool_top40
2021,LAA,8,2,MLB,obp_pool_top40
2021,LAD,9,3,MLB,obp_pool_top40
2021,MIA,5,0,MLB,obp_pool_top40
2021,MIL,8,2,MLB,obp_pool_top40
2021,MIN,8,2,MLB,obp_pool_top40
2021,NYM,9,3,MLB,obp_pool_top40
2021,NYY,8,3,MLB,obp_pool_top40
2021,OAK,9,3,MLB,obp_pool_top40
2021,PHI,10,2,MLB,obp_pool_top40
2021,PIT,8,3,MLB,obp_pool_top40
2021,SD,9,3,MLB,obp_pool_top40
2021,SEA,8,1,MLB,obp_pool_top40
2021,SF,10,3,MLB,obp_pool_top40
2021,STL,9,3,MLB,obp_pool_top40
2021,TB,10,2,MLB,obp_pool_top40
2021,TEX,6,2,MLB,obp_pool_top40
2021,TOR,7,3,MLB,obp_pool_top40
2021,WSH,8,3,MLB,obp_pool_top40
2022,ATL,9,3,MLB,obp_pool_top40
2022,AZ,9,2,MLB,obp_pool_top40
2022,BAL,9,2,MLB,obp_pool_top40
2022,BOS,9,3,MLB,obp_pool_top40
2022,CHC,7,3,MLB,obp_pool_top40
2022,CIN,7,3,MLB,obp_pool_top40
2022,CLE,9,3,MLB,obp_pool_top40
2022,COL,9,2,MLB,obp_pool_top40
2022,CWS,11,2,MLB,obp_pool_top40
2022,DET,12,0,MLB,obp_pool_top40
2022,HOU,9,3,MLB,obp_pool_top40
2022,KC,8,1,MLB,obp_pool_top40
2022,LAA,8,3,MLB,obp_pool_top40
2022,LAD,9,3,MLB,obp_pool_top40
2022,MIA,11,1,MLB,obp_pool_top40
2022,MIL,10,2,MLB,obp_pool_top40
2022,MIN,10,2,MLB,obp_pool_top40
2022,NYM,9,3,MLB,obp_pool_top40
2022,NYY,9,3,MLB,obp_pool_top40
2022,OAK,7,1,MLB,obp_pool_top40
2022,PHI,9,2,MLB,obp_pool_top40
2022,PIT,7,1,MLB,obp_pool_top40
2022,SD,8,2,MLB,obp_pool_top40
2022,SEA,8,3,MLB,obp_pool_top40
2022,SF,8,2,MLB,obp_pool_top40
2022,STL,9,3,MLB,obp_pool_top40
2022,TB,8,3,MLB,obp_pool_top40
2022,TEX,7,1,MLB,obp_pool_top40
2022,TOR,10,3,MLB,obp_pool_top40
2022,WSH,10,2,MLB,obp_pool_top40
2023,ATL,9,3,MLB,obp_pool_top40
2023,AZ,8,3,MLB,obp_pool_top40
2023,BAL,10,1,MLB,obp_pool_top40
2023,BOS,9,3,MLB,obp_pool_top40
2023,CHC,9,3,MLB,obp_pool_top40
2023,CIN,9,3,MLB,obp_pool_top40
2023,CLE,9,3,MLB,obp_pool_top40
2023,COL,9,2,MLB,obp_pool_top40
2023,CWS,10,0,MLB,obp_pool_top40
2023,DET,10,2,MLB,obp_pool_top40
2023,HOU,12,3,MLB,obp_pool_top40
2023,KC,9,0,MLB,obp_pool_top40
2023,LAA,9,3,MLB,obp_pool_top40
2023,LAD,11,2,MLB,obp_pool_top40
2023,MIA,11,2,MLB,obp_pool_top40
2023,MIL,9,2,MLB,obp_pool_top40
2023,MIN,13,3,MLB,obp_pool_top40
2023,NYM,9,2,MLB,obp_pool_top40
2023,NYY,9,2,MLB,obp_pool_top40
2023,OAK,11,2,MLB,obp_pool_top40
2023,PHI,9,3,MLB,obp_pool_top40
2023,PIT,7,3,MLB,obp_pool_top40
2023,SD,7,2,MLB,obp_pool_top40
2023,SEA,7,2,MLB,obp_pool_top40
2023,SF,10,3,MLB,obp_pool_top40
2023,STL,10,3,MLB,obp_pool_top40
2023,TB,12,3,MLB,obp_pool_top40
2023,TEX,10,3,MLB,obp_pool_top40
2023,TOR,11,3,MLB,obp_pool_top40
2023,WSH,8,1,MLB,obp_pool_top40
2024,ATL,9,2,MLB,obp_pool_top40
2024,AZ,10,3,MLB,obp_pool_top40
2024,BAL,9,1,MLB,obp_pool_top40
2024,BOS,9,3,MLB,obp_pool_top40
2024,CHC,10,3,MLB,obp_pool_top40
2024,CIN,9,3,MLB,obp_pool_top40
2024,CLE,9,3,MLB,obp_pool_top40
2024,COL,8,1,MLB,obp_pool_top40
2024,CWS,8,0,MLB,obp_pool_top40
2024,DET,9,2,MLB,obp_pool_top40
2024,HOU,9,3,MLB,obp_pool_top40
2024,KC,9,2,MLB,obp_pool_top40
2024,LAA,8,2,MLB,obp_pool_top40
2024,LAD,9,3,MLB,obp_pool_top40
2024,MIA,8,1,MLB,obp_pool_top40
2024,MIL,10,3,MLB,obp_pool_top40
2024,MIN,12,3,MLB,obp_pool_top40
2024,NYM,10,2,MLB,obp_pool_top40
2024,NYY,9,2,MLB,obp_pool_top40
2024,OAK,9,2,MLB,obp_pool_top40
2024,PHI,9,3,MLB,obp_pool_top40
2024,PIT,9,3,MLB,obp_pool_top40
2024,SD,9,3,MLB,obp_pool_top40
2024,SEA,10,1,MLB,obp_pool_top40
2024,SF,9,3,MLB,obp_pool_top40
2024,STL,9,3,MLB,obp_pool_top40
2024,TB,10,2,MLB,obp_pool_top40
2024,TEX,8,3,MLB,obp_pool_top40
2024,TOR,9,3,MLB,obp_pool_top40
2024,WSH,9,2,MLB,obp_pool_top40
2025,ATH,8,2,MLB,obp_pool_top40
2025,ATL,10,3,MLB,obp_pool_top40
2025,AZ,8,2,MLB,obp_pool_top40
2025,BAL,8,2,MLB,obp_pool_top40
2025,BOS,9,3,MLB,obp_pool_top40
2025,CHC,9,2,MLB,obp_pool_top40
2025,CIN,10,2,MLB,obp_pool_top40
2025,CLE,10,2,MLB,obp_pool_top40
2025,COL,9,1,MLB,obp_pool_top40
2025,CWS,9,1,MLB,obp_pool_top40
2025,DET,10,2,MLB,obp_pool_top40
2025,HOU,9,3,MLB,obp_pool_top40
2025,KC,6,2,MLB,obp_pool_top40
2025,LAA,8,1,MLB,obp_pool_top40
2025,LAD,10,3,MLB,obp_pool_top40
2025,MIA,10,2,MLB,obp_pool_top40
2025,MIL,9,3,MLB,obp_pool_top40
2025,MIN,11,2,MLB,obp_pool_top40
2025,NYM,9,3,MLB,obp_pool_top40
2025,NYY,9,3,MLB,obp_pool_top40
2025,PHI,9,3,MLB,obp_pool_top40
2025,PIT,10,2,MLB,obp_pool_top40
2025,SD,8,3,MLB,obp_pool_top40
2025,SEA,5,1,MLB,obp_pool_top40
2025,SF,9,2,MLB,obp_pool_top40
2025,STL,11,3,MLB,obp_pool_top40
2025,TB,9,2,MLB,obp_pool_top40
2025,TEX,10,3,MLB,obp_pool_top40
2025,TOR,8,3,MLB,obp_pool_top40
2025,WSH,8,2,MLB,obp_pool_top40
2021,ATL,6,3,MLB,obp_pool_top33
2021,AZ,11,1,MLB,obp_pool_top33
2021,BAL,8,1,MLB,obp_pool_top33
2021,BOS,8,3,MLB,obp_pool_top33
2021,CHC,10,2,MLB,obp_pool_top33
2021,CIN,9,3,MLB,obp_pool_top33
2021,CLE,8,1,MLB,obp_pool_top33
2021,COL,9,1,MLB,obp_pool_top33
2021,CWS,6,3,MLB,obp_pool_top33
2021,DET,9,2,MLB,obp_pool_top33
2021,HOU,11,3,MLB,obp_pool_top33
2021,KC,8,1,MLB,obp_pool_top33
2021,LAA,8,1,MLB,obp_pool_top33
2021,LAD,9,3,MLB,obp_pool_top33
2021,MIA,5,0,MLB,obp_pool_top33
2021,MIL,8,2,MLB,obp_pool_top33
2021,MIN,8,2,MLB,obp_pool_top33
2021,NYM,9,1,MLB,obp_pool_top33
2021,NYY,8,3,MLB,obp_pool_top33
2021,OAK,9,3,MLB,obp_pool_top33
2021,PHI,10,2,MLB,obp_pool_top33
2021,PIT,8,3,MLB,obp_pool_top33
2021,SD,9,2,MLB,obp_pool_top33
2021,SEA,8,1,MLB,obp_pool_top33
2021,SF,10,3,MLB,obp_pool_top33
2021,STL,9,2,MLB,obp_pool_top33
2021,TB,10,1,MLB,obp_pool_top33
2021,TEX,6,2,MLB,obp_pool_top33
2021,TOR,7,3,MLB,obp_pool_top33
2021,WSH,8,2,MLB,obp_pool_top33
2022,ATL,9,3,MLB,obp_pool_top33
2022,AZ,9,1,MLB,obp_pool_top33
2022,BAL,9,2,MLB,obp_pool_top33
2022,BOS,9,3,MLB,obp_pool_top33
2022,CHC,7,3,MLB,obp_pool_top33
2022,CIN,7,2,MLB,obp_pool_top33
2022,CLE,9,3,MLB,obp_pool_top33
2022,COL,9,1,MLB,obp_pool_top33
2022,CWS,11,2,MLB,obp_pool_top33
2022,DET,12,0,MLB,obp_pool_top33
2022,HOU,9,3,MLB,obp_pool_top33
2022,KC,8,1,MLB,obp_pool_top33
2022,LAA,8,3,MLB,obp_pool_top33
2022,LAD,9,3,MLB,obp_pool_top33
2022,MIA,11,1,MLB,obp_pool_top33
2022,MIL,10,2,MLB,obp_pool_top33
2022,MIN,10,2,MLB,obp_pool_top33
2022,NYM,9,3,MLB,obp_pool_top33
2022,NYY,9,3,MLB,obp_pool_top33
2022,OAK,7,1,MLB,obp_pool_top33
2022,PHI,9,2,MLB,obp_pool_top33
2022,PIT,7,1,MLB,obp_pool_top33
2022,SD,8,1,MLB,obp_pool_top33
2022,SEA,8,3,MLB,obp_pool_top33
2022,SF,8,2,MLB,obp_pool_top33
2022,STL,9,3,MLB,obp_pool_top33
2022,TB,8,2,MLB,obp_pool_top33
2022,TEX,7,1,MLB,obp_pool_top33
2022,TOR,10,3,MLB,obp_pool_top33
2022,WSH,10,2,MLB,obp_pool_top33
2023,ATL,9,3,MLB,obp_pool_top33
2023,AZ,8,2,MLB,obp_pool_top33
2023,BAL,10,1,MLB,obp_pool_top33
2023,BOS,9,3,MLB,obp_pool_top33
2023,CHC,9,3,MLB,obp_pool_top33
2023,CIN,9,3,MLB,obp_pool_top33
2023,CLE,9,3,MLB,obp_pool_top33
2023,COL,9,2,MLB,obp_pool_top33
2023,CWS,10,0,MLB,obp_pool_top33
2023,DET,10,2,MLB,obp_pool_top33
2023,HOU,12,3,MLB,obp_pool_top33
2023,KC,9,0,MLB,obp_pool_top33
2023,LAA,9,3,MLB,obp_pool_top33
2023,LAD,11,2,MLB,obp_pool_top33
2023,MIA,11,2,MLB,obp_pool_top33
2023,MIL,9,2,MLB,obp_pool_top33
2023,MIN,13,2,MLB,obp_pool_top33
2023,NYM,9,1,MLB,obp_pool_top33
2023,NYY,9,2,MLB,obp_pool_top33
2023,OAK,11,1,MLB,obp_pool_top33
2023,PHI,9,3,MLB,obp_pool_top33
2023,PIT,7,2,MLB,obp_pool_top33
2023,SD,7,2,MLB,obp_pool_top33
2023,SEA,7,1,MLB,obp_pool_top33
2023,SF,10,2,MLB,obp_pool_top33
2023,STL,10,3,MLB,obp_pool_top33
2023,TB,12,2,MLB,obp_pool_top33
2023,TEX,10,3,MLB,obp_pool_top33
2023,TOR,11,3,MLB,obp_pool_top33
2023,WSH,8,1,MLB,obp_pool_top33
2024,ATL,9,2,MLB,obp_pool_top33
2024,AZ,10,3,MLB,obp_pool_top33
2024,BAL,9,1,MLB,obp_pool_top33
2024,BOS,9,3,MLB,obp_pool_top33
2024,CHC,10,3,MLB,obp_pool_top33
2024,CIN,9,3,MLB,obp_pool_top33
2024,CLE,9,3,MLB,obp_pool_top33
2024,COL,8,1,MLB,obp_pool_top33
2024,CWS,8,0,MLB,obp_pool_top33
2024,DET,9,2,MLB,obp_pool_top33
2024,HOU,9,3,MLB,obp_pool_top33
2024,KC,9,2,MLB,obp_pool_top33
2024,LAA,8,1,MLB,obp_pool_top33
2024,LAD,9,3,MLB,obp_pool_top33
2024,MIA,8,1,MLB,obp_pool_top33
2024,MIL,10,3,MLB,obp_pool_top33
2024,MIN,12,3,MLB,obp_pool_top33
2024,NYM,10,2,MLB,obp_pool_top33
2024,NYY,9,2,MLB,obp_pool_top33
2024,OAK,9,1,MLB,obp_pool_top33
2024,PHI,9,3,MLB,obp_pool_top33
2024,PIT,9,2,MLB,obp_pool_top33
2024,SD,9,2,MLB,obp_pool_top33
2024,SEA,10,0,MLB,obp_pool_top33
2024,SF,9,3,MLB,obp_pool_top33
2024,STL,9,3,MLB,obp_pool_top33
2024,TB,10,2,MLB,obp_pool_top33
2024,TEX,8,3,MLB,obp_pool_top33
2024,TOR,9,3,MLB,obp_pool_top33
2024,WSH,9,2,MLB,obp_pool_top33
2025,ATH,8,2,MLB,obp_pool_top33
2025,ATL,10,3,MLB,obp_pool_top33
2025,AZ,8,2,MLB,obp_pool_top33
2025,BAL,8,2,MLB,obp_pool_top33
2025,BOS,9,3,MLB,obp_pool_top33
2025,CHC,9,2,MLB,obp_pool_top33
2025,CIN,10,2,MLB,obp_pool_top33
2025,CLE,10,1,MLB,obp_pool_top33
2025,COL,9,1,MLB,obp_pool_top33
2025,CWS,9,1,MLB,obp_pool_top33
2025,DET,10,1,MLB,obp_pool_top33
2025,HOU,9,2,MLB,obp_pool_top33
2025,KC,6,2,MLB,obp_pool_top33
2025,LAA,8,1,MLB,obp_pool_top33
2025,LAD,10,3,MLB,obp_pool_top33
2025,MIA,10,2,MLB,obp_pool_top33
2025,MIL,9,3,MLB,obp_pool_top33
2025,MIN,11,2,MLB,obp_pool_top33
2025,NYM,9,3,MLB,obp_pool_top33
2025,NYY,9,3,MLB,obp_pool_top33
2025,PHI,9,3,MLB,obp_pool_top33
2025,PIT,10,2,MLB,obp_pool_top33
2025,SD,8,3,MLB,obp_pool_top33
2025,SEA,5,1,MLB,obp_pool_top33
2025,SF,9,2,MLB,obp_pool_top33
2025,STL,11,3,MLB,obp_pool_top33
2025,TB,9,2,MLB,obp_pool_top33
2025,TEX,10,3,MLB,obp_pool_top33
2025,TOR,8,3,MLB,obp_pool_top33
2025,WSH,8,2,MLB,obp_pool_top33
2021,ATL,6,2,MLB,onbase_bb_pct
2021,AZ,11,2,MLB,onbase_bb_pct
2021,BAL,8,1,MLB,onbase_bb_pct
2021,BOS,8,2,MLB,onbase_bb_pct
2021,CHC,10,2,MLB,onbase_bb_pct
2021,CIN,9,2,MLB,onbase_bb_pct
2021,CLE,8,3,MLB,onbase_bb_pct
2021,COL,9,2,MLB,onbase_bb_pct
2021,CWS,6,3,MLB,onbase_bb_pct
2021,DET,9,3,MLB,onbase_bb_pct
2021,HOU,11,2,MLB,onbase_bb_pct
2021,KC,8,0,MLB,onbase_bb_pct
2021,LAA,8,2,MLB,onbase_bb_pct
2021,LAD,9,2,MLB,onbase_bb_pct
2021,MIA,5,1,MLB,onbase_bb_pct
2021,MIL,8,2,MLB,onbase_bb_pct
2021,MIN,8,2,MLB,onbase_bb_pct
2021,NYM,9,3,MLB,onbase_bb_pct
2021,NYY,8,3,MLB,onbase_bb_pct
2021,OAK,9,3,MLB,onbase_bb_pct
2021,PHI,10,2,MLB,onbase_bb_pct
2021,PIT,8,2,MLB,onbase_bb_pct
2021,SD,9,2,MLB,onbase_bb_pct
2021,SEA,8,0,MLB,onbase_bb_pct
2021,SF,10,3,MLB,onbase_bb_pct
2021,STL,9,2,MLB,onbase_bb_pct
2021,TB,10,3,MLB,onbase_bb_pct
2021,TEX,6,2,MLB,onbase_bb_pct
2021,TOR,7,2,MLB,onbase_bb_pct
2021,WSH,8,2,MLB,onbase_bb_pct
2022,ATL,9,2,MLB,onbase_bb_pct
2022,AZ,9,2,MLB,onbase_bb_pct
2022,BAL,9,3,MLB,onbase_bb_pct
2022,BOS,9,2,MLB,onbase_bb_pct
2022,CHC,7,3,MLB,onbase_bb_pct
2022,CIN,7,0,MLB,onbase_bb_pct
2022,CLE,9,2,MLB,onbase_bb_pct
2022,COL,9,1,MLB,onbase_bb_pct
2022,CWS,11,2,MLB,onbase_bb_pct
2022,DET,12,1,MLB,onbase_bb_pct
2022,HOU,9,3,MLB,onbase_bb_pct
2022,KC,8,2,MLB,onbase_bb_pct
2022,LAA,8,3,MLB,onbase_bb_pct
2022,LAD,9,3,MLB,onbase_bb_pct
2022,MIA,11,2,MLB,onbase_bb_pct
2022,MIL,10,2,MLB,onbase_bb_pct
2022,MIN,10,3,MLB,onbase_bb_pct
2022,NYM,9,1,MLB,onbase_bb_pct
2022,NYY,9,3,MLB,onbase_bb_pct
2022,OAK,7,2,MLB,onbase_bb_pct
2022,PHI,9,2,MLB,onbase_bb_pct
2022,PIT,7,2,MLB,onbase_bb_pct
2022,SD,8,3,MLB,onbase_bb_pct
2022,SEA,8,1,MLB,onbase_bb_pct
2022,SF,8,2,MLB,onbase_bb_pct
2022,STL,9,2,MLB,onbase_bb_pct
2022,TB,8,1,MLB,onbase_bb_pct
2022,TEX,7,1,MLB,onbase_bb_pct
2022,TOR,10,3,MLB,onbase_bb_pct
2022,WSH,10,2,MLB,onbase_bb_pct
2023,ATL,9,3,MLB,onbase_bb_pct
2023,AZ,8,3,MLB,onbase_bb_pct
2023,BAL,10,2,MLB,onbase_bb_pct
2023,BOS,9,2,MLB,onbase_bb_pct
2023,CHC,9,2,MLB,onbase_bb_pct
2023,CIN,9,2,MLB,onbase_bb_pct
2023,CLE,9,2,MLB,onbase_bb_pct
2023,COL,9,3,MLB,onbase_bb_pct
2023,CWS,10,0,MLB,onbase_bb_pct
2023,DET,10,1,MLB,onbase_bb_pct
2023,HOU,12,3,MLB,onbase_bb_pct
2023,KC,9,1,MLB,onbase_bb_pct
2023,LAA,9,3,MLB,onbase_bb_pct
2023,LAD,11,2,MLB,onbase_bb_pct
2023,MIA,11,2,MLB,onbase_bb_pct
2023,MIL,9,3,MLB,onbase_bb_pct
2023,MIN,13,3,MLB,onbase_bb_pct
2023,NYM,9,3,MLB,onbase_bb_pct
2023,NYY,9,3,MLB,onbase_bb_pct
2023,OAK,11,3,MLB,onbase_bb_pct
2023,PHI,9,3,MLB,onbase_bb_pct
2023,PIT,7,2,MLB,onbase_bb_pct
2023,SD,7,1,MLB,onbase_bb_pct
2023,SEA,7,2,MLB,onbase_bb_pct
2023,SF,10,3,MLB,onbase_bb_pct
2023,STL,10,3,MLB,onbase_bb_pct
2023,TB,12,2,MLB,onbase_bb_pct
2023,TEX,10,3,MLB,onbase_bb_pct
2023,TOR,11,2,MLB,onbase_bb_pct
2023,WSH,8,0,MLB,onbase_bb_pct
2024,ATL,9,2,MLB,onbase_bb_pct
2024,AZ,10,3,MLB,onbase_bb_pct
2024,BAL,9,2,MLB,onbase_bb_pct
2024,BOS,9,3,MLB,onbase_bb_pct
2024,CHC,10,3,MLB,onbase_bb_pct
2024,CIN,9,3,MLB,onbase_bb_pct
2024,CLE,9,2,MLB,onbase_bb_pct
2024,COL,8,2,MLB,onbase_bb_pct
2024,CWS,8,0,MLB,onbase_bb_pct
2024,DET,9,2,MLB,onbase_bb_pct
2024,HOU,9,2,MLB,onbase_bb_pct
2024,KC,9,0,MLB,onbase_bb_pct
2024,LAA,8,1,MLB,onbase_bb_pct
2024,LAD,9,3,MLB,onbase_bb_pct
2024,MIA,8,1,MLB,onbase_bb_pct
2024,MIL,10,3,MLB,onbase_bb_pct
2024,MIN,12,2,MLB,onbase_bb_pct
2024,NYM,10,1,MLB,onbase_bb_pct
2024,NYY,9,3,MLB,onbase_bb_pct
2024,OAK,9,2,MLB,onbase_bb_pct
2024,PHI,9,2,MLB,onbase_bb_pct
2024,PIT,9,3,MLB,onbase_bb_pct
2024,SD,9,1,MLB,onbase_bb_pct
2024,SEA,10,1,MLB,onbase_bb_pct
2024,SF,9,2,MLB,onbase_bb_pct
2024,STL,9,2,MLB,onbase_bb_pct
2024,TB,10,1,MLB,onbase_bb_pct
2024,TEX,8,2,MLB,onbase_bb_pct
2024,TOR,9,3,MLB,onbase_bb_pct
2024,WSH,9,2,MLB,onbase_bb_pct
2025,ATH,8,2,MLB,onbase_bb_pct
2025,ATL,10,3,MLB,onbase_bb_pct
2025,AZ,8,2,MLB,onbase_bb_pct
2025,BAL,8,2,MLB,onbase_bb_pct
2025,BOS,9,3,MLB,onbase_bb_pct
2025,CHC,9,3,MLB,onbase_bb_pct
2025,CIN,10,2,MLB,onbase_bb_pct
2025,CLE,10,2,MLB,onbase_bb_pct
2025,COL,9,0,MLB,onbase_bb_pct
2025,CWS,9,3,MLB,onbase_bb_pct
2025,DET,10,2,MLB,onbase_bb_pct
2025,HOU,9,2,MLB,onbase_bb_pct
2025,KC,6,1,MLB,onbase_bb_pct
2025,LAA,8,2,MLB,onbase_bb_pct
2025,LAD,10,3,MLB,onbase_bb_pct
2025,MIA,10,3,MLB,onbase_bb_pct
2025,MIL,9,3,MLB,onbase_bb_pct
2025,MIN,11,2,MLB,onbase_bb_pct
2025,NYM,9,3,MLB,onbase_bb_pct
2025,NYY,9,3,MLB,onbase_bb_pct
2025,PHI,9,2,MLB,onbase_bb_pct
2025,PIT,10,3,MLB,onbase_bb_pct
2025,SD,8,2,MLB,onbase_bb_pct
2025,SEA,5,1,MLB,onbase_bb_pct
2025,SF,9,3,MLB,onbase_bb_pct
2025,STL,11,1,MLB,onbase_bb_pct
2025,TB,9,2,MLB,onbase_bb_pct
2025,TEX,10,3,MLB,onbase_bb_pct
2025,TOR,8,2,MLB,onbase_bb_pct
2025,WSH,8,2,MLB,onbase_bb_pct
2021,ATL,6,2,MLB,onbase_obp_minus_avg
2021,AZ,11,2,MLB,onbase_obp_minus_avg
2021,BAL,8,0,MLB,onbase_obp_minus_avg
2021,BOS,8,1,MLB,onbase_obp_minus_avg
2021,CHC,10,2,MLB,onbase_obp_minus_avg
2021,CIN,9,2,MLB,onbase_obp_minus_avg
2021,CLE,8,2,MLB,onbase_obp_minus_avg
2021,COL,9,2,MLB,onbase_obp_minus_avg
2021,CWS,6,3,MLB,onbase_obp_minus_avg
2021,DET,9,2,MLB,onbase_obp_minus_avg
2021,HOU,11,1,MLB,onbase_obp_minus_avg
2021,KC,8,0,MLB,onbase_obp_minus_avg
2021,LAA,8,2,MLB,onbase_obp_minus_avg
2021,LAD,9,2,MLB,onbase_obp_minus_avg
2021,MIA,5,0,MLB,onbase_obp_minus_avg
2021,MIL,8,2,MLB,onbase_obp_minus_avg
2021,MIN,8,2,MLB,onbase_obp_minus_avg
2021,NYM,9,3,MLB,onbase_obp_minus_avg
2021,NYY,8,3,MLB,onbase_obp_minus_avg
2021,OAK,9,3,MLB,onbase_obp_minus_avg
2021,PHI,10,2,MLB,onbase_obp_minus_avg
2021,PIT,8,2,MLB,onbase_obp_minus_avg
2021,SD,9,2,MLB,onbase_obp_minus_avg
2021,SEA,8,1,MLB,onbase_obp_minus_avg
2021,SF,10,3,MLB,onbase_obp_minus_avg
2021,STL,9,1,MLB,onbase_obp_minus_avg
2021,TB,10,3,MLB,onbase_obp_minus_avg
2021,TEX,6,2,MLB,onbase_obp_minus_avg
2021,TOR,7,2,MLB,onbase_obp_minus_avg
2021,WSH,8,2,MLB,onbase_obp_minus_avg
2022,ATL,9,2,MLB,onbase_obp_minus_avg
2022,AZ,9,1,MLB,onbase_obp_minus_avg
2022,BAL,9,3,MLB,onbase_obp_minus_avg
2022,BOS,9,1,MLB,onbase_obp_minus_avg
2022,CHC,7,3,MLB,onbase_obp_minus_avg
2022,CIN,7,1,MLB,onbase_obp_minus_avg
2022,CLE,9,3,MLB,onbase_obp_minus_avg
2022,COL,9,1,MLB,onbase_obp_minus_avg
2022,CWS,11,1,MLB,onbase_obp_minus_avg
2022,DET,12,0,MLB,onbase_obp_minus_avg
2022,HOU,9,3,MLB,onbase_obp_minus_avg
2022,KC,8,1,MLB,onbase_obp_minus_avg
2022,LAA,8,3,MLB,onbase_obp_minus_avg
2022,LAD,9,3,MLB,onbase_obp_minus_avg
2022,MIA,11,2,MLB,onbase_obp_minus_avg
2022,MIL,10,2,MLB,onbase_obp_minus_avg
2022,MIN,10,2,MLB,onbase_obp_minus_avg
2022,NYM,9,1,MLB,onbase_obp_minus_avg
2022,NYY,9,3,MLB,onbase_obp_minus_avg
2022,OAK,7,2,MLB,onbase_obp_minus_avg
2022,PHI,9,2,MLB,onbase_obp_minus_avg
2022,PIT,7,2,MLB,onbase_obp_minus_avg
2022,SD,8,3,MLB,onbase_obp_minus_avg
2022,SEA,8,1,MLB,onbase_obp_minus_avg
2022,SF,8,2,MLB,onbase_obp_minus_avg
2022,STL,9,2,MLB,onbase_obp_minus_avg
2022,TB,8,1,MLB,onbase_obp_minus_avg
2022,TEX,7,1,MLB,onbase_obp_minus_avg
2022,TOR,10,2,MLB,onbase_obp_minus_avg
2022,WSH,10,2,MLB,onbase_obp_minus_avg
2023,ATL,9,3,MLB,onbase_obp_minus_avg
2023,AZ,8,3,MLB,onbase_obp_minus_avg
2023,BAL,10,1,MLB,onbase_obp_minus_avg
2023,BOS,9,2,MLB,onbase_obp_minus_avg
2023,CHC,9,1,MLB,onbase_obp_minus_avg
2023,CIN,9,2,MLB,onbase_obp_minus_avg
2023,CLE,9,2,MLB,onbase_obp_minus_avg
2023,COL,9,3,MLB,onbase_obp_minus_avg
2023,CWS,10,0,MLB,onbase_obp_minus_avg
2023,DET,10,1,MLB,onbase_obp_minus_avg
2023,HOU,12,3,MLB,onbase_obp_minus_avg
2023,KC,9,1,MLB,onbase_obp_minus_avg
2023,LAA,9,3,MLB,onbase_obp_minus_avg
2023,LAD,11,2,MLB,onbase_obp_minus_avg
2023,MIA,11,2,MLB,onbase_obp_minus_avg
2023,MIL,9,3,MLB,onbase_obp_minus_avg
2023,MIN,13,2,MLB,onbase_obp_minus_avg
2023,NYM,9,3,MLB,onbase_obp_minus_avg
2023,NYY,9,3,MLB,onbase_obp_minus_avg
2023,OAK,11,2,MLB,onbase_obp_minus_avg
2023,PHI,9,3,MLB,onbase_obp_minus_avg
2023,PIT,7,2,MLB,onbase_obp_minus_avg
2023,SD,7,1,MLB,onbase_obp_minus_avg
2023,SEA,7,2,MLB,onbase_obp_minus_avg
2023,SF,10,2,MLB,onbase_obp_minus_avg
2023,STL,10,3,MLB,onbase_obp_minus_avg
2023,TB,12,2,MLB,onbase_obp_minus_avg
2023,TEX,10,2,MLB,onbase_obp_minus_avg
2023,TOR,11,2,MLB,onbase_obp_minus_avg
2023,WSH,8,1,MLB,onbase_obp_minus_avg
2024,ATL,9,2,MLB,onbase_obp_minus_avg
2024,AZ,10,3,MLB,onbase_obp_minus_avg
2024,BAL,9,2,MLB,onbase_obp_minus_avg
2024,BOS,9,3,MLB,onbase_obp_minus_avg
2024,CHC,10,3,MLB,onbase_obp_minus_avg
2024,CIN,9,3,MLB,onbase_obp_minus_avg
2024,CLE,9,2,MLB,onbase_obp_minus_avg
2024,COL,8,2,MLB,onbase_obp_minus_avg
2024,CWS,8,0,MLB,onbase_obp_minus_avg
2024,DET,9,2,MLB,onbase_obp_minus_avg
2024,HOU,9,2,MLB,onbase_obp_minus_avg
2024,KC,9,0,MLB,onbase_obp_minus_avg
2024,LAA,8,1,MLB,onbase_obp_minus_avg
2024,LAD,9,3,MLB,onbase_obp_minus_avg
2024,MIA,8,1,MLB,onbase_obp_minus_avg
2024,MIL,10,3,MLB,onbase_obp_minus_avg
2024,MIN,12,2,MLB,onbase_obp_minus_avg
2024,NYM,10,2,MLB,onbase_obp_minus_avg
2024,NYY,9,2,MLB,onbase_obp_minus_avg
2024,OAK,9,2,MLB,onbase_obp_minus_avg
2024,PHI,9,2,MLB,onbase_obp_minus_avg
2024,PIT,9,2,MLB,onbase_obp_minus_avg
2024,SD,9,1,MLB,onbase_obp_minus_avg
2024,SEA,10,2,MLB,onbase_obp_minus_avg
2024,SF,9,2,MLB,onbase_obp_minus_avg
2024,STL,9,2,MLB,onbase_obp_minus_avg
2024,TB,10,1,MLB,onbase_obp_minus_avg
2024,TEX,8,3,MLB,onbase_obp_minus_avg
2024,TOR,9,3,MLB,onbase_obp_minus_avg
2024,WSH,9,2,MLB,onbase_obp_minus_avg
2025,ATH,8,1,MLB,onbase_obp_minus_avg
2025,ATL,10,2,MLB,onbase_obp_minus_avg
2025,AZ,8,3,MLB,onbase_obp_minus_avg
2025,BAL,8,2,MLB,onbase_obp_minus_avg
2025,BOS,9,3,MLB,onbase_obp_minus_avg
2025,CHC,9,3,MLB,onbase_obp_minus_avg
2025,CIN,10,2,MLB,onbase_obp_minus_avg
2025,CLE,10,2,MLB,onbase_obp_minus_avg
2025,COL,9,1,MLB,onbase_obp_minus_avg
2025,CWS,9,2,MLB,onbase_obp_minus_avg
2025,DET,10,2,MLB,onbase_obp_minus_avg
2025,HOU,9,1,MLB,onbase_obp_minus_avg
2025,KC,6,0,MLB,onbase_obp_minus_avg
2025,LAA,8,2,MLB,onbase_obp_minus_avg
2025,LAD,10,3,MLB,onbase_obp_minus_avg
2025,MIA,10,2,MLB,onbase_obp_minus_avg
2025,MIL,9,3,MLB,onbase_obp_minus_avg
2025,MIN,11,2,MLB,onbase_obp_minus_avg
2025,NYM,9,3,MLB,onbase_obp_minus_avg
2025,NYY,9,3,MLB,onbase_obp_minus_avg
2025,PHI,9,2,MLB,onbase_obp_minus_avg
2025,PIT,10,3,MLB,onbase_obp_minus_avg
2025,SD,8,2,MLB,onbase_obp_minus_avg
2025,SEA,5,1,MLB,onbase_obp_minus_avg
2025,SF,9,3,MLB,onbase_obp_minus_avg
2025,STL,11,2,MLB,onbase_obp_minus_avg
2025,TB,9,1,MLB,onbase_obp_minus_avg
2025,TEX,10,3,MLB,onbase_obp_minus_avg
2025,TOR,8,2,MLB,onbase_obp_minus_avg
2025,WSH,8,2,MLB,onbase_obp_minus_avg
2021,ATL,6,3,MLB,prod_woba
2021,AZ,11,3,MLB,prod_woba
2021,BAL,8,1,MLB,prod_woba
2021,BOS,8,3,MLB,prod_woba
2021,CHC,10,2,MLB,prod_woba
2021,CIN,9,3,MLB,prod_woba
2021,CLE,8,2,MLB,prod_woba
2021,COL,9,3,MLB,prod_woba
2021,CWS,6,3,MLB,prod_woba
2021,DET,9,3,MLB,prod_woba
2021,HOU,11,3,MLB,prod_woba
2021,KC,8,2,MLB,prod_woba
2021,LAA,8,3,MLB,prod_woba
2021,LAD,9,3,MLB,prod_woba
2021,MIA,5,1,MLB,prod_woba
2021,MIL,8,3,MLB,prod_woba
2021,MIN,8,3,MLB,prod_woba
2021,NYM,9,3,MLB,prod_woba
2021,NYY,8,3,MLB,prod_woba
2021,OAK,9,3,MLB,prod_woba
2021,PHI,10,3,MLB,prod_woba
2021,PIT,8,3,MLB,prod_woba
2021,SD,9,3,MLB,prod_woba
2021,SEA,8,3,MLB,prod_woba
2021,SF,10,3,MLB,prod_woba
2021,STL,9,3,MLB,prod_woba
2021,TB,10,2,MLB,prod_woba
2021,TEX,6,2,MLB,prod_woba
2021,TOR,7,3,MLB,prod_woba
2021,WSH,8,3,MLB,prod_woba
2022,ATL,9,3,MLB,prod_woba
2022,AZ,9,3,MLB,prod_woba
2022,BAL,9,3,MLB,prod_woba
2022,BOS,9,3,MLB,prod_woba
2022,CHC,7,3,MLB,prod_woba
2022,CIN,7,3,MLB,prod_woba
2022,CLE,9,3,MLB,prod_woba
2022,COL,9,3,MLB,prod_woba
2022,CWS,11,3,MLB,prod_woba
2022,DET,12,1,MLB,prod_woba
2022,HOU,9,3,MLB,prod_woba
2022,KC,8,2,MLB,prod_woba
2022,LAA,8,3,MLB,prod_woba
2022,LAD,9,3,MLB,prod_woba
2022,MIA,11,1,MLB,prod_woba
2022,MIL,10,3,MLB,prod_woba
2022,MIN,10,2,MLB,prod_woba
2022,NYM,9,3,MLB,prod_woba
2022,NYY,9,3,MLB,prod_woba
2022,OAK,7,1,MLB,prod_woba
2022,PHI,9,3,MLB,prod_woba
2022,PIT,7,1,MLB,prod_woba
2022,SD,8,3,MLB,prod_woba
2022,SEA,8,3,MLB,prod_woba
2022,SF,8,3,MLB,prod_woba
2022,STL,9,3,MLB,prod_woba
2022,TB,8,3,MLB,prod_woba
2022,TEX,7,2,MLB,prod_woba
2022,TOR,10,3,MLB,prod_woba
2022,WSH,10,3,MLB,prod_woba
2023,ATL,9,3,MLB,prod_woba
2023,AZ,8,3,MLB,prod_woba
2023,BAL,10,3,MLB,prod_woba
2023,BOS,9,3,MLB,prod_woba
2023,CHC,9,3,MLB,prod_woba
2023,CIN,9,3,MLB,prod_woba
2023,CLE,9,3,MLB,prod_woba
2023,COL,9,3,MLB,prod_woba
2023,CWS,10,0,MLB,prod_woba
2023,DET,10,2,MLB,prod_woba
2023,HOU,12,3,MLB,prod_woba
2023,KC,9,0,MLB,prod_woba
2023,LAA,9,3,MLB,prod_woba
2023,LAD,11,3,MLB,prod_woba
2023,MIA,11,3,MLB,prod_woba
2023,MIL,9,2,MLB,prod_woba
2023,MIN,13,3,MLB,prod_woba
2023,NYM,9,2,MLB,prod_woba
2023,NYY,9,3,MLB,prod_woba
2023,OAK,11,3,MLB,prod_woba
2023,PHI,9,3,MLB,prod_woba
2023,PIT,7,3,MLB,prod_woba
2023,SD,7,2,MLB,prod_woba
2023,SEA,7,2,MLB,prod_woba
2023,SF,10,3,MLB,prod_woba
2023,STL,10,3,MLB,prod_woba
2023,TB,12,3,MLB,prod_woba
2023,TEX,10,3,MLB,prod_woba
2023,TOR,11,3,MLB,prod_woba
2023,WSH,8,2,MLB,prod_woba
2024,ATL,9,3,MLB,prod_woba
2024,AZ,10,3,MLB,prod_woba
2024,BAL,9,1,MLB,prod_woba
2024,BOS,9,3,MLB,prod_woba
2024,CHC,10,3,MLB,prod_woba
2024,CIN,9,3,MLB,prod_woba
2024,CLE,9,3,MLB,prod_woba
2024,COL,8,2,MLB,prod_woba
2024,CWS,8,0,MLB,prod_woba
2024,DET,9,3,MLB,prod_woba
2024,HOU,9,3,MLB,prod_woba
2024,KC,9,3,MLB,prod_woba
2024,LAA,8,3,MLB,prod_woba
2024,LAD,9,3,MLB,prod_woba
2024,MIA,8,2,MLB,prod_woba
2024,MIL,10,3,MLB,prod_woba
2024,MIN,12,3,MLB,prod_woba
2024,NYM,10,3,MLB,prod_woba
2024,NYY,9,2,MLB,prod_woba
2024,OAK,9,3,MLB,prod_woba
2024,PHI,9,3,MLB,prod_woba
2024,PIT,9,3,MLB,prod_woba
2024,SD,9,3,MLB,prod_woba
2024,SEA,10,2,MLB,prod_woba
2024,SF,9,3,MLB,prod_woba
2024,STL,9,3,MLB,prod_woba
2024,TB,10,2,MLB,prod_woba
2024,TEX,8,3,MLB,prod_woba
2024,TOR,9,3,MLB,prod_woba
2024,WSH,9,3,MLB,prod_woba
2025,ATH,8,3,MLB,prod_woba
2025,ATL,10,3,MLB,prod_woba
2025,AZ,8,3,MLB,prod_woba
2025,BAL,8,2,MLB,prod_woba
2025,BOS,9,3,MLB,prod_woba
2025,CHC,9,3,MLB,prod_woba
2025,CIN,10,2,MLB,prod_woba
2025,CLE,10,2,MLB,prod_woba
2025,COL,9,2,MLB,prod_woba
2025,CWS,9,2,MLB,prod_woba
2025,DET,10,2,MLB,prod_woba
2025,HOU,9,3,MLB,prod_woba
2025,KC,6,3,MLB,prod_woba
2025,LAA,8,3,MLB,prod_woba
2025,LAD,10,3,MLB,prod_woba
2025,MIA,10,3,MLB,prod_woba
2025,MIL,9,3,MLB,prod_woba
2025,MIN,11,3,MLB,prod_woba
2025,NYM,9,3,MLB,prod_woba
2025,NYY,9,3,MLB,prod_woba
2025,PHI,9,3,MLB,prod_woba
2025,PIT,10,3,MLB,prod_woba
2025,SD,8,3,MLB,prod_woba
2025,SEA,5,3,MLB,prod_woba
2025,SF,9,3,MLB,prod_woba
2025,STL,11,3,MLB,prod_woba
2025,TB,9,2,MLB,prod_woba
2025,TEX,10,3,MLB,prod_woba
2025,TOR,8,3,MLB,prod_woba
2025,WSH,8,3,MLB,prod_woba
2021,ATL,6,3,MLB,prod_wrc_pf
2021,AZ,11,3,MLB,prod_wrc_pf
2021,BAL,8,1,MLB,prod_wrc_pf
2021,BOS,8,3,MLB,prod_wrc_pf
2021,CHC,10,2,MLB,prod_wrc_pf
2021,CIN,9,3,MLB,prod_wrc_pf
2021,CLE,8,2,MLB,prod_wrc_pf
2021,COL,9,3,MLB,prod_wrc_pf
2021,CWS,6,3,MLB,prod_wrc_pf
2021,DET,9,3,MLB,prod_wrc_pf
2021,HOU,11,3,MLB,prod_wrc_pf
2021,KC,8,2,MLB,prod_wrc_pf
2021,LAA,8,3,MLB,prod_wrc_pf
2021,LAD,9,3,MLB,prod_wrc_pf
2021,MIA,5,1,MLB,prod_wrc_pf
2021,MIL,8,3,MLB,prod_wrc_pf
2021,MIN,8,3,MLB,prod_wrc_pf
2021,NYM,9,3,MLB,prod_wrc_pf
2021,NYY,8,3,MLB,prod_wrc_pf
2021,OAK,9,3,MLB,prod_wrc_pf
2021,PHI,10,3,MLB,prod_wrc_pf
2021,PIT,8,3,MLB,prod_wrc_pf
2021,SD,9,3,MLB,prod_wrc_pf
2021,SEA,8,3,MLB,prod_wrc_pf
2021,SF,10,3,MLB,prod_wrc_pf
2021,STL,9,3,MLB,prod_wrc_pf
2021,TB,10,2,MLB,prod_wrc_pf
2021,TEX,6,2,MLB,prod_wrc_pf
2021,TOR,7,3,MLB,prod_wrc_pf
2021,WSH,8,3,MLB,prod_wrc_pf
2022,ATL,9,3,MLB,prod_wrc_pf
2022,AZ,9,3,MLB,prod_wrc_pf
2022,BAL,9,3,MLB,prod_wrc_pf
2022,BOS,9,3,MLB,prod_wrc_pf
2022,CHC,7,3,MLB,prod_wrc_pf
2022,CIN,7,3,MLB,prod_wrc_pf
2022,CLE,9,3,MLB,prod_wrc_pf
2022,COL,9,3,MLB,prod_wrc_pf
2022,CWS,11,3,MLB,prod_wrc_pf
2022,DET,12,1,MLB,prod_wrc_pf
2022,HOU,9,3,MLB,prod_wrc_pf
2022,KC,8,2,MLB,prod_wrc_pf
2022,LAA,8,3,MLB,prod_wrc_pf
2022,LAD,9,3,MLB,prod_wrc_pf
2022,MIA,11,1,MLB,prod_wrc_pf
2022,MIL,10,3,MLB,prod_wrc_pf
2022,MIN,10,2,MLB,prod_wrc_pf
2022,NYM,9,3,MLB,prod_wrc_pf
2022,NYY,9,3,MLB,prod_wrc_pf
2022,OAK,7,1,MLB,prod_wrc_pf
2022,PHI,9,3,MLB,prod_wrc_pf
2022,PIT,7,1,MLB,prod_wrc_pf
2022,SD,8,3,MLB,prod_wrc_pf
2022,SEA,8,3,MLB,prod_wrc_pf
2022,SF,8,3,MLB,prod_wrc_pf
2022,STL,9,3,MLB,prod_wrc_pf
2022,TB,8,3,MLB,prod_wrc_pf
2022,TEX,7,2,MLB,prod_wrc_pf
2022,TOR,10,3,MLB,prod_wrc_pf
2022,WSH,10,3,MLB,prod_wrc_pf
2023,ATL,9,3,MLB,prod_wrc_pf
2023,AZ,8,3,MLB,prod_wrc_pf
2023,BAL,10,3,MLB,prod_wrc_pf
2023,BOS,9,3,MLB,prod_wrc_pf
2023,CHC,9,3,MLB,prod_wrc_pf
2023,CIN,9,3,MLB,prod_wrc_pf
2023,CLE,9,3,MLB,prod_wrc_pf
2023,COL,9,3,MLB,prod_wrc_pf
2023,CWS,10,0,MLB,prod_wrc_pf
2023,DET,10,2,MLB,prod_wrc_pf
2023,HOU,12,3,MLB,prod_wrc_pf
2023,KC,9,0,MLB,prod_wrc_pf
2023,LAA,9,3,MLB,prod_wrc_pf
2023,LAD,11,3,MLB,prod_wrc_pf
2023,MIA,11,3,MLB,prod_wrc_pf
2023,MIL,9,2,MLB,prod_wrc_pf
2023,MIN,13,3,MLB,prod_wrc_pf
2023,NYM,9,2,MLB,prod_wrc_pf
2023,NYY,9,3,MLB,prod_wrc_pf
2023,OAK,11,3,MLB,prod_wrc_pf
2023,PHI,9,3,MLB,prod_wrc_pf
2023,PIT,7,3,MLB,prod_wrc_pf
2023,SD,7,2,MLB,prod_wrc_pf
2023,SEA,7,2,MLB,prod_wrc_pf
2023,SF,10,3,MLB,prod_wrc_pf
2023,STL,10,3,MLB,prod_wrc_pf
2023,TB,12,3,MLB,prod_wrc_pf
2023,TEX,10,3,MLB,prod_wrc_pf
2023,TOR,11,3,MLB,prod_wrc_pf
2023,WSH,8,2,MLB,prod_wrc_pf
2024,ATL,9,3,MLB,prod_wrc_pf
2024,AZ,10,3,MLB,prod_wrc_pf
2024,BAL,9,1,MLB,prod_wrc_pf
2024,BOS,9,3,MLB,prod_wrc_pf
2024,CHC,10,3,MLB,prod_wrc_pf
2024,CIN,9,3,MLB,prod_wrc_pf
2024,CLE,9,3,MLB,prod_wrc_pf
2024,COL,8,2,MLB,prod_wrc_pf
2024,CWS,8,0,MLB,prod_wrc_pf
2024,DET,9,3,MLB,prod_wrc_pf
2024,HOU,9,3,MLB,prod_wrc_pf
2024,KC,9,3,MLB,prod_wrc_pf
2024,LAA,8,3,MLB,prod_wrc_pf
2024,LAD,9,3,MLB,prod_wrc_pf
2024,MIA,8,2,MLB,prod_wrc_pf
2024,MIL,10,3,MLB,prod_wrc_pf
2024,MIN,12,3,MLB,prod_wrc_pf
2024,NYM,10,3,MLB,prod_wrc_pf
2024,NYY,9,2,MLB,prod_wrc_pf
2024,OAK,9,3,MLB,prod_wrc_pf
2024,PHI,9,3,MLB,prod_wrc_pf
2024,PIT,9,3,MLB,prod_wrc_pf
2024,SD,9,3,MLB,prod_wrc_pf
2024,SEA,10,2,MLB,prod_wrc_pf
2024,SF,9,3,MLB,prod_wrc_pf
2024,STL,9,3,MLB,prod_wrc_pf
2024,TB,10,2,MLB,prod_wrc_pf
2024,TEX,8,3,MLB,prod_wrc_pf
2024,TOR,9,3,MLB,prod_wrc_pf
2024,WSH,9,3,MLB,prod_wrc_pf
2025,ATH,8,3,MLB,prod_wrc_pf
2025,ATL,10,3,MLB,prod_wrc_pf
2025,AZ,8,3,MLB,prod_wrc_pf
2025,BAL,8,2,MLB,prod_wrc_pf
2025,BOS,9,3,MLB,prod_wrc_pf
2025,CHC,9,3,MLB,prod_wrc_pf
2025,CIN,10,2,MLB,prod_wrc_pf
2025,CLE,10,2,MLB,prod_wrc_pf
2025,COL,9,2,MLB,prod_wrc_pf
2025,CWS,9,2,MLB,prod_wrc_pf
2025,DET,10,2,MLB,prod_wrc_pf
2025,HOU,9,3,MLB,prod_wrc_pf
2025,KC,6,3,MLB,prod_wrc_pf
2025,LAA,8,3,MLB,prod_wrc_pf
2025,LAD,10,3,MLB,prod_wrc_pf
2025,MIA,10,3,MLB,prod_wrc_pf
2025,MIL,9,3,MLB,prod_wrc_pf
2025,MIN,11,3,MLB,prod_wrc_pf
2025,NYM,9,3,MLB,prod_wrc_pf
2025,NYY,9,3,MLB,prod_wrc_pf
2025,PHI,9,3,MLB,prod_wrc_pf
2025,PIT,10,3,MLB,prod_wrc_pf
2025,SD,8,3,MLB,prod_wrc_pf
2025,SEA,5,3,MLB,prod_wrc_pf
2025,SF,9,3,MLB,prod_wrc_pf
2025,STL,11,3,MLB,prod_wrc_pf
2025,TB,9,2,MLB,prod_wrc_pf
2025,TEX,10,3,MLB,prod_wrc_pf
2025,TOR,8,3,MLB,prod_wrc_pf
2025,WSH,8,3,MLB,prod_wrc_pf
2021,ATL,6,3,MLB,weights_alt
2021,AZ,11,2,MLB,weights_alt
2021,BAL,8,1,MLB,weights_alt
2021,BOS,8,3,MLB,weights_alt
2021,CHC,10,2,MLB,weights_alt
2021,CIN,9,3,MLB,weights_alt
2021,CLE,8,2,MLB,weights_alt
2021,COL,9,3,MLB,weights_alt
2021,CWS,6,3,MLB,weights_alt
2021,DET,9,3,MLB,weights_alt
2021,HOU,11,3,MLB,weights_alt
2021,KC,8,2,MLB,weights_alt
2021,LAA,8,3,MLB,weights_alt
2021,LAD,9,3,MLB,weights_alt
2021,MIA,5,1,MLB,weights_alt
2021,MIL,8,3,MLB,weights_alt
2021,MIN,8,3,MLB,weights_alt
2021,NYM,9,3,MLB,weights_alt
2021,NYY,8,3,MLB,weights_alt
2021,OAK,9,3,MLB,weights_alt
2021,PHI,10,3,MLB,weights_alt
2021,PIT,8,3,MLB,weights_alt
2021,SD,9,3,MLB,weights_alt
2021,SEA,8,3,MLB,weights_alt
2021,SF,10,3,MLB,weights_alt
2021,STL,9,2,MLB,weights_alt
2021,TB,10,2,MLB,weights_alt
2021,TEX,6,2,MLB,weights_alt
2021,TOR,7,3,MLB,weights_alt
2021,WSH,8,3,MLB,weights_alt
2022,ATL,9,3,MLB,weights_alt
2022,AZ,9,3,MLB,weights_alt
2022,BAL,9,3,MLB,weights_alt
2022,BOS,9,3,MLB,weights_alt
2022,CHC,7,3,MLB,weights_alt
2022,CIN,7,3,MLB,weights_alt
2022,CLE,9,3,MLB,weights_alt
2022,COL,9,3,MLB,weights_alt
2022,CWS,11,3,MLB,weights_alt
2022,DET,12,1,MLB,weights_alt
2022,HOU,9,3,MLB,weights_alt
2022,KC,8,1,MLB,weights_alt
2022,LAA,8,3,MLB,weights_alt
2022,LAD,9,3,MLB,weights_alt
2022,MIA,11,1,MLB,weights_alt
2022,MIL,10,3,MLB,weights_alt
2022,MIN,10,2,MLB,weights_alt
2022,NYM,9,3,MLB,weights_alt
2022,NYY,9,3,MLB,weights_alt
2022,OAK,7,1,MLB,weights_alt
2022,PHI,9,3,MLB,weights_alt
2022,PIT,7,1,MLB,weights_alt
2022,SD,8,3,MLB,weights_alt
2022,SEA,8,3,MLB,weights_alt
2022,SF,8,3,MLB,weights_alt
2022,STL,9,3,MLB,weights_alt
2022,TB,8,3,MLB,weights_alt
2022,TEX,7,2,MLB,weights_alt
2022,TOR,10,3,MLB,weights_alt
2022,WSH,10,3,MLB,weights_alt
2023,ATL,9,3,MLB,weights_alt
2023,AZ,8,3,MLB,weights_alt
2023,BAL,10,3,MLB,weights_alt
2023,BOS,9,3,MLB,weights_alt
2023,CHC,9,2,MLB,weights_alt
2023,CIN,9,3,MLB,weights_alt
2023,CLE,9,3,MLB,weights_alt
2023,COL,9,3,MLB,weights_alt
2023,CWS,10,0,MLB,weights_alt
2023,DET,10,2,MLB,weights_alt
2023,HOU,12,3,MLB,weights_alt
2023,KC,9,0,MLB,weights_alt
2023,LAA,9,2,MLB,weights_alt
2023,LAD,11,3,MLB,weights_alt
2023,MIA,11,3,MLB,weights_alt
2023,MIL,9,2,MLB,weights_alt
2023,MIN,13,3,MLB,weights_alt
2023,NYM,9,2,MLB,weights_alt
2023,NYY,9,3,MLB,weights_alt
2023,OAK,11,3,MLB,weights_alt
2023,PHI,9,3,MLB,weights_alt
2023,PIT,7,3,MLB,weights_alt
2023,SD,7,2,MLB,weights_alt
2023,SEA,7,2,MLB,weights_alt
2023,SF,10,3,MLB,weights_alt
2023,STL,10,3,MLB,weights_alt
2023,TB,12,3,MLB,weights_alt
2023,TEX,10,3,MLB,weights_alt
2023,TOR,11,3,MLB,weights_alt
2023,WSH,8,2,MLB,weights_alt
2024,ATL,9,3,MLB,weights_alt
2024,AZ,10,3,MLB,weights_alt
2024,BAL,9,1,MLB,weights_alt
2024,BOS,9,3,MLB,weights_alt
2024,CHC,10,3,MLB,weights_alt
2024,CIN,9,3,MLB,weights_alt
2024,CLE,9,3,MLB,weights_alt
2024,COL,8,1,MLB,weights_alt
2024,CWS,8,0,MLB,weights_alt
2024,DET,9,3,MLB,weights_alt
2024,HOU,9,3,MLB,weights_alt
2024,KC,9,3,MLB,weights_alt
2024,LAA,8,3,MLB,weights_alt
2024,LAD,9,3,MLB,weights_alt
2024,MIA,8,2,MLB,weights_alt
2024,MIL,10,3,MLB,weights_alt
2024,MIN,12,3,MLB,weights_alt
2024,NYM,10,3,MLB,weights_alt
2024,NYY,9,2,MLB,weights_alt
2024,OAK,9,3,MLB,weights_alt
2024,PHI,9,3,MLB,weights_alt
2024,PIT,9,3,MLB,weights_alt
2024,SD,9,3,MLB,weights_alt
2024,SEA,10,2,MLB,weights_alt
2024,SF,9,3,MLB,weights_alt
2024,STL,9,3,MLB,weights_alt
2024,TB,10,2,MLB,weights_alt
2024,TEX,8,3,MLB,weights_alt
2024,TOR,9,3,MLB,weights_alt
2024,WSH,9,3,MLB,weights_alt
2025,ATH,8,3,MLB,weights_alt
2025,ATL,10,3,MLB,weights_alt
2025,AZ,8,3,MLB,weights_alt
2025,BAL,8,2,MLB,weights_alt
2025,BOS,9,3,MLB,weights_alt
2025,CHC,9,3,MLB,weights_alt
2025,CIN,10,2,MLB,weights_alt
2025,CLE,10,2,MLB,weights_alt
2025,COL,9,2,MLB,weights_alt
2025,CWS,9,2,MLB,weights_alt
2025,DET,10,1,MLB,weights_alt
2025,HOU,9,3,MLB,weights_alt
2025,KC,6,3,MLB,weights_alt
2025,LAA,8,3,MLB,weights_alt
2025,LAD,10,3,MLB,weights_alt
2025,MIA,10,3,MLB,weights_alt
2025,MIL,9,3,MLB,weights_alt
2025,MIN,11,2,MLB,weights_alt
2025,NYM,9,3,MLB,weights_alt
2025,NYY,9,3,MLB,weights_alt
2025,PHI,9,3,MLB,weights_alt
2025,PIT,10,3,MLB,weights_alt
2025,SD,8,3,MLB,weights_alt
2025,SEA,5,3,MLB,weights_alt
2025,SF,9,3,MLB,weights_alt
2025,STL,11,3,MLB,weights_alt
2025,TB,9,2,MLB,weights_alt
2025,TEX,10,3,MLB,weights_alt
2025,TOR,8,3,MLB,weights_alt
2025,WSH,8,3,MLB,weights_alt
2022,ATL,11,3,MLB,exante
2022,AZ,8,3,MLB,exante
2022,BAL,8,2,MLB,exante
2022,BOS,11,3,MLB,exante
2022,CHC,10,2,MLB,exante
2022,CIN,8,3,MLB,exante
2022,CLE,5,3,MLB,exante
2022,COL,10,3,MLB,exante
2022,CWS,9,3,MLB,exante
2022,DET,11,3,MLB,exante
2022,HOU,12,3,MLB,exante
2022,KC,7,2,MLB,exante
2022,LAA,8,3,MLB,exante
2022,LAD,11,3,MLB,exante
2022,MIA,7,2,MLB,exante
2022,MIL,11,2,MLB,exante
2022,MIN,8,2,MLB,exante
2022,NYM,11,3,MLB,exante
2022,NYY,12,3,MLB,exante
2022,OAK,7,2,MLB,exante
2022,PHI,11,3,MLB,exante
2022,PIT,5,2,MLB,exante
2022,SD,9,3,MLB,exante
2022,SEA,13,3,MLB,exante
2022,SF,8,3,MLB,exante
2022,STL,10,3,MLB,exante
2022,TB,10,2,MLB,exante
2022,TEX,6,3,MLB,exante
2022,TOR,10,3,MLB,exante
2022,WSH,7,3,MLB,exante
2023,ATL,8,3,MLB,exante
2023,AZ,11,3,MLB,exante
2023,BAL,9,2,MLB,exante
2023,BOS,10,3,MLB,exante
2023,CHC,11,3,MLB,exante
2023,CIN,6,3,MLB,exante
2023,CLE,11,3,MLB,exante
2023,COL,9,3,MLB,exante
2023,CWS,10,3,MLB,exante
2023,DET,8,1,MLB,exante
2023,HOU,8,3,MLB,exante
2023,KC,7,1,MLB,exante
2023,LAA,12,3,MLB,exante
2023,LAD,11,3,MLB,exante
2023,MIA,12,3,MLB,exante
2023,MIL,17,3,MLB,exante
2023,MIN,12,2,MLB,exante
2023,NYM,13,3,MLB,exante
2023,NYY,10,3,MLB,exante
2023,OAK,7,1,MLB,exante
2023,PHI,9,3,MLB,exante
2023,PIT,9,2,MLB,exante
2023,SD,14,3,MLB,exante
2023,SEA,9,3,MLB,exante
2023,SF,9,3,MLB,exante
2023,STL,9,3,MLB,exante
2023,TB,10,3,MLB,exante
2023,TEX,8,2,MLB,exante
2023,TOR,9,3,MLB,exante
2023,WSH,7,1,MLB,exante
2024,ATL,16,3,MLB,exante
2024,AZ,13,3,MLB,exante
2024,BAL,11,3,MLB,exante
2024,BOS,8,3,MLB,exante
2024,CHC,12,3,MLB,exante
2024,CIN,12,3,MLB,exante
2024,CLE,9,2,MLB,exante
2024,COL,8,3,MLB,exante
2024,CWS,13,1,MLB,exante
2024,DET,10,3,MLB,exante
2024,HOU,12,3,MLB,exante
2024,KC,13,2,MLB,exante
2024,LAA,8,2,MLB,exante
2024,LAD,16,3,MLB,exante
2024,MIA,9,2,MLB,exante
2024,MIL,7,2,MLB,exante
2024,MIN,11,3,MLB,exante
2024,NYM,10,3,MLB,exante
2024,NYY,13,3,MLB,exante
2024,OAK,10,3,MLB,exante
2024,PHI,11,3,MLB,exante
2024,PIT,12,3,MLB,exante
2024,SD,10,3,MLB,exante
2024,SEA,10,3,MLB,exante
2024,SF,10,3,MLB,exante
2024,STL,10,3,MLB,exante
2024,TB,10,3,MLB,exante
2024,TEX,9,3,MLB,exante
2024,TOR,11,3,MLB,exante
2024,WSH,10,1,MLB,exante
2025,ATH,9,3,MLB,exante
2025,ATL,13,3,MLB,exante
2025,AZ,9,3,MLB,exante
2025,BAL,11,2,MLB,exante
2025,BOS,11,3,MLB,exante
2025,CHC,13,3,MLB,exante
2025,CIN,12,3,MLB,exante
2025,CLE,8,3,MLB,exante
2025,COL,8,1,MLB,exante
2025,CWS,8,1,MLB,exante
2025,DET,9,3,MLB,exante
2025,HOU,13,3,MLB,exante
2025,KC,12,3,MLB,exante
2025,LAA,11,3,MLB,exante
2025,LAD,11,3,MLB,exante
2025,MIA,4,3,MLB,exante
2025,MIL,11,3,MLB,exante
2025,MIN,11,3,MLB,exante
2025,NYM,12,3,MLB,exante
2025,NYY,11,2,MLB,exante
2025,PHI,11,3,MLB,exante
2025,PIT,9,3,MLB,exante
2025,SD,12,3,MLB,exante
2025,SEA,13,3,MLB,exante
2025,SF,9,3,MLB,exante
2025,STL,8,3,MLB,exante
2025,TB,11,2,MLB,exante
2025,TEX,13,3,MLB,exante
2025,TOR,11,1,MLB,exante
2025,WSH,9,3,MLB,exante
