year,team,slot,games,woba,ops
2021,KIA,1,143,0.1926055033491732,0.7422377622377623
2021,KIA,2,120,0.1998240105539379,0.7666666666666667
2021,KIA,3,96,0.1872593846048299,0.7103333333333334
2021,KIA,4,61,0.18938627437057642,0.7223606557377049
2021,KIA,5,28,0.18261657370320372,0.6860714285714286
2021,KIA,6,49,0.1845311813426746,0.6955102040816328
2021,KIA,7,19,0.1748638681611594,0.6669473684210526
2021,KIA,8,10,0.16893894736842102,0.644
2021,KIA,9,94,0.16893894736842102,0.644
2021,KT,1,125,0.17137269768339322,0.649184
2021,KT,2,121,0.1957024663916282,0.7497520661157024
2021,KT,3,138,0.24671778849424195,0.9614057971014494
2021,KT,4,51,0.19887098821866117,0.7575882352941177
2021,KT,5,54,0.19094565932835192,0.7241296296296297
2021,KT,6,57,0.1905831759622773,0.722280701754386
2021,KT,7,37,0.1845082218427552,0.6983243243243243
2021,KT,8,40,0.18822860427073987,0.7127749999999999
2021,KT,9,127,0.18161649468817012,0.6926062992125984
2021,LG,1,143,0.2228284389489954,0.864
2021,LG,2,90,0.19161397332862162,0.7313777777777778
2021,LG,3,139,0.20160470074764655,0.7727985611510791
2021,LG,4,106,0.21221036754169953,0.8098679245283019
2021,LG,5,64,0.19062503184875662,0.72475
2021,LG,6,18,0.18363075825519773,0.6976666666666667
2021,LG,7,10,0.1819886555265982,0.6914
2021,LG,8,2,0.1819090909090909,0.691
2021,LG,9,13,0.1819090909090909,0.691
2021,NC,2,23,0.20596614523675455,0.7763478260869566
2021,NC,3,140,0.22795785338368788,0.8571428571428571
2021,NC,4,142,0.25402688418579344,0.9783450704225353
2021,NC,5,120,0.22623070149941207,0.8564333333333334
2021,NC,6,47,0.18815626821200615,0.7126808510638298
2021,NC,7,41,0.1795219298245614,0.68
2021,NC,8,16,0.1795219298245614,0.68
2021,SSG,1,108,0.1973247628586154,0.7545555555555554
2021,SSG,2,43,0.2189883400358763,0.837046511627907
2021,SSG,3,141,0.23439119451359505,0.9022269503546099
2021,SSG,4,103,0.2350408883534159,0.9043592233009708
2021,SSG,5,120,0.22538130876753296,0.8579000000000001
2021,SSG,6,65,0.2202959066201237,0.8420615384615385
2021,SSG,7,56,0.20286849224392686,0.7769464285714286
2021,SSG,8,5,0.1965250246444163,0.7528
2021,SSG,9,70,0.19060900074436196,0.7292714285714286
2021,두산,1,87,0.18918054633767403,0.7236206896551723
2021,두산,2,10,0.22695449647870286,0.865
2021,두산,3,110,0.21811898902696228,0.8413818181818181
2021,두산,4,137,0.2309687085073751,0.8797299270072992
2021,두산,5,126,0.21865874940758492,0.8262380952380952
2021,두산,6,25,0.1896152592367046,0.72396
2021,두산,7,19,0.18411867704280155,0.703
2021,두산,8,3,0.18411867704280152,0.703
2021,두산,9,1,0.18411867704280155,0.703
2021,롯데,1,101,0.19990007725188338,0.768049504950495
2021,롯데,2,108,0.2041689845500782,0.7879907407407408
2021,롯데,3,144,0.21868926678008713,0.8399305555555556
2021,롯데,4,143,0.21664689339945103,0.8317972027972028
2021,롯데,5,132,0.2121237877727006,0.8137575757575757
2021,롯데,6,102,0.2103691273687855,0.8035098039215686
2021,롯데,7,70,0.21151819976227762,0.8026285714285715
2021,롯데,8,15,0.2099775149484197,0.7954000000000001
2021,롯데,9,45,0.18735767790262176,0.72
2021,삼성,1,131,0.19351929422796205,0.7435496183206107
2021,삼성,2,137,0.22512375875402896,0.8574598540145985
2021,삼성,3,145,0.22588190974460556,0.8621931034482758
2021,삼성,4,138,0.22297249682176992,0.8511159420289854
2021,삼성,5,129,0.21249505655434384,0.8121472868217054
2021,삼성,6,94,0.1813866673251506,0.6867446808510639
2021,삼성,7,34,0.18227536780704448,0.6913235294117648
2021,삼성,8,3,0.18177941176470588,0.6869999999999999
2021,삼성,9,71,0.16395901639344262,0.621
2021,키움,1,117,0.1944440085482129,0.7572222222222222
2021,키움,2,102,0.19823254612757424,0.7705588235294117
2021,키움,3,112,0.2462848832096567,0.9561785714285714
2021,키움,4,105,0.2060666524837783,0.7726000000000001
2021,키움,5,32,0.20040884603625683,0.7671250000000001
2021,키움,6,69,0.2020698421160629,0.764
2021,키움,7,30,0.20175197252088406,0.7678666666666667
2021,키움,8,20,0.21425840336134452,0.8019999999999999
2021,키움,9,39,0.2026090439273877,0.776948717948718
2021,한화,1,136,0.2065622284994465,0.7910073529411764
2021,한화,2,84,0.20768695652173913,0.792
2021,한화,3,138,0.19460889236589374,0.7388260869565217
2021,한화,4,75,0.22140979955456566,0.852
2021,한화,5,22,0.22140979955456566,0.852
2021,한화,6,8,0.2214097995545657,0.852
2021,한화,7,2,0.20768695652173913,0.792
2021,한화,8,20,0.20768695652173913,0.792
2022,KIA,1,127,0.1764113374249018,0.6953937007874016
2022,KIA,2,66,0.18237326864902134,0.7198787878787879
2022,KIA,3,136,0.22508065568517033,0.8884705882352941
2022,KIA,4,121,0.20017278784622763,0.7821404958677686
2022,KIA,5,87,0.19438285186029042,0.7588735632183908
2022,KIA,6,110,0.19123641901852514,0.7494636363636363
2022,KIA,7,85,0.1871483644407378,0.7296235294117647
2022,KIA,8,61,0.1956463462777786,0.7573278688524591
2022,KIA,9,76,0.17795201065973246,0.7005
2022,KT,1,125,0.18870675749449672,0.750144
2022,KT,2,69,0.1795781860629448,0.7037101449275361
2022,KT,3,48,0.18846349564274736,0.7385416666666665
2022,KT,4,111,0.23451805226195468,0.9062612612612613
2022,KT,5,22,0.18469291955528833,0.7238181818181818
2022,KT,6,84,0.180852346954326,0.7090833333333333
2022,KT,7,42,0.17804932089224218,0.6973809523809523
2022,KT,8,9,0.1788420370740963,0.7017777777777777
2022,KT,9,127,0.15842131810182764,0.6192125984251968
2022,LG,1,144,0.186057533112864,0.7320833333333333
2022,LG,2,93,0.18373812831000355,0.7238172043010752
2022,LG,3,142,0.21405147569968602,0.838894366197183
2022,LG,4,141,0.20063666322295762,0.7941914893617021
2022,LG,5,135,0.20983466171945403,0.8161111111111111
2022,LG,6,86,0.19899177546906469,0.7820232558139536
2022,LG,7,47,0.19907944183476098,0.782063829787234
2022,LG,8,66,0.1863142378043564,0.730909090909091
2022,LG,9,28,0.1801749537119171,0.7071428571428572
2022,NC,1,134,0.18055945545128538,0.7132238805970148
2022,NC,2,65,0.1827804930108236,0.7209538461538461
2022,NC,3,143,0.20735220921565012,0.8221678321678321
2022,NC,4,144,0.21588887967752257,0.8537083333333333
2022,NC,5,130,0.20935828963865774,0.8259846153846154
2022,NC,6,67,0.2052000217410186,0.8051940298507463
2022,NC,7,30,0.20593932584269664,0.808
2022,NC,8,1,0.20593932584269664,0.808
2022,NC,9,1,0.20593932584269664,0.808
2022,SSG,1,131,0.20734340023616718,0.807
2022,SSG,2,115,0.20076750854862263,0.7886695652173913
2022,SSG,3,106,0.224539015463028,0.8780188679245283
2022,SSG,4,121,0.21971746971542824,0.857793388429752
2022,SSG,5,58,0.1955153318791652,0.7698965517241378
2022,SSG,6,42,0.195319950445023,0.7691904761904761
2022,SSG,7,40,0.1911109538576325,0.75405
2022,SSG,8,3,0.20086124401913874,0.789
2022,SSG,9,2,0.20086124401913874,0.789
2022,두산,1,74,0.17920205769219255,0.7081486486486487
2022,두산,2,36,0.17576984075421576,0.6876111111111111
2022,두산,3,90,0.18944005891226082,0.7379
2022,두산,4,130,0.20616337428626844,0.796823076923077
2022,두산,5,105,0.19066490020117394,0.7439809523809523
2022,두산,6,34,0.18597373721014748,0.7291176470588235
2022,두산,7,35,0.17497832577733047,0.6852571428571428
2022,두산,8,29,0.173786315647307,0.6805517241379311
2022,두산,9,34,0.16859850063986095,0.6620882352941176
2022,롯데,1,51,0.20135999999999998,0.79
2022,롯데,2,45,0.20120863393626182,0.7924444444444445
2022,롯데,3,143,0.21300733294975743,0.842006993006993
2022,롯데,4,111,0.20795737873078704,0.82290990990991
2022,롯데,5,89,0.20950894608451173,0.8257078651685393
2022,롯데,6,41,0.2088884739106204,0.8229024390243902
2022,롯데,7,14,0.20534271342339755,0.8073571428571428
2022,삼성,1,3,0.24764239482200648,0.976
2022,삼성,2,24,0.24764239482200648,0.976
2022,삼성,3,107,0.243856671698383,0.9602990654205606
2022,삼성,4,97,0.22015036942339014,0.8619793814432989
2022,삼성,5,26,0.21388636363636365,0.8360000000000001
2022,삼성,6,6,0.21388636363636362,0.836
2022,삼성,7,3,0.21388636363636362,0.836
2022,키움,1,2,0.19525754884547067,0.776
2022,키움,2,64,0.19383251843981333,0.765640625
2022,키움,3,143,0.25098110093590553,0.9887622377622378
2022,키움,4,136,0.20574867625877835,0.804625
2022,키움,5,105,0.18619432811714803,0.7348476190476191
2022,키움,6,42,0.17248571388513873,0.679047619047619
2022,키움,7,61,0.1663914748578683,0.6557377049180327
2022,키움,8,45,0.1739866015877127,0.6854666666666667
2022,키움,9,32,0.162516703493266,0.64253125
2022,한화,1,136,0.19854242041356626,0.7781397058823529
2022,한화,2,45,0.1747693462463789,0.6816888888888889
2022,한화,3,143,0.1921824244838177,0.7533706293706294
2022,한화,4,91,0.18996937460302032,0.7466703296703296
2022,한화,5,89,0.16669814834751326,0.6540898876404495
2022,한화,6,84,0.16966319247607753,0.6644047619047619
2022,한화,7,27,0.17654926196567372,0.6913333333333334
2022,한화,8,2,0.16995434782608695,0.662
2022,한화,9,3,0.16995434782608695,0.662
2023,KIA,1,37,0.18882600000000002,0.734
2023,KIA,2,32,0.18878714381720432,0.7343125
2023,KIA,3,34,0.1882043010752688,0.739
2023,KIA,4,103,0.22902761341222883,0.887
2023,KIA,5,49,0.19986810460011453,0.7812857142857144
2023,KIA,6,37,0.18930763384113258,0.743
2023,KIA,7,8,0.1885151505376344,0.7364999999999999
2023,KIA,9,50,0.18882600000000005,0.7340000000000001
2023,KT,1,102,0.18997594635437243,0.7338039215686274
2023,KT,2,86,0.19051507928180064,0.7337093023255814
2023,KT,3,119,0.20988914377503412,0.8032689075630252
2023,KT,4,135,0.20487091089103368,0.7968444444444446
2023,KT,5,97,0.20176639457949722,0.7787628865979382
2023,KT,6,71,0.19935460308370795,0.7677605633802818
2023,KT,7,30,0.1918649933636216,0.7388
2023,KT,8,10,0.17947420634920638,0.692
2023,KT,9,29,0.17947420634920638,0.692
2023,LG,1,139,0.21643474947169067,0.8463525179856115
2023,LG,2,105,0.19454605605959938,0.7527238095238096
2023,LG,3,141,0.19369982524302812,0.7552340425531915
2023,LG,4,141,0.23017384622533166,0.8887446808510638
2023,LG,5,139,0.20398639554903605,0.7836187050359712
2023,LG,6,109,0.20728084755160764,0.7982935779816513
2023,LG,7,98,0.20351479942563677,0.7853673469387754
2023,LG,8,62,0.19151294062383015,0.7414838709677419
2023,LG,9,75,0.18308527451013407,0.7097466666666666
2023,NC,1,141,0.21269621321923246,0.8271347517730496
2023,NC,2,72,0.2018148188770973,0.7850555555555556
2023,NC,3,144,0.222175029223091,0.8622361111111112
2023,NC,4,128,0.21124657675797764,0.8208515624999999
2023,NC,5,15,0.2122286090540079,0.8247333333333332
2023,NC,6,7,0.17413333333333333,0.668
2023,NC,7,20,0.17591349301397205,0.6753500000000001
2023,NC,8,41,0.17413333333333333,0.668
2023,NC,9,55,0.17413333333333333,0.668
2023,SSG,1,127,0.19690656268438392,0.7552204724409448
2023,SSG,2,116,0.18261647169985526,0.6978448275862069
2023,SSG,3,129,0.2345396422853176,0.9087209302325582
2023,SSG,4,140,0.21817989456744982,0.844
2023,SSG,5,90,0.19224678105362614,0.7389222222222223
2023,SSG,6,47,0.18657107201004933,0.7171702127659575
2023,SSG,7,35,0.18499644028812623,0.7109428571428571
2023,SSG,8,3,0.1818274543257269,0.6993333333333333
2023,SSG,9,4,0.17824085092770314,0.68225
2023,두산,1,126,0.1926981733996007,0.7429285714285714
2023,두산,2,51,0.18960226597520766,0.7287843137254901
2023,두산,3,144,0.20774294128665416,0.7993888888888888
2023,두산,4,145,0.20621334928880747,0.8003172413793104
2023,두산,5,134,0.19772756062006316,0.7618507462686568
2023,두산,6,124,0.19225413752818163,0.7357822580645161
2023,두산,7,78,0.19064715519510086,0.728948717948718
2023,두산,8,28,0.18477940458937617,0.7101428571428572
2023,두산,9,26,0.18542878684023262,0.7145769230769231
2023,롯데,1,29,0.16981632653061224,0.652
2023,롯데,2,44,0.191838210566782,0.7435909090909092
2023,롯데,3,60,0.2063142742742743,0.8039000000000001
2023,롯데,4,101,0.21269761246394914,0.8296039603960396
2023,롯데,5,49,0.204817973492026,0.7976734693877551
2023,롯데,6,13,0.19366730969588114,0.751076923076923
2023,롯데,7,12,0.1698163265306122,0.652
2023,롯데,8,8,0.16981632653061224,0.652
2023,롯데,9,33,0.16981632653061224,0.652
2023,삼성,1,108,0.18403201314246914,0.7118703703703704
2023,삼성,2,65,0.18887196311049478,0.7285538461538462
2023,삼성,3,136,0.21945885928759407,0.8471323529411765
2023,삼성,4,133,0.20710728579906573,0.8041353383458647
2023,삼성,5,74,0.19312554707465332,0.7474594594594596
2023,삼성,6,52,0.18168140816677522,0.7013076923076922
2023,삼성,7,48,0.17933743744925612,0.6919583333333333
2023,삼성,8,32,0.18320146445571803,0.70328125
2023,삼성,9,28,0.18402193612447343,0.7059285714285713
2023,키움,1,21,0.2161844660194175,0.842
2023,키움,2,86,0.2161844660194175,0.8419999999999999
2023,키움,3,20,0.2161844660194175,0.842
2023,키움,4,4,0.2161844660194175,0.842
2023,키움,5,5,0.2161844660194175,0.842
2023,한화,1,57,0.16850973354197105,0.6457368421052632
2023,한화,2,65,0.16795831038658016,0.6421076923076924
2023,한화,3,140,0.23170863023175373,0.8968571428571429
2023,한화,4,102,0.20389903385082847,0.7922352941176471
2023,한화,5,38,0.1954767290674582,0.7551315789473684
2023,한화,6,23,0.1747211879979614,0.6719130434782609
2023,한화,7,20,0.1709888586726786,0.65625
2023,한화,8,19,0.1706196272702328,0.6546842105263158
2023,한화,9,14,0.1737091145151875,0.6677857142857143
2024,KIA,1,102,0.2133220638666466,0.8020588235294118
2024,KIA,2,96,0.23826156166378887,0.8970625
2024,KIA,3,103,0.2678384761995038,1.0174174757281553
2024,KIA,4,112,0.2284337733083938,0.855625
2024,KIA,5,51,0.208491508584957,0.7766862745098039
2024,KIA,6,104,0.21487477478815237,0.8011153846153847
2024,KIA,7,59,0.21508018143796248,0.8022372881355933
2024,KIA,9,84,0.20701361313536815,0.7734285714285715
2024,KT,1,107,0.25257460180792296,0.9531121495327103
2024,KT,2,83,0.22747242247290014,0.8503855421686746
2024,KT,3,125,0.2307817850353412,0.864032
2024,KT,4,60,0.21695448722529406,0.8090666666666667
2024,KT,5,76,0.20850765837054375,0.7757236842105263
2024,KT,6,91,0.19420998929251432,0.7196483516483516
2024,KT,7,66,0.19794398562855797,0.735030303030303
2024,KT,8,30,0.19941264224508728,0.7413333333333333
2024,KT,9,5,0.20123060344827587,0.749
2024,LG,1,143,0.22204826933539706,0.8343426573426573
2024,LG,2,86,0.20339158327445894,0.7606511627906977
2024,LG,3,134,0.2253388963062462,0.8478955223880597
2024,LG,4,145,0.2441591336957608,0.9245448275862069
2024,LG,5,92,0.22272325164235102,0.8357934782608696
2024,LG,6,86,0.21940905759575297,0.8225348837209302
2024,LG,7,67,0.20917070091974985,0.7813731343283583
2024,LG,8,78,0.1921402166268573,0.7178333333333333
2024,LG,9,79,0.20126269464148605,0.7516202531645569
2024,NC,1,114,0.2248153257990719,0.845842105263158
2024,NC,2,93,0.2100040360298009,0.7826666666666666
2024,NC,3,48,0.254527707719354,0.9562083333333332
2024,NC,4,144,0.2532847915751904,0.9506249999999999
2024,NC,5,93,0.2156126330820648,0.8043333333333333
2024,NC,6,60,0.1988133327390849,0.7406333333333334
2024,NC,7,41,0.19967195132614474,0.7414390243902439
2024,NC,8,15,0.20296906354191538,0.7487999999999999
2024,NC,9,89,0.20286412038338153,0.7490224719101123
2024,SSG,1,120,0.20654223389041249,0.7691666666666667
2024,SSG,2,50,0.21501206582951557,0.80628
2024,SSG,3,142,0.2580058557636266,0.971161971830986
2024,SSG,4,139,0.23840012458595114,0.8966402877697842
2024,SSG,5,98,0.2131898004407957,0.7892857142857144
2024,SSG,6,52,0.21079763088652703,0.7886923076923077
2024,SSG,7,19,0.20999650553275012,0.7832105263157895
2024,SSG,8,5,0.20870243287078755,0.7798
2024,SSG,9,7,0.2076839670811558,0.775
2024,두산,1,117,0.1979162479061977,0.737
2024,두산,2,95,0.2150177783849181,0.802842105263158
2024,두산,3,100,0.22295712211740043,0.83905
2024,두산,4,146,0.23166337226323147,0.869541095890411
2024,두산,5,145,0.2214718790174966,0.8211862068965518
2024,두산,6,108,0.22120392149884036,0.8250555555555557
2024,두산,7,44,0.21606597341337908,0.8068636363636364
2024,두산,8,2,0.20662062395309883,0.7705
2024,두산,9,5,0.19791624790619766,0.737
2024,롯데,1,66,0.22272960636813097,0.8301363636363636
2024,롯데,2,118,0.22303847585803616,0.8362203389830508
2024,롯데,3,98,0.23112350111361404,0.8688877551020407
2024,롯데,4,136,0.23622416053558357,0.8892941176470588
2024,롯데,5,84,0.23155686068150408,0.8664880952380952
2024,롯데,6,80,0.2288756077582228,0.857
2024,롯데,7,63,0.21566030955097523,0.8042857142857143
2024,롯데,8,61,0.19347775496400116,0.7179344262295081
2024,롯데,9,25,0.19300216450216454,0.716
2024,삼성,1,115,0.2160634250873525,0.8088695652173914
2024,삼성,2,66,0.22166685305458542,0.8240303030303031
2024,삼성,3,119,0.2704234676955482,1.0196302521008402
2024,삼성,4,58,0.22603381396275643,0.8451896551724138
2024,삼성,5,76,0.2201958838833819,0.8193157894736842
2024,삼성,6,68,0.22021032296291193,0.81975
2024,삼성,7,31,0.21927732400429548,0.8159354838709677
2024,삼성,8,16,0.2227246227321284,0.8314375
2024,삼성,9,16,0.21392412613425207,0.7955000000000001
2024,키움,1,89,0.20746942299292048,0.7705393258426967
2024,키움,2,44,0.21781429481714518,0.8171818181818182
2024,키움,3,138,0.23310899747766234,0.8808840579710144
2024,키움,4,135,0.2123837511642461,0.7959333333333333
2024,키움,5,57,0.19572990310955743,0.7298771929824561
2024,키움,6,16,0.2218457287822878,0.83425
2024,키움,7,5,0.2450533333333333,0.9269999999999999
2024,키움,8,4,0.24505333333333332,0.927
2024,키움,9,5,0.19200738007380075,0.715
2024,한화,1,41,0.22209450468465441,0.827560975609756
2024,한화,2,68,0.2254343524909113,0.8408529411764706
2024,한화,3,125,0.2186088211454912,0.8156080000000001
2024,한화,4,143,0.2154637389791812,0.8082867132867133
2024,한화,5,137,0.21714483766431034,0.8074087591240876
2024,한화,6,75,0.21553085648942727,0.8024266666666667
2024,한화,7,15,0.21497289517382281,0.7997333333333334
2025,KIA,1,72,0.18733314709982907,0.7243194444444444
2025,KIA,2,84,0.19668178300027048,0.7570238095238094
2025,KIA,3,47,0.21140466063118538,0.8097234042553192
2025,KIA,4,140,0.23542019740405662,0.9175071428571429
2025,KIA,5,65,0.21346292094915953,0.816923076923077
2025,KIA,6,47,0.206082401839503,0.7879787234042552
2025,KIA,7,28,0.20031817619014267,0.7658214285714287
2025,KT,1,28,0.18532285115303984,0.717
2025,KT,2,21,0.18532285115303984,0.717
2025,KT,3,116,0.2477710185787609,0.9712931034482759
2025,KT,4,58,0.1970125424709029,0.7603275862068964
2025,KT,5,57,0.18682489241972858,0.7191228070175437
2025,KT,6,33,0.1876652055142621,0.7245454545454546
2025,KT,7,17,0.18538401775804664,0.7160588235294117
2025,LG,1,99,0.19818325873511014,0.766939393939394
2025,LG,2,127,0.1992789408474643,0.772503937007874
2025,LG,3,144,0.24042449810540825,0.94175
2025,LG,4,144,0.21457901151928974,0.8311319444444444
2025,LG,5,143,0.20324323964717697,0.7835664335664335
2025,LG,6,105,0.19759591804703114,0.7604857142857143
2025,LG,7,70,0.20140173818223595,0.7750571428571429
2025,LG,8,38,0.19415339571033619,0.7454473684210526
2025,LG,9,110,0.1916197596263386,0.7358727272727272
2025,NC,1,125,0.21075551259381162,0.8100080000000001
2025,NC,2,129,0.1960441423201368,0.7512248062015504
2025,NC,3,89,0.20648951646365005,0.8039325842696631
2025,NC,4,5,0.20055063109581184,0.7612
2025,NC,5,24,0.20000026295658827,0.7581666666666668
2025,NC,6,48,0.20093392319277112,0.7633125000000001
2025,NC,7,44,0.20180504159495127,0.7681136363636365
2025,NC,8,31,0.2019658634538153,0.769
2025,NC,9,35,0.1982813224200443,0.7547142857142857
2025,SSG,1,132,0.18939320186197903,0.7311212121212121
2025,SSG,2,22,0.19530130553926792,0.7508181818181818
2025,SSG,3,11,0.19524429507356764,0.7508181818181818
2025,SSG,4,110,0.19866040634253987,0.7651818181818182
2025,SSG,5,102,0.1946389118321343,0.7501568627450981
2025,SSG,6,78,0.19411306200245876,0.7473846153846154
2025,SSG,7,33,0.18998815337185312,0.7334848484848484
2025,SSG,8,8,0.18770031612520816,0.726
2025,두산,1,99,0.18498819935946803,0.7086060606060606
2025,두산,2,39,0.20688286995376545,0.7997692307692308
2025,두산,3,130,0.22321028307586527,0.8688076923076923
2025,두산,4,73,0.2349037005936049,0.9184520547945205
2025,두산,5,16,0.22502215779869889,0.8765
2025,두산,6,2,0.21030067567567565,0.814
2025,두산,7,6,0.18808493848325938,0.7214999999999999
2025,두산,9,24,0.18364179104477615,0.703
2025,롯데,1,9,0.20061174266609852,0.7791111111111112
2025,롯데,2,96,0.18159133709981168,0.6999999999999998
2025,롯데,3,92,0.21011291771675933,0.8294565217391304
2025,롯데,4,128,0.21109853952626545,0.8311875
2025,롯데,5,19,0.20298929336188437,0.789
2025,롯데,6,19,0.20073687691324513,0.7796315789473685
2025,롯데,7,6,0.19229031523084802,0.7444999999999999
2025,롯데,8,2,0.18159133709981168,0.7
2025,삼성,1,55,0.20956450722394218,0.8097090909090909
2025,삼성,2,120,0.22136326311269885,0.8579916666666667
2025,삼성,3,141,0.23199891555211943,0.9069929078014185
2025,삼성,4,141,0.2501849229657281,0.9750283687943261
2025,삼성,5,125,0.20998333146125292,0.811096
2025,삼성,6,90,0.20042705270924294,0.7732222222222223
2025,삼성,7,78,0.192828735884594,0.7437564102564104
2025,삼성,8,62,0.18902841128499992,0.7290322580645162
2025,삼성,9,64,0.19829157730800653,0.7649375
2025,키움,1,101,0.23409475689576323,0.9065049504950495
2025,키움,2,74,0.20585452766199616,0.7933513513513514
2025,키움,3,82,0.19365582638613624,0.743219512195122
2025,키움,4,65,0.20015845096606744,0.7710615384615385
2025,키움,5,37,0.1929028458627555,0.7407837837837837
2025,키움,6,12,0.18599571957412087,0.7091666666666666
2025,키움,7,3,0.1851434184675835,0.705
2025,한화,2,5,0.21022222222222223,0.8230000000000001
2025,한화,3,128,0.21029987078130655,0.82321875
2025,한화,4,144,0.2198990072271188,0.8500972222222223
2025,한화,5,126,0.21128270201767374,0.8143650793650794
2025,한화,6,5,0.21479628702152098,0.8288
2025,한화,7,1,0.21121965317919075,0.814
