year,team,games,runs_pg,no2_woba,no2_ops,no2_wrc,rest_woba,rest_ops
2021,KIA,144,3.9444444444444446,0.19982401055393786,0.7666666666666667,4.050787103188091,0.18423881321691835,0.702668
2021,KT,145,4.9655172413793105,0.1957024663916282,0.7497520661157024,1.3454254374886399,0.1974667921459002,0.7552337042925278
2021,LG,146,4.5479452054794525,0.19161397332862162,0.7313777777777776,-1.3382416463884141,0.20694080351286004,0.7940161616161616
2021,NC,144,4.875,0.20596614523675455,0.7763478260869566,8.082454619554918,0.22571086129247572,0.8576146245059288
2021,SSG,144,5.243055555555555,0.2189883400358763,0.8370465116279069,16.63016033989646,0.21799450005830617,0.8351182634730537
2021,두산,148,5.175675675675675,0.21725365349527231,0.8372631578947369,15.491520479654163,0.21382012375612527,0.8157559055118109
2021,롯데,144,5.048611111111111,0.20416898455007818,0.7879907407407408,6.902807031813979,0.21078017442248742,0.807658244680851
2021,삼성,145,4.910344827586207,0.22512375875402899,0.8574598540145986,20.657419529521007,0.2036511529489633,0.7769865771812081
2021,키움,146,5.0479452054794525,0.19823254612757424,0.7705588235294117,3.0061575464357935,0.21100426825497953,0.8081125954198474
2021,한화,144,4.159722222222222,0.20768695652173913,0.792,9.211986829077915,0.20639808533447807,0.789074812967581
2022,KIA,145,4.979310344827586,0.18574123666150621,0.7321643835616437,-0.32964525025992336,0.1949561911207586,0.7642615193026152
2022,KT,145,4.393103448275862,0.1795781860629448,0.7037101449275361,-4.528625780822605,0.18860580081548206,0.7386373239436621
2022,LG,144,4.965277777777778,0.18373812831000355,0.7238172043010752,-1.694393573197655,0.19976769077283354,0.7842205323193916
2022,NC,144,4.486111111111111,0.1827804930108236,0.7209538461538461,-2.3468451330753015,0.2038297987054054,0.8050123076923078
2022,SSG,144,5.0,0.2007675085486227,0.7886695652173913,9.907983354585605,0.2102206887627619,0.8223598409542744
2022,두산,144,4.430555555555555,0.18381375448350448,0.7268444444444444,-1.642868305791056,0.1889851438654287,0.7373634651600752
2022,롯데,144,4.201388888888889,0.20120863393626182,0.7924444444444444,10.208528820603073,0.20912739258511628,0.8253229398663698
2022,삼성,144,4.604166666666667,0.24764239482200648,0.976,41.84455951708228,0.23006694056832472,0.9031074380165289
2022,키움,144,4.3125,0.19383251843981333,0.7656406250000001,5.1830686421650976,0.2018325945013378,0.7940989399293287
2022,한화,144,3.9166666666666665,0.1747693462463789,0.6816888888888889,-7.804961816270353,0.1851748072163976,0.7260973913043478
2023,KIA,144,5.041666666666667,0.18878714381720432,0.7343124999999999,1.6977557745687866,0.20353048176052616,0.7924874213836479
2023,KT,144,4.666666666666667,0.1905150792818006,0.7337093023255814,2.836129091667145,0.19981937360766744,0.7710185497470489
2023,LG,144,5.326388888888889,0.19454605605959938,0.7527238095238096,5.491758598502525,0.20613715427952975,0.7981747787610619
2023,NC,145,4.779310344827586,0.2018148188770973,0.7850555555555556,10.280459223782806,0.2062801532241033,0.7995263157894736
2023,SSG,144,4.569444444444445,0.18261647169985526,0.6978448275862069,-2.367516702834843,0.20802139897606395,0.8021182608695653
2023,두산,145,4.337931034482758,0.18960226597520766,0.72878431372549,2.2347627021182572,0.1978836585200676,0.7620037267080746
2023,롯데,144,4.534722222222222,0.191838210566782,0.7435909090909092,3.707815205357026,0.19783609776387295,0.7683213114754099
2023,삼성,144,4.416666666666667,0.18887196311049476,0.7285538461538462,1.75363518802799,0.19742899030049818,0.7631865793780688
2023,키움,144,4.215277777777778,0.2161844660194175,0.8419999999999997,19.747261206898393,0.21618446601941746,0.8419999999999999
2023,한화,144,4.194444444444445,0.16795831038658016,0.6421076923076924,-12.024393396811547,0.20189381409307391,0.7802348668280874
2024,KIA,144,5.958333333333333,0.23734449189166676,0.892798319327731,25.170965039018956,0.22437351853251758,0.8417252032520325
2024,KT,148,5.263513513513513,0.2274724224729002,0.8503855421686746,18.72803490978228,0.218683930632575,0.8169125
2024,LG,145,5.586206896551724,0.20339158327445894,0.7606511627906977,3.0118605366563242,0.22040319641433329,0.8280825242718447
2024,NC,144,5.368055555555555,0.2100040360298009,0.7826666666666666,7.3274269370057805,0.22448022286597574,0.8389884105960266
2024,SSG,145,5.23448275862069,0.21501206582951557,0.80628,10.595879043243913,0.2283519376135281,0.854647766323024
2024,두산,146,5.404109589041096,0.2150177783849181,0.802842105263158,10.599607298562681,0.21917231913678348,0.8185802098950524
2024,롯데,144,5.569444444444445,0.22303847585803613,0.8362203389830507,15.834253775906964,0.22422734836418262,0.8394665579119086
2024,삼성,144,5.347222222222222,0.22166685305458542,0.824030303030303,14.939074709448876,0.23172507798249686,0.8671603206412826
2024,키움,144,4.666666666666667,0.21781429481714518,0.8171818181818181,12.424732225647373,0.2164304671349464,0.8117149220489976
2024,한화,144,5.173611111111111,0.2254343524909113,0.8408529411764706,17.397904221328357,0.21712974334627808,0.8101847014925373
2025,KIA,144,4.638888888888889,0.19668178300027048,0.7570238095238094,6.904257110891037,0.21441780691452964,0.8276616541353384
2025,KT,144,4.5,0.18532285115303987,0.717,-0.5786295345491383,0.21149095275895055,0.8217411003236245
2025,LG,144,5.472222222222222,0.19927894084746428,0.772503937007874,8.615178351747423,0.2080962801100393,0.8049824150058615
2025,NC,144,5.083333333333333,0.19604414232013678,0.7512248062015504,6.484200630745426,0.20511172992800292,0.7867655860349129
2025,SSG,144,4.229166666666667,0.19530130553926786,0.7508181818181818,5.9948444569375114,0.19359796207302146,0.7463333333333334
2025,두산,144,4.493055555555555,0.20688286995376545,0.7997692307692308,13.624394035728061,0.21153144906253626,0.8199914285714285
2025,롯데,144,4.694444444444445,0.18159133709981168,0.7000000000000001,-3.0368269294900334,0.2085244689967669,0.8195818181818182
2025,삼성,144,5.381944444444445,0.22136326311269883,0.8579916666666666,23.163595612690038,0.21594098432698752,0.8373611111111112
2025,키움,144,4.034722222222222,0.20585452766199616,0.7933513513513514,12.946956323669081,0.20819477236714598,0.80218
2025,한화,144,4.784722222222222,0.21022222222222223,0.8230000000000001,15.824248285240774,0.2140857971366981,0.8300841584158416
