순위,name,team,AVG,G,pa,ab,runs,hits,doubles,triples,hr,tb,RBI,SAC,sf,year,bb,ibb,hbp,so,GDP,SLG,OBP,OPS,MH,RISP,PH-BA,woba,wrc_plus,iso,bb_pct
1,이정후,키움,0.36,123,544,464,78,167,42,6,7,242,84,0,9,2021,62,1,9,37,8,0.522,0.438,0.96,51,0.341,0.0,0.247219152854512,35.1607294138607,0.16163793103448276,0.11397058823529412
2,전준우,롯데,0.348,144,619,552,88,192,46,0,7,259,92,1,8,2021,53,0,5,71,10,0.469,0.405,0.874,53,0.416,0.6,0.22727993527508092,22.072723375559683,0.1213768115942029,0.08562197092084006
3,강백호,KT,0.347,142,627,516,76,179,40,1,16,269,102,0,8,2021,103,10,0,85,7,0.521,0.45,0.971,53,0.34,0.0,0.24902269043760128,36.34456276558287,0.1744186046511628,0.16427432216905902
4,홍창기,LG,0.328,144,651,524,103,172,26,2,4,214,52,0,2,2021,109,4,16,95,6,0.408,0.456,0.864,57,0.343,0.5,0.2228284389489954,19.150782704458162,0.08015267175572519,0.1674347158218126
5,박건우,두산,0.325,126,525,458,82,149,31,2,6,202,63,0,6,2021,50,2,11,72,16,0.441,0.4,0.841,44,0.325,0.25,0.21799426386233273,15.97765354468044,0.11572052401746726,0.09523809523809523
6,양의지,NC,0.325,141,570,480,81,156,29,2,30,279,111,0,10,2021,69,5,11,60,12,0.581,0.414,0.995,41,0.374,0.5,0.25774159292035403,42.06760821042233,0.25625,0.12105263157894737
7,손아섭,롯데,0.319,139,610,542,88,173,29,2,3,215,58,3,1,2021,61,3,3,67,15,0.397,0.39,0.787,58,0.318,0.0,0.20379470198675498,6.657129766430294,0.07749077490774908,0.1
8,페르난데스,두산,0.315,141,617,540,73,170,24,0,15,239,81,0,6,2021,65,3,6,35,25,0.443,0.391,0.834,48,0.279,0.0,0.21611237785016288,14.742392662825116,0.12777777777777777,0.1053484602917342
9,김선빈,KIA,0.307,130,564,501,55,154,32,0,5,201,67,1,5,2021,56,2,1,39,19,0.401,0.375,0.776,47,0.32,0.0,0.20202673796791445,5.496646730327938,0.09381237524950099,0.09929078014184398
10,안치홍,롯데,0.306,119,490,421,58,129,30,2,10,193,82,5,9,2021,52,2,3,58,10,0.458,0.379,0.837,38,0.359,0.5,0.21808488612836438,16.037137562059854,0.15201900237529692,0.10612244897959183
11,구자욱,삼성,0.306,139,610,543,107,166,30,10,22,282,88,1,12,2021,48,3,6,98,9,0.519,0.361,0.88,45,0.283,0.0,0.22956765676567656,23.574372703753692,0.2136279926335175,0.07868852459016394
12,김혜성,키움,0.304,144,635,559,99,170,20,3,3,205,66,0,10,2021,65,3,1,97,8,0.367,0.372,0.739,45,0.289,0.5,0.18919462025316455,-2.9262933106136466,0.0626118067978533,0.10236220472440945
13,박성한,SSG,0.302,135,471,407,53,123,21,1,4,158,44,12,2,2021,49,0,1,73,1,0.388,0.377,0.765,26,0.298,0.5,0.19959259259259263,3.8988854719734958,0.085995085995086,0.1040339702760085
14,이용규,키움,0.296,133,547,459,88,136,16,8,1,171,43,6,6,2021,71,2,5,46,5,0.373,0.392,0.765,38,0.276,0.333,0.19668460111317254,1.9900939213341307,0.07625272331154684,0.12979890310786105
15,최원준,KIA,0.295,143,668,589,82,174,21,6,4,219,44,4,3,2021,61,0,11,68,7,0.372,0.37,0.742,46,0.264,0.0,0.192539156626506,-0.730955801745396,0.07640067911714771,0.09131736526946108
16,정훈,롯데,0.292,135,561,486,70,142,27,1,14,213,79,1,3,2021,68,8,3,89,6,0.438,0.38,0.818,42,0.24,0.167,0.21307608695652175,12.749385996856057,0.14609053497942387,0.12121212121212122
17,황재균,KT,0.291,117,507,453,74,132,16,2,10,182,56,1,4,2021,46,1,3,92,11,0.402,0.358,0.76,37,0.289,0.0,0.19776237623762374,2.6975403033476217,0.11037527593818984,0.09072978303747535
18,박해민,삼성,0.291,127,542,454,78,132,22,1,5,171,54,9,7,2021,69,2,3,82,3,0.377,0.383,0.76,36,0.327,0.0,0.19712429378531074,2.278706065969029,0.08590308370044053,0.12730627306273062
19,강민호,삼성,0.291,123,462,406,55,118,22,0,18,194,67,0,7,2021,45,4,4,53,18,0.478,0.361,0.839,34,0.25,0.25,0.2195764192139738,17.01617266978241,0.18719211822660098,0.09740259740259741
20,이대호,롯데,0.286,114,465,420,39,120,11,0,19,188,81,0,6,2021,34,3,5,50,12,0.448,0.342,0.79,36,0.256,0.143,0.20610173160173156,8.171452854137653,0.1619047619047619,0.07311827956989247
20,피렐라,삼성,0.286,140,621,553,102,158,25,2,29,274,97,0,3,2021,57,2,8,89,8,0.495,0.359,0.854,52,0.288,0.0,0.22592084006462035,21.18061984891561,0.20976491862567812,0.09178743961352658
22,오재일,삼성,0.285,120,484,418,64,119,20,0,25,214,97,0,8,2021,58,8,0,106,5,0.512,0.366,0.878,36,0.276,0.0,0.22871008403361345,23.011466107704376,0.22727272727272727,0.11983471074380166
23,김현수,LG,0.285,140,595,506,70,144,23,1,17,220,96,0,9,2021,77,5,3,42,7,0.435,0.376,0.811,43,0.279,0.0,0.21079830508474579,11.254260986409832,0.15019762845849802,0.12941176470588237
24,정은원,한화,0.283,139,608,495,85,140,22,5,6,190,39,4,3,2021,105,1,1,105,9,0.384,0.407,0.791,40,0.312,0.5,0.20655389718076284,8.468252154566466,0.10101010101010101,0.17269736842105263
25,나성범,NC,0.281,144,623,570,96,160,29,1,33,290,101,0,4,2021,38,2,11,155,5,0.509,0.335,0.844,46,0.263,0.0,0.2251256038647343,20.65863065126921,0.22807017543859648,0.060995184590690206
26,마차도,롯데,0.279,134,539,466,83,130,21,1,5,168,58,4,7,2021,58,1,4,65,9,0.361,0.359,0.72,27,0.339,0.0,0.18735767790262173,-4.132053390222614,0.0815450643776824,0.10760667903525047
27,한유섬,SSG,0.278,135,519,442,71,123,18,1,31,236,95,1,6,2021,60,4,10,96,11,0.534,0.373,0.907,33,0.304,0.429,0.23783657587548637,29.002051237692513,0.25565610859728505,0.11560693641618497
28,허경민,두산,0.278,136,518,468,61,130,24,1,5,171,59,3,3,2021,36,1,8,35,21,0.365,0.338,0.703,34,0.285,0.444,0.18411867704280155,-6.258117898145915,0.0876068376068376,0.0694980694980695
29,최정,SSG,0.278,134,555,436,92,121,17,1,35,245,100,1,12,2021,84,3,22,102,9,0.562,0.41,0.972,28,0.281,0.6,0.2506715063520871,37.42683756191685,0.28440366972477066,0.15135135135135136
30,채은성,LG,0.276,110,448,387,59,107,20,0,16,175,82,0,7,2021,38,2,16,80,9,0.452,0.359,0.811,27,0.317,0.167,0.21289910313901345,12.633214674535981,0.17571059431524547,0.08482142857142858
31,최재훈,한화,0.275,116,467,375,52,103,21,0,7,145,44,5,3,2021,72,2,12,68,16,0.387,0.405,0.792,29,0.275,0.0,0.20768695652173913,9.211986829077915,0.112,0.15417558886509636
32,김재환,두산,0.274,137,566,475,86,130,23,2,27,238,102,0,5,2021,81,3,5,127,9,0.501,0.382,0.883,40,0.338,0.5,0.23171403197158078,24.98324301390632,0.22736842105263158,0.1431095406360424
33,양석환,두산,0.273,133,546,488,66,133,22,0,28,239,96,0,7,2021,42,2,9,136,10,0.49,0.337,0.827,34,0.29,0.25,0.2189503676470588,16.605235447425006,0.21721311475409835,0.07692307692307693
34,하주석,한화,0.272,138,594,525,84,143,27,3,10,206,68,5,3,2021,51,1,10,135,9,0.392,0.346,0.738,39,0.269,0.0,0.1944132653061224,0.4992000766153976,0.12,0.08585858585858586
35,알테어,NC,0.272,143,565,492,83,134,19,2,32,253,84,0,5,2021,57,2,11,156,6,0.514,0.358,0.872,31,0.248,0.0,0.23024866785079928,24.021385088203058,0.241869918699187,0.10088495575221239
36,노시환,한화,0.271,107,458,380,56,103,18,1,18,177,84,0,4,2021,73,9,1,107,15,0.466,0.386,0.852,25,0.341,0.0,0.2214097995545657,18.219594663277388,0.19473684210526315,0.15938864628820962
37,심우준,KT,0.268,139,460,407,61,109,20,2,6,151,48,10,6,2021,32,0,4,65,2,0.371,0.323,0.694,26,0.271,0.5,0.18190868596881962,-7.7087453566026864,0.10319410319410319,0.06956521739130435
38,한동희,롯데,0.267,129,496,424,54,113,24,0,17,188,69,1,4,2021,61,1,6,95,21,0.443,0.364,0.807,32,0.252,0.5,0.21345748987854246,12.99973703127088,0.17688679245283018,0.12298387096774194
39,추신수,SSG,0.265,137,580,461,84,122,19,2,21,208,69,0,4,2021,103,4,12,123,8,0.451,0.409,0.86,34,0.274,0.222,0.22458506944444448,20.3038264705896,0.18655097613882862,0.17758620689655172
40,최지훈,SSG,0.262,136,534,461,75,121,19,6,5,167,45,8,6,2021,51,0,8,71,6,0.362,0.342,0.704,30,0.255,0.333,0.184254752851711,-6.168798394931768,0.09978308026030369,0.09550561797752809
41,배정대,KT,0.259,144,595,510,85,132,23,1,12,193,68,3,5,2021,65,2,12,132,9,0.378,0.353,0.731,35,0.22,0.0,0.19250508474576272,-0.753320419570939,0.11960784313725491,0.1092436974789916
42,최주환,SSG,0.256,116,470,406,50,104,16,0,18,174,67,0,2,2021,53,4,9,84,7,0.429,0.353,0.782,29,0.284,0.167,0.20617596566523605,8.220179734594408,0.1724137931034483,0.1127659574468085
43,오지환,LG,0.254,134,532,464,62,118,19,2,8,165,57,4,5,2021,54,0,5,82,11,0.356,0.335,0.691,30,0.248,0.25,0.1819090909090909,-7.70847955576599,0.10129310344827586,0.10150375939849623
44,서건창,LG,0.253,144,600,513,78,130,24,2,6,176,52,5,4,2021,69,2,9,78,14,0.343,0.35,0.693,32,0.24,0.286,0.18230691399662735,-7.4473504040773335,0.08966861598440545,0.115
45,박동원,키움,0.249,131,481,413,61,103,21,0,22,190,83,5,3,2021,53,0,7,114,12,0.46,0.342,0.802,26,0.277,0.2,0.21425840336134452,13.525452769980886,0.2106537530266344,0.1101871101871102
46,강진성,NC,0.249,124,462,406,49,101,20,0,7,142,38,4,2,2021,36,2,14,68,12,0.35,0.33,0.68,25,0.227,0.2,0.1795219298245614,-9.275400552753817,0.10098522167487685,0.07792207792207792
47,박찬호,KIA,0.246,131,483,418,51,103,15,5,1,131,59,8,3,2021,54,0,0,73,11,0.313,0.331,0.644,22,0.291,1.0,0.16893894736842102,-16.222019081661564,0.06698564593301436,0.11180124223602485
48,터커,KIA,0.237,127,539,468,42,111,24,1,9,164,59,0,2,2021,61,1,8,66,12,0.35,0.334,0.684,24,0.266,0.0,0.1822490706319703,-7.4853185090388745,0.11324786324786325,0.11317254174397032
49,조용호,KT,0.236,138,515,428,71,101,14,1,0,117,48,5,5,2021,74,0,3,85,8,0.273,0.349,0.622,27,0.33,0.143,0.1646843137254902,-19.014740039121826,0.037383177570093455,0.1436893203883495
50,김상수,삼성,0.235,132,496,429,46,101,17,1,3,129,42,8,4,2021,52,0,3,51,14,0.301,0.32,0.621,24,0.223,0.333,0.16395901639344262,-19.490821701984803,0.06526806526806526,0.10483870967741936
51,최형우,KIA,0.233,104,446,373,52,87,15,1,12,140,55,0,2,2021,67,10,4,67,9,0.375,0.354,0.729,22,0.264,0.333,0.1906215596330275,-1.9896571991144012,0.14209115281501342,0.15022421524663676
52,장성우,KT,0.231,127,460,385,46,89,13,0,14,144,63,9,3,2021,60,3,3,69,16,0.374,0.337,0.711,15,0.239,0.2,0.18832366071428572,-3.4979869419485534,0.14285714285714285,0.13043478260869565
53,이원석,삼성,0.231,131,480,399,40,92,19,0,9,138,59,2,8,2021,60,2,11,80,11,0.346,0.341,0.687,18,0.309,0.25,0.18177941176470588,-7.793600319306054,0.11528822055137844,0.125
54,박병호,키움,0.227,118,477,409,48,93,23,0,20,176,76,0,7,2021,47,3,14,141,9,0.43,0.323,0.753,22,0.233,0.333,0.2006054852320675,4.563743304473071,0.20293398533007334,0.09853249475890985
1,이정후,키움,0.349,142,627,553,85,193,36,10,23,318,113,0,3,2022,66,12,5,32,10,0.575,0.421,0.996,58,0.387,0.333,0.2528487804878049,45.39174961323222,0.22603978300180833,0.10526315789473684
2,피렐라,삼성,0.342,141,630,561,102,192,33,4,28,317,109,0,2,2022,55,12,12,81,19,0.565,0.411,0.976,57,0.375,0.0,0.24764239482200648,41.84455951708228,0.22281639928698752,0.0873015873015873
3,박건우,NC,0.336,111,463,408,52,137,18,1,10,187,61,0,3,2022,44,1,8,62,10,0.458,0.408,0.866,40,0.317,0.0,0.21812770562770561,21.73575084992555,0.12254901960784313,0.09503239740820735
4,이대호,롯데,0.331,142,591,540,53,179,23,0,23,271,101,0,6,2022,43,7,2,56,26,0.502,0.379,0.881,53,0.318,0.2,0.22213184931506852,24.463835118572767,0.17037037037037037,0.0727580372250423
5,나성범,KIA,0.32,144,649,563,92,180,39,2,21,286,97,0,5,2022,64,6,17,137,7,0.508,0.402,0.91,54,0.316,0.0,0.23051944012441683,30.17842888079188,0.1882770870337478,0.09861325115562404
6,김혜성,키움,0.318,129,566,516,81,164,18,7,4,208,48,0,3,2022,47,3,0,83,9,0.403,0.373,0.776,43,0.295,0.0,0.19525754884547067,6.153963628847779,0.08527131782945736,0.08303886925795052
7,문보경,LG,0.315,126,466,406,52,128,22,3,9,183,56,5,7,2022,47,1,1,56,11,0.451,0.382,0.833,35,0.287,0.25,0.21032608695652175,16.420388857794297,0.1354679802955665,0.10085836909871244
8,소크라테스,KIA,0.311,127,554,514,83,160,29,7,17,254,77,0,4,2022,34,4,2,81,11,0.494,0.354,0.848,47,0.296,0.0,0.21749636363636365,21.305607905716993,0.1828793774319066,0.061371841155234655
9,페르난데스,두산,0.309,139,550,508,52,157,28,0,6,203,77,0,5,2022,35,0,2,45,34,0.4,0.353,0.753,43,0.343,0.5,0.18917636363636364,2.010759238842238,0.09055118110236221,0.06363636363636363
10,조용호,KT,0.308,131,531,474,52,146,18,4,3,181,44,2,3,2022,49,3,3,74,3,0.382,0.374,0.756,39,0.293,0.2,0.18990114068441066,2.504560914664675,0.07383966244725738,0.09227871939736347
11,한동희,롯데,0.307,129,499,456,43,140,27,0,14,209,65,0,4,2022,33,2,6,64,15,0.458,0.359,0.817,41,0.278,0.444,0.20755533199195172,14.532631169433753,0.1513157894736842,0.06613226452905811
12,전준우,롯데,0.304,120,517,470,73,143,31,1,11,209,68,0,9,2022,35,1,3,73,14,0.445,0.35,0.795,45,0.285,0.25,0.2010503875968992,10.100713171941745,0.14042553191489363,0.06769825918762089
13,최지훈,SSG,0.304,144,640,569,93,173,32,4,10,243,61,13,4,2022,47,0,7,77,7,0.427,0.362,0.789,43,0.362,1.0,0.20086124401913874,9.971846762718613,0.12302284710017575,0.0734375
14,박성한,SSG,0.298,140,564,494,68,147,24,4,2,185,56,6,2,2022,60,1,2,81,5,0.374,0.375,0.749,35,0.31,0.0,0.18970736086175943,2.372535760965893,0.07692307692307693,0.10638297872340426
15,마티니,NC,0.296,139,576,510,67,151,34,1,16,235,85,0,7,2022,51,5,8,86,8,0.461,0.365,0.826,42,0.306,1.0,0.20927495621716286,15.704237426119505,0.16470588235294117,0.08854166666666667
16,채은성,LG,0.296,126,526,467,48,138,26,2,12,204,83,0,11,2022,27,3,21,88,16,0.437,0.354,0.791,31,0.279,0.0,0.1994130019120459,8.985137289224525,0.14132762312633834,0.051330798479087454
17,박해민,LG,0.289,144,636,570,97,165,20,8,3,210,49,7,6,2022,44,0,9,85,4,0.368,0.347,0.715,42,0.333,0.0,0.18135453100158982,-3.318374835507439,0.07894736842105263,0.06918238993710692
18,허경민,두산,0.289,121,493,432,59,125,23,0,8,172,60,2,7,2022,36,3,16,40,12,0.398,0.36,0.758,33,0.317,0.0,0.1909938524590164,3.249042140919261,0.1087962962962963,0.07302231237322515
19,터크먼,한화,0.289,144,648,575,88,166,37,4,12,247,43,0,2,2022,64,5,7,104,12,0.43,0.366,0.796,47,0.216,0.0,0.20279626749611201,11.2902078204534,0.1408695652173913,0.09876543209876543
20,김선빈,KIA,0.287,140,587,505,51,145,23,0,3,177,61,7,3,2022,65,0,6,47,14,0.35,0.373,0.723,40,0.265,0.333,0.18314680483592402,-2.097271290201037,0.06336633663366337,0.11073253833049404
21,김현수,LG,0.286,141,604,524,78,150,25,2,23,248,106,0,3,2022,71,7,5,62,5,0.473,0.375,0.848,43,0.275,0.0,0.21639597315436238,20.555895058800182,0.18702290076335878,0.11754966887417219
22,홍창기,LG,0.286,118,525,437,76,125,19,4,1,155,51,5,5,2022,59,0,19,75,11,0.355,0.39,0.745,34,0.385,0.0,0.18961346153846154,2.3085607174293536,0.06864988558352403,0.11238095238095239
23,안치홍,롯데,0.284,132,562,493,71,140,27,3,14,215,58,8,5,2022,51,4,5,52,13,0.436,0.354,0.79,38,0.222,0.333,0.20135999999999998,10.311656832366083,0.15212981744421908,0.09074733096085409
24,양의지,NC,0.283,130,510,427,61,121,24,0,20,205,94,0,10,2022,60,6,13,48,16,0.48,0.38,0.86,28,0.35,0.667,0.21740277777777778,21.2418464304778,0.19672131147540983,0.11764705882352941
25,노시환,한화,0.281,115,490,434,55,122,24,1,6,166,59,0,4,2022,48,1,4,95,13,0.382,0.355,0.737,33,0.322,1.0,0.18733537832310837,0.7564678187433844,0.10138248847926268,0.09795918367346938
26,노진혁,NC,0.28,115,451,396,50,111,24,0,15,180,75,3,5,2022,45,3,2,105,11,0.455,0.353,0.808,26,0.295,0.0,0.20593932584269664,13.431621490951557,0.17424242424242425,0.09977827050997783
27,손아섭,NC,0.277,138,617,548,72,152,29,4,4,201,48,1,6,2022,59,2,3,76,9,0.367,0.347,0.714,45,0.3,0.0,0.18117263843648207,-3.44230101903089,0.08941605839416059,0.09562398703403566
28,푸이그,키움,0.277,126,547,473,65,131,30,0,21,224,73,0,4,2022,58,1,12,100,6,0.474,0.367,0.841,37,0.268,0.0,0.2161355311355311,20.378451932393236,0.19661733615221988,0.10603290676416818
29,박병호,KT,0.275,124,487,429,72,118,17,0,35,240,98,0,6,2022,40,3,12,131,7,0.559,0.349,0.908,24,0.259,0.429,0.23499173553719005,33.22547207228261,0.28438228438228436,0.08213552361396304
30,류지혁,KIA,0.274,127,477,405,55,111,19,2,2,140,48,8,2,2022,56,0,6,83,6,0.346,0.369,0.715,28,0.305,0.286,0.18241364605543708,-2.596783568389094,0.07160493827160494,0.11740041928721175
31,정은원,한화,0.274,140,601,508,67,139,20,2,8,187,49,4,3,2022,85,0,1,109,10,0.368,0.377,0.745,37,0.254,0.333,0.19067001675041875,3.028407925159308,0.09448818897637795,0.14143094841930118
32,박찬호,KIA,0.272,130,566,493,81,134,22,0,4,168,45,8,7,2022,57,0,1,67,9,0.341,0.344,0.685,34,0.277,0.0,0.17322939068100357,-8.8541570700708,0.06896551724137931,0.10070671378091872
33,오지환,LG,0.269,142,569,494,75,133,16,4,25,232,87,3,3,2022,62,2,7,107,11,0.47,0.357,0.827,35,0.32,1.0,0.21366666666666667,18.69637685097504,0.20040485829959515,0.10896309314586995
34,오재일,삼성,0.268,135,536,470,57,126,42,0,21,231,94,0,7,2022,57,8,2,133,7,0.491,0.345,0.836,31,0.304,0.333,0.21388636363636362,18.846059752912666,0.22340425531914893,0.10634328358208955
35,이지영,키움,0.267,137,450,420,38,112,13,4,2,139,37,8,0,2022,20,2,2,44,16,0.331,0.303,0.634,26,0.262,0.364,0.16001363636363639,-17.858252393947787,0.06428571428571428,0.044444444444444446
35,박민우,NC,0.267,104,451,390,61,104,22,1,4,140,38,6,3,2022,42,5,10,55,7,0.359,0.351,0.71,28,0.264,0.0,0.17931136363636363,-4.710415976508044,0.09230769230769231,0.09312638580931264
37,배정대,KT,0.266,144,575,508,64,135,24,2,6,181,56,5,4,2022,54,0,4,126,2,0.356,0.339,0.695,34,0.281,0.333,0.17745964912280698,-5.972017364690637,0.09055118110236221,0.09391304347826086
38,최정,SSG,0.266,121,505,414,80,110,21,0,26,209,87,0,6,2022,66,3,19,96,6,0.505,0.386,0.891,27,0.292,0.5,0.22797609561752985,28.4456094115789,0.2391304347826087,0.1306930693069307
39,최형우,KIA,0.264,132,530,454,55,120,27,1,14,191,71,0,2,2022,73,5,1,92,9,0.421,0.366,0.787,33,0.282,0.286,0.20143428571428568,10.362268824430101,0.15638766519823788,0.13773584905660377
40,한유섬,SSG,0.264,135,545,458,62,121,33,1,21,219,100,0,5,2022,66,6,16,137,8,0.478,0.372,0.85,31,0.284,0.111,0.21777922077922074,21.498322798576172,0.21397379912663755,0.12110091743119267
41,강승호,두산,0.264,134,487,444,54,117,28,1,10,177,62,6,5,2022,29,0,3,100,8,0.399,0.31,0.709,34,0.299,0.25,0.18177962577962575,-3.0287512687248896,0.13513513513513514,0.059548254620123205
42,황재균,KT,0.262,141,581,519,59,136,25,3,10,197,64,2,2,2022,53,5,5,99,17,0.38,0.335,0.715,36,0.303,0.0,0.1824128919860627,-2.5972973273743793,0.11753371868978806,0.09122203098106713
43,정수빈,두산,0.259,127,455,405,58,105,12,4,3,134,41,6,4,2022,39,1,1,56,2,0.331,0.323,0.654,29,0.237,0.0,0.1663258928571429,-13.557615607623452,0.07160493827160494,0.08571428571428572
44,추신수,SSG,0.259,112,499,409,77,106,20,1,16,176,58,2,4,2022,71,1,13,100,6,0.43,0.382,0.812,29,0.299,0.25,0.20908266129032255,15.573223954622629,0.17114914425427874,0.14228456913827656
45,하주석,한화,0.258,125,483,445,50,115,18,2,5,152,58,1,3,2022,31,1,3,126,4,0.342,0.309,0.651,29,0.255,0.75,0.1654261954261954,-14.17059321271199,0.08314606741573034,0.06418219461697723
46,황대인,KIA,0.256,129,524,476,40,122,27,0,14,191,91,0,5,2022,36,2,7,92,20,0.401,0.315,0.716,34,0.296,0.0,0.18369157088122606,-1.7261138607181723,0.14495798319327732,0.06870229007633588
47,유강남,LG,0.255,139,469,416,54,106,16,0,8,146,47,6,2,2022,34,1,11,98,9,0.351,0.326,0.677,27,0.255,0.385,0.17308225108225112,-8.954405526668015,0.09615384615384616,0.07249466950959488
48,김재환,두산,0.248,128,517,448,64,111,24,1,23,206,72,0,4,2022,61,4,4,133,5,0.46,0.34,0.8,22,0.271,0.333,0.20694346978557504,14.11576010033001,0.21205357142857142,0.11798839458413926
49,송성문,키움,0.247,142,601,547,67,135,21,4,13,203,79,1,7,2022,45,6,1,65,8,0.371,0.302,0.673,31,0.269,0.0,0.17145622895622895,-10.062239243143562,0.12431444241316271,0.07487520798668885
50,양석환,두산,0.244,107,446,405,58,99,14,1,20,175,51,0,2,2022,32,3,7,101,3,0.432,0.309,0.741,23,0.245,0.0,0.19245598194130925,4.2452132953054385,0.18765432098765433,0.07174887892376682
51,박동원,KIA,0.242,123,447,385,52,93,21,0,18,168,57,7,1,2022,45,4,9,95,9,0.436,0.334,0.77,21,0.234,0.077,0.19955963302752297,9.085039308397745,0.19480519480519481,0.10067114093959731
52,김태연,한화,0.24,119,464,404,46,97,18,0,7,136,53,3,4,2022,48,1,5,106,9,0.337,0.325,0.662,25,0.239,0.0,0.16995434782608695,-11.085493802526498,0.09653465346534654,0.10344827586206896
53,심우준,KT,0.24,132,449,388,69,93,8,2,4,117,34,11,4,2022,43,0,2,75,11,0.302,0.316,0.618,23,0.175,0.333,0.15811670480549198,-19.150660845424305,0.061855670103092786,0.0957683741648107
1,손아섭,NC,0.339,140,609,551,97,187,36,3,5,244,65,1,5,2023,50,2,2,67,10,0.443,0.393,0.836,54,0.339,0.333,0.21499669966996696,18.964754251710865,0.10344827586206896,0.08210180623973727
2,구자욱,삼성,0.336,119,515,453,65,152,37,1,11,224,71,2,3,2023,53,2,4,81,5,0.494,0.407,0.901,50,0.395,0.0,0.23325636007827785,30.99431821054469,0.15894039735099338,0.1029126213592233
3,김혜성,키움,0.335,137,621,556,104,186,29,6,7,248,57,0,5,2023,57,3,3,77,6,0.446,0.396,0.842,50,0.314,0.0,0.2161844660194175,19.747261206898393,0.11151079136690648,0.09178743961352658
4,홍창기,LG,0.332,141,643,524,109,174,35,2,1,216,65,3,6,2023,88,3,22,83,6,0.412,0.444,0.856,58,0.361,0.5,0.21879120879120875,21.4645975754991,0.08015267175572519,0.1368584758942457
5,에레디아,SSG,0.323,122,523,473,76,153,29,0,12,218,76,1,1,2023,39,4,9,75,13,0.461,0.385,0.846,43,0.338,0.0,0.21822586872586874,21.092148454188848,0.13742071881606766,0.0745697896749522
6,김선빈,KIA,0.32,119,473,419,41,134,16,0,0,150,48,8,3,2023,38,0,5,26,10,0.358,0.381,0.739,36,0.333,0.0,0.1882043010752688,1.3137757943680533,0.03818615751789976,0.080338266384778
7,박건우,NC,0.319,130,533,458,70,146,34,2,12,220,85,1,9,2023,56,0,9,71,14,0.48,0.397,0.877,49,0.304,0.0,0.22607706766917293,26.264561178744184,0.1615720524017467,0.1050656660412758
8,박민우,NC,0.316,124,509,452,76,143,20,7,2,183,46,5,3,2023,40,3,9,57,13,0.405,0.381,0.786,39,0.309,0.0,0.20202195608782433,10.416922348998515,0.08849557522123894,0.07858546168958742
9,오스틴,LG,0.313,139,583,520,87,163,29,4,23,269,95,0,7,2023,53,2,3,75,11,0.517,0.376,0.893,43,0.299,0.5,0.23127022375215145,29.685840756318527,0.20384615384615384,0.09090909090909091
10,전준우,롯데,0.312,138,559,493,80,154,21,3,17,232,77,0,7,2023,52,4,7,65,12,0.471,0.381,0.852,45,0.29,0.3,0.2182594594594595,21.114278212854583,0.15821501014198783,0.09302325581395349
11,양의지,두산,0.305,129,510,439,56,134,23,0,17,208,68,0,3,2023,57,8,11,56,20,0.474,0.396,0.87,31,0.315,0.667,0.22243227091633466,23.863349180559275,0.16856492027334852,0.11176470588235295
12,최형우,KIA,0.302,121,508,431,64,130,27,1,17,210,81,0,4,2023,65,1,8,83,5,0.487,0.4,0.887,35,0.317,0.667,0.22902761341222883,28.20839682167874,0.18561484918793503,0.1279527559055118
13,박찬호,KIA,0.301,130,507,452,73,136,18,4,3,171,52,7,6,2023,40,0,2,56,13,0.378,0.356,0.734,42,0.355,0.0,0.18882600000000002,1.723354439915502,0.07743362831858407,0.07889546351084813
14,문보경,LG,0.301,131,542,469,77,141,29,5,10,210,72,9,4,2023,58,2,2,83,5,0.448,0.377,0.825,39,0.281,0.25,0.21417137476459508,18.421025698496873,0.14712153518123666,0.1070110701107011
15,노시환,한화,0.298,131,595,514,85,153,30,1,31,278,101,0,3,2023,74,5,4,118,13,0.541,0.388,0.929,47,0.299,0.0,0.2402525423728814,35.60344129929,0.24319066147859922,0.12436974789915967
16,최정,SSG,0.297,128,552,471,94,140,31,0,29,258,87,1,6,2023,59,6,15,87,12,0.548,0.388,0.936,39,0.264,0.0,0.2410770642201835,36.14664079346359,0.2505307855626327,0.1068840579710145
17,김민혁,KT,0.297,113,448,397,68,118,20,3,3,153,41,7,5,2023,36,0,3,48,4,0.385,0.356,0.741,33,0.284,0.286,0.19156916099773247,3.5305638804909307,0.08816120906801007,0.08035714285714286
18,황재균,KT,0.295,109,457,407,62,120,26,2,6,168,49,3,1,2023,45,1,1,64,15,0.413,0.366,0.779,35,0.314,0.0,0.20279249448123624,10.924557249046629,0.11793611793611794,0.09846827133479212
19,문성주,LG,0.294,136,534,449,77,132,21,4,2,167,57,6,4,2023,67,0,8,34,10,0.372,0.392,0.764,31,0.297,0.375,0.19762310606060604,7.51893593717809,0.0779510022271715,0.1254681647940075
20,김현수,LG,0.293,133,556,488,53,143,22,2,6,187,88,1,8,2023,58,4,1,53,10,0.383,0.364,0.747,43,0.348,0.25,0.1911433756805808,3.2500541891345005,0.09016393442622951,0.10431654676258993
21,안치홍,롯데,0.292,121,494,425,57,124,20,1,8,170,63,5,5,2023,49,3,10,53,14,0.4,0.374,0.774,36,0.355,0.167,0.1988888888888889,8.352840574522364,0.10823529411764705,0.09919028340080972
22,강민호,삼성,0.29,125,495,434,60,126,19,0,16,193,77,1,5,2023,49,4,6,65,17,0.445,0.366,0.811,32,0.301,0.0,0.2083938775510204,14.614778994092262,0.1543778801843318,0.09898989898989899
23,알포드,KT,0.289,133,547,491,83,142,31,3,15,224,70,0,3,2023,47,1,6,140,6,0.456,0.356,0.812,43,0.303,0.667,0.21245970695970698,17.29336960442153,0.1670061099796334,0.08592321755027423
24,장성우,KT,0.288,131,464,410,37,118,22,0,11,173,65,3,7,2023,42,1,2,70,12,0.422,0.351,0.773,36,0.267,0.25,0.1996913043478261,8.881476259359554,0.13414634146341464,0.09051724137931035
25,정수빈,두산,0.287,137,583,498,75,143,14,11,2,185,33,12,2,2023,64,1,7,63,2,0.371,0.375,0.746,42,0.253,0.5,0.19350350877192982,4.804922753985849,0.08433734939759036,0.1097770154373928
26,피렐라,삼성,0.285,139,605,557,66,159,28,1,16,237,80,0,2,2023,42,5,4,69,20,0.425,0.339,0.764,43,0.253,0.0,0.19820666666666667,7.903388850183362,0.1400359066427289,0.06942148760330578
27,소크라테스,KIA,0.285,142,608,547,91,156,31,3,20,253,96,0,8,2023,52,4,1,80,13,0.463,0.344,0.807,41,0.303,0.0,0.20932615894039733,15.228971062857996,0.1773308957952468,0.08552631578947369
28,박해민,LG,0.285,144,558,485,80,138,14,2,6,174,59,24,1,2023,45,0,3,74,7,0.359,0.348,0.707,33,0.313,0.5,0.18239700374531836,-2.512103389387593,0.07422680412371134,0.08064516129032258
29,박병호,KT,0.283,132,493,431,53,122,15,0,18,191,87,0,8,2023,46,2,8,114,9,0.443,0.357,0.8,31,0.34,0.25,0.20536456211812626,12.619049449478375,0.16009280742459397,0.09330628803245436
30,마틴,NC,0.283,118,503,435,55,123,20,2,17,198,90,0,10,2023,57,2,1,107,8,0.455,0.36,0.815,33,0.317,0.0,0.20973652694610778,15.49932374527185,0.1724137931034483,0.11332007952286283
31,양석환,두산,0.281,140,582,524,73,147,28,0,21,238,89,0,11,2023,41,3,6,133,9,0.454,0.333,0.787,40,0.261,0.0,0.2036580310880829,11.494777490713057,0.1736641221374046,0.070446735395189
32,김현준,삼성,0.275,109,479,433,62,119,10,6,3,150,46,8,3,2023,30,0,5,84,5,0.346,0.327,0.673,28,0.288,0.0,0.17398089171974523,-8.056683936475,0.07159353348729793,0.06263048016701461
33,김상수,KT,0.271,129,512,443,58,120,19,1,3,150,56,8,3,2023,55,0,3,68,9,0.339,0.353,0.692,30,0.336,0.5,0.17947420634920638,-4.437658269873697,0.06772009029345373,0.107421875
34,최지훈,SSG,0.268,117,503,462,65,124,19,8,2,165,30,8,1,2023,29,0,3,50,3,0.357,0.315,0.672,31,0.223,0.0,0.17608888888888888,-6.66792389361503,0.08874458874458875,0.05765407554671968
35,류지혁,삼성,0.268,132,522,455,63,122,11,1,2,141,45,10,5,2023,46,1,6,73,12,0.31,0.34,0.65,35,0.271,0.167,0.16651076320939334,-12.978045379488753,0.041758241758241756,0.08812260536398467
36,허경민,두산,0.268,130,475,429,44,115,23,1,7,161,48,0,5,2023,35,3,6,26,6,0.375,0.328,0.703,26,0.224,0.667,0.182228813559322,-2.6229080020938906,0.10722610722610723,0.07368421052631578
37,오지환,LG,0.268,126,502,422,65,113,24,3,8,167,62,4,4,2023,64,0,8,82,4,0.396,0.371,0.767,25,0.298,0.333,0.20033534136546186,9.30577136245905,0.12796208530805686,0.12749003984063745
38,문현빈,한화,0.266,137,481,428,47,114,22,2,5,155,49,9,5,2023,33,2,6,84,7,0.362,0.324,0.686,31,0.252,0.25,0.17800425531914896,-5.406070033127587,0.09579439252336448,0.06860706860706861
39,박성한,SSG,0.266,128,529,459,53,122,19,0,9,168,47,7,4,2023,58,1,1,56,7,0.366,0.347,0.713,30,0.254,0.0,0.18469673704414588,-0.9970265375796659,0.10021786492374728,0.10964083175803403
40,강승호,두산,0.265,127,459,419,51,111,18,6,7,162,59,4,3,2023,27,0,6,110,12,0.387,0.316,0.703,24,0.273,0.167,0.18436703296703294,-1.2142373834787061,0.12171837708830549,0.058823529411764705
41,채은성,한화,0.263,137,596,521,71,137,17,0,23,223,84,0,3,2023,52,8,20,102,16,0.428,0.351,0.779,39,0.311,0.0,0.20038095238095238,9.335820148460616,0.16506717850287908,0.087248322147651
42,김민석,롯데,0.255,129,454,400,53,102,24,0,3,135,39,12,5,2023,31,1,6,112,6,0.338,0.314,0.652,25,0.274,0.0,0.16981632653061224,-10.800322217973706,0.0825,0.06828193832599119
43,추신수,SSG,0.254,112,462,382,65,97,17,1,12,152,41,0,2,2023,65,1,13,79,8,0.398,0.379,0.777,24,0.26,0.3,0.20236876355748373,10.645401003276774,0.14397905759162305,0.1406926406926407
44,로하스,두산,0.253,122,464,403,52,102,24,4,19,191,65,0,3,2023,55,2,3,68,5,0.474,0.345,0.819,28,0.255,0.0,0.2151103896103896,19.039653805109335,0.22084367245657568,0.11853448275862069
45,박동원,LG,0.249,130,481,409,54,102,17,1,20,181,75,8,8,2023,49,3,7,90,7,0.443,0.334,0.777,27,0.212,0.333,0.20117234042553192,9.857190912518906,0.19315403422982885,0.10187110187110188
46,이재현,삼성,0.249,143,538,458,61,114,19,2,12,173,60,16,6,2023,52,0,6,89,9,0.378,0.33,0.708,24,0.24,0.0,0.1846704980842912,-1.0143129075737904,0.12882096069868995,0.09665427509293681
47,최주환,SSG,0.235,134,478,426,48,100,24,0,20,184,63,1,3,2023,44,4,4,94,6,0.432,0.31,0.742,22,0.212,0.286,0.19505285412262155,5.825639929097441,0.19718309859154928,0.09205020920502092
48,김주원,NC,0.233,127,474,403,56,94,9,2,10,137,54,8,4,2023,44,1,15,106,6,0.34,0.328,0.668,21,0.267,0.0,0.17413333333333333,-7.956254569244734,0.10669975186104218,0.09282700421940929
49,정은원,한화,0.222,122,459,388,50,86,12,0,2,104,30,5,1,2023,62,1,3,73,4,0.268,0.333,0.601,16,0.214,0.0,0.15796026490066226,-18.611160343552648,0.04639175257731959,0.13507625272331156
50,김재환,두산,0.22,132,484,405,40,89,15,0,10,134,46,0,2,2023,72,4,5,100,8,0.331,0.343,0.674,21,0.264,0.214,0.17635416666666665,-6.493157445429475,0.1111111111111111,0.1487603305785124
1,에레디아,SSG,0.36,136,591,541,82,195,31,1,21,291,118,0,9,2024,28,3,13,73,12,0.538,0.399,0.937,59,0.428,0.0,0.24781632653061225,32.00532732332259,0.17744916820702403,0.047377326565143825
2,레이예스,롯데,0.352,144,632,574,88,202,40,3,15,293,111,0,11,2024,46,2,1,82,16,0.51,0.394,0.904,61,0.395,0.0,0.23925238095238097,26.41613415109476,0.15853658536585366,0.07278481012658228
3,김도영,KIA,0.347,141,625,544,143,189,29,10,38,352,109,1,7,2024,66,7,7,110,10,0.647,0.42,1.067,58,0.317,0.5,0.2801523500810372,53.10918423063845,0.29963235294117646,0.1056
4,구자욱,삼성,0.343,129,568,493,92,169,39,1,33,309,115,2,6,2024,55,4,12,73,6,0.627,0.417,1.044,52,0.341,0.0,0.27651067615658365,50.7324737707105,0.2839756592292089,0.09683098591549295
5,송성문,키움,0.34,142,602,527,88,179,29,4,19,273,104,0,8,2024,64,2,3,82,5,0.518,0.409,0.927,47,0.372,0.333,0.24505333333333332,30.202081077526994,0.17836812144212524,0.10631229235880399
6,홍창기,LG,0.336,139,637,524,96,176,18,3,5,215,73,1,4,2024,96,3,12,93,8,0.41,0.447,0.857,51,0.389,1.0,0.2278973143759874,19.00533734030059,0.07442748091603053,0.15070643642072212
7,로하스,KT,0.329,144,670,572,108,188,39,1,32,325,112,0,4,2024,88,9,6,115,10,0.568,0.421,0.989,54,0.313,0.0,0.26160211800302574,41.00251803028216,0.2395104895104895,0.13134328358208955
8,김선빈,KIA,0.329,116,466,423,48,139,23,0,9,189,57,7,0,2024,30,0,5,39,13,0.447,0.38,0.827,42,0.35,0.5,0.2216288209606987,14.914253356074392,0.1182033096926714,0.06437768240343347
9,박민우,NC,0.328,121,528,457,75,150,26,2,8,204,50,4,4,2024,54,4,9,79,5,0.446,0.406,0.852,43,0.314,0.0,0.22635576923076922,17.99925976523572,0.11816192560175055,0.10227272727272728
10,김혜성,키움,0.326,127,567,509,90,166,26,4,11,233,75,0,7,2024,47,2,4,62,6,0.458,0.383,0.841,49,0.377,0.0,0.2227787610619469,15.664752913043195,0.13163064833005894,0.08289241622574955
11,오스틴,LG,0.319,140,604,527,99,168,32,3,32,302,132,0,13,2024,61,6,3,82,9,0.573,0.384,0.957,49,0.329,0.0,0.2521053511705686,34.80452624561559,0.25426944971537,0.10099337748344371
12,김지찬,삼성,0.316,135,535,453,102,143,16,3,3,174,36,12,1,2024,60,2,9,40,5,0.384,0.405,0.789,38,0.24,0.333,0.2109136276391555,7.921064900498122,0.0684326710816777,0.11214953271028037
13,양의지,두산,0.314,119,485,430,57,135,18,1,17,206,94,0,6,2024,40,5,9,56,13,0.479,0.379,0.858,37,0.393,0.5,0.22705208333333332,18.453703805336804,0.16511627906976745,0.08247422680412371
14,나승엽,롯데,0.312,121,489,407,59,127,35,4,7,191,66,2,7,2024,69,1,4,83,4,0.469,0.411,0.88,33,0.354,0.4,0.23452057613168723,23.32795815154594,0.15724815724815724,0.1411042944785276
15,소크라테스,KIA,0.31,140,602,552,92,171,30,3,26,285,97,0,5,2024,41,4,4,91,7,0.516,0.359,0.875,49,0.336,0.0,0.23351672240802676,22.672800744607194,0.20652173913043478,0.0681063122923588
16,허경민,두산,0.309,115,477,417,69,129,28,0,7,178,61,0,6,2024,36,0,18,25,8,0.427,0.384,0.811,38,0.296,0.5,0.2171362683438155,11.982223466021813,0.11750599520383694,0.07547169811320754
17,고승민,롯데,0.308,120,532,481,79,148,27,6,14,229,87,1,8,2024,41,0,1,78,10,0.476,0.358,0.834,42,0.307,0.667,0.22201318267419962,15.165104070285595,0.1683991683991684,0.07706766917293233
18,박찬호,KIA,0.307,134,577,515,86,158,24,1,5,199,61,7,6,2024,48,1,1,44,9,0.386,0.363,0.749,49,0.359,0.5,0.19980316344463972,0.6699059517400211,0.07961165048543689,0.0831889081455806
19,데이비슨,NC,0.306,131,567,504,90,154,25,1,46,319,119,0,7,2024,39,5,17,142,12,0.633,0.37,1.003,45,0.255,0.0,0.26685231316725977,44.42901749793301,0.3273809523809524,0.06878306878306878
20,강민호,삼성,0.303,136,452,403,48,122,19,1,19,200,77,0,6,2024,35,2,8,52,17,0.496,0.365,0.861,31,0.274,0.182,0.22933777777777778,19.945444693457496,0.1935483870967742,0.07743362831858407
21,박성한,SSG,0.301,137,564,489,78,147,24,0,10,201,67,3,6,2024,64,3,2,86,11,0.411,0.38,0.791,42,0.302,0.167,0.211078853046595,8.028897991064087,0.11042944785276074,0.11347517730496454
22,문보경,LG,0.301,144,602,519,80,156,35,3,22,263,101,3,13,2024,65,3,2,112,14,0.507,0.372,0.879,40,0.292,0.0,0.23301006711409394,22.342136066316783,0.20616570327552985,0.1079734219269103
23,권희동,NC,0.3,123,511,416,66,125,22,1,13,188,77,2,6,2024,77,1,10,63,10,0.452,0.417,0.869,31,0.391,1.0,0.23202559055118113,21.699625014210472,0.15144230769230768,0.1506849315068493
24,안치홍,한화,0.3,128,533,473,64,142,21,0,13,202,66,1,4,2024,49,1,6,70,10,0.427,0.37,0.797,44,0.317,1.0,0.21352919020715627,9.628091680743477,0.12684989429175475,0.09193245778611632
25,신민재,LG,0.297,128,474,387,78,115,11,6,0,138,40,15,3,2024,64,1,5,47,7,0.357,0.401,0.758,32,0.306,0.333,0.20297379912663757,2.7391969279099424,0.059431524547803614,0.1350210970464135
26,김현수,LG,0.294,137,583,517,61,152,36,2,8,216,69,1,9,2024,47,1,9,76,10,0.418,0.357,0.775,44,0.257,0.25,0.20743029259896728,5.647693094786247,0.12379110251450677,0.08061749571183534
27,윤동희,롯데,0.293,141,613,532,97,156,35,4,14,241,85,2,5,2024,67,1,7,114,10,0.453,0.376,0.829,43,0.319,0.25,0.2224754098360656,15.466773070108115,0.15977443609022557,0.10929853181076672
28,전준우,롯데,0.293,109,483,423,57,124,26,2,17,205,82,1,5,2024,49,0,5,84,11,0.485,0.369,0.854,37,0.243,0.0,0.2289564315352697,19.696562003182272,0.19148936170212766,0.10144927536231885
29,최원준,KIA,0.292,136,508,438,75,128,23,3,9,184,56,7,5,2024,50,0,8,66,6,0.42,0.371,0.791,37,0.301,0.286,0.21222554890219564,8.77728021607921,0.1278538812785388,0.0984251968503937
30,최정,SSG,0.291,129,550,468,93,136,27,2,37,278,107,0,7,2024,55,1,20,114,10,0.594,0.384,0.978,39,0.284,0.0,0.2598870673952641,39.88320345041229,0.3034188034188034,0.1
31,김태연,한화,0.291,126,472,413,59,120,24,0,12,180,61,6,4,2024,45,0,4,89,9,0.436,0.363,0.799,33,0.295,0.0,0.21485193133047212,10.491368494862247,0.14527845036319612,0.09533898305084745
32,강백호,KT,0.289,144,614,550,92,159,27,0,26,264,96,0,2,2024,59,4,3,127,6,0.48,0.36,0.84,43,0.28,0.25,0.22532459016393444,17.32626868337418,0.19090909090909092,0.09609120521172639
33,이우성,KIA,0.288,112,449,399,56,115,16,1,9,160,54,0,3,2024,44,0,3,89,17,0.401,0.361,0.762,27,0.266,1.0,0.2047082405345212,3.8711667642449386,0.11278195488721804,0.09799554565701558
34,서호철,NC,0.285,141,567,512,68,146,19,3,10,201,61,6,3,2024,30,0,16,101,15,0.393,0.342,0.735,38,0.243,0.0,0.19708734402852052,-1.1025526888381614,0.107421875,0.05291005291005291
35,정수빈,두산,0.284,136,608,510,95,145,21,3,4,184,47,10,8,2024,71,1,9,72,8,0.361,0.376,0.737,42,0.248,0.0,0.19791624790619766,-0.5615749524402553,0.07647058823529412,0.11677631578947369
36,김재환,두산,0.283,136,552,474,78,134,28,0,29,249,92,0,9,2024,63,3,6,168,8,0.525,0.368,0.893,30,0.259,0.667,0.23791438979963572,25.542904522635418,0.24261603375527427,0.11413043478260869
37,강승호,두산,0.28,140,566,521,81,146,34,7,18,248,81,2,4,2024,32,4,7,158,8,0.476,0.328,0.804,39,0.29,0.2,0.21532500000000002,10.800113121222457,0.19577735124760076,0.05653710247349823
38,최형우,KIA,0.28,116,487,425,67,119,23,2,22,212,109,0,5,2024,52,4,5,86,5,0.499,0.361,0.86,34,0.331,0.4,0.2295424430641822,20.079017917494713,0.2188235294117647,0.10677618069815195
39,최지훈,SSG,0.275,125,543,483,89,133,22,7,11,202,49,6,2,2024,50,0,2,71,5,0.418,0.345,0.763,39,0.245,0.2,0.20513780260707637,4.1515171449241794,0.14285714285714285,0.09208103130755065
40,배정대,KT,0.275,113,473,404,49,111,25,1,7,159,59,8,7,2024,50,1,4,114,5,0.394,0.355,0.749,30,0.302,1.0,0.20123060344827587,1.6015136843215867,0.1188118811881188,0.10570824524312897
41,페라자,한화,0.275,122,522,455,75,125,24,0,24,221,70,0,2,2024,63,5,2,129,6,0.486,0.364,0.85,34,0.308,0.286,0.2278201160541586,18.954954449688845,0.210989010989011,0.1206896551724138
42,박동원,LG,0.272,130,498,434,58,118,22,0,20,200,80,2,7,2024,55,2,0,112,14,0.461,0.349,0.81,25,0.27,0.5,0.21693319838056682,11.849691417364337,0.1889400921658986,0.11044176706827309
43,노시환,한화,0.272,136,601,526,88,143,20,2,24,239,89,0,4,2024,60,9,11,129,10,0.454,0.356,0.81,35,0.314,0.0,0.21558277027027026,10.968344904275806,0.18250950570342206,0.09983361064891846
44,채은성,한화,0.271,124,498,436,61,118,24,0,20,202,83,0,5,2024,49,1,8,83,12,0.463,0.351,0.814,29,0.27,0.0,0.2193118712273642,13.402113944204997,0.1926605504587156,0.09839357429718876
45,장성우,KT,0.268,131,489,418,53,112,19,0,19,188,81,2,8,2024,60,1,1,86,8,0.45,0.355,0.805,30,0.271,0.133,0.21579423868312758,11.10635813643464,0.18181818181818182,0.12269938650306748
46,이주형,키움,0.266,115,537,473,82,126,19,3,13,190,60,0,1,2024,49,1,14,119,4,0.402,0.352,0.754,36,0.267,0.0,0.20355783582089554,3.1203639815837363,0.13530655391120508,0.09124767225325885
47,박해민,LG,0.263,144,553,482,72,127,16,6,6,173,56,5,9,2024,46,0,11,101,3,0.359,0.336,0.695,35,0.233,0.25,0.18607664233576643,-8.288602408608632,0.0954356846473029,0.08318264014466546
48,박승욱,롯데,0.262,139,468,405,57,106,19,1,7,148,53,3,3,2024,47,3,10,120,7,0.365,0.351,0.716,27,0.246,0.0,0.19300216450216454,-3.76871366656233,0.1037037037037037,0.10042735042735043
49,이재현,삼성,0.26,109,458,389,71,101,18,1,14,163,66,0,3,2024,58,1,8,83,8,0.419,0.365,0.784,27,0.33,0.25,0.2118402625820569,8.525826064461754,0.15938303341902313,0.12663755458515283
50,황재균,KT,0.26,137,536,493,60,128,22,0,13,189,58,5,2,2024,34,0,2,95,16,0.383,0.309,0.692,34,0.238,0.2,0.18728625235404897,-7.499159739515977,0.12373225152129817,0.06343283582089553
51,김휘집,NC,0.258,140,562,488,78,126,24,1,16,200,73,4,8,2024,52,1,10,119,16,0.41,0.337,0.747,33,0.282,0.0,0.20112387791741473,1.5318600879806885,0.15163934426229508,0.09252669039145907
52,최주환,키움,0.257,130,544,482,49,124,23,1,13,188,84,0,9,2024,47,2,6,92,12,0.39,0.325,0.715,36,0.308,0.0,0.19200738007380075,-4.417952067724349,0.13278008298755187,0.08639705882352941
53,김영웅,삼성,0.252,126,509,456,65,115,16,3,28,221,79,1,4,2024,45,0,3,155,2,0.485,0.321,0.806,26,0.31,0.167,0.21739763779527563,12.152804226978906,0.2324561403508772,0.08840864440078586
54,김주원,NC,0.252,134,475,385,61,97,18,2,9,146,49,9,5,2024,51,1,25,111,5,0.379,0.371,0.75,26,0.243,0.0,0.20356344086021505,3.12402206735838,0.12727272727272726,0.10736842105263159
55,양석환,두산,0.246,142,593,533,83,131,25,1,34,260,107,1,3,2024,49,1,7,128,15,0.488,0.316,0.804,34,0.286,0.667,0.21793908629441622,12.506176422874463,0.24202626641651032,0.08263069139966273
56,한유섬,SSG,0.235,132,523,464,64,109,29,0,24,210,87,1,3,2024,46,3,9,142,2,0.453,0.314,0.767,28,0.26,0.167,0.20815414258188825,6.120108215281987,0.21767241379310345,0.08795411089866156
1,양의지,두산,0.337,130,517,454,56,153,27,1,20,242,89,0,6,2025,50,6,7,63,10,0.533,0.406,0.939,44,0.375,0.5,0.23974363992172215,35.27197675382097,0.1960352422907489,0.09671179883945841
2,안현민,KT,0.334,112,482,395,72,132,19,4,22,225,80,0,3,2025,75,5,9,72,4,0.57,0.448,1.018,38,0.333,0.0,0.2592410901467505,48.11624872157382,0.23544303797468355,0.15560165975103735
3,김성윤,삼성,0.331,127,538,456,92,151,29,9,6,216,61,10,2,2025,65,0,5,54,11,0.474,0.419,0.893,45,0.402,0.4,0.23016666666666666,28.96298518332709,0.1425438596491228,0.120817843866171
4,레이예스,롯데,0.326,144,643,573,75,187,44,1,13,272,107,0,9,2025,58,17,3,66,25,0.475,0.386,0.861,60,0.375,0.0,0.21682907348242808,20.176622234509363,0.14834205933682373,0.09020217729393468
5,문현빈,한화,0.32,141,592,528,71,169,30,2,12,239,80,5,11,2025,38,2,10,82,11,0.453,0.37,0.823,53,0.319,0.25,0.21022222222222223,15.824248285240774,0.13257575757575757,0.06418918918918919
6,구자욱,삼성,0.319,142,616,529,106,169,43,2,19,273,96,1,8,2025,73,7,5,91,9,0.516,0.402,0.918,46,0.351,0.333,0.23432565789473683,31.702790328528025,0.19659735349716445,0.1185064935064935
7,송성문,키움,0.315,144,646,574,103,181,37,4,26,304,90,0,3,2025,68,5,1,96,6,0.53,0.387,0.917,53,0.372,0.333,0.23664430577223092,33.230238461092426,0.21428571428571427,0.10526315789473684
8,디아즈,삼성,0.314,144,628,551,93,173,32,0,50,355,158,0,11,2025,60,10,6,100,15,0.644,0.381,1.025,50,0.352,1.0,0.2627669902912621,50.438994509590316,0.33030852994555354,0.09554140127388536
9,신민재,LG,0.313,135,538,463,87,145,15,7,1,177,61,6,4,2025,62,0,3,57,7,0.382,0.395,0.777,37,0.407,0.5,0.20055827067669174,9.4579583087883,0.06911447084233262,0.11524163568773234
10,오스틴,LG,0.313,116,499,425,82,133,25,1,31,253,95,0,11,2025,61,7,2,62,11,0.595,0.393,0.988,38,0.292,0.0,0.25136178861788616,42.92562684103932,0.2823529411764706,0.12224448897795591
11,최형우,KIA,0.307,133,549,469,74,144,30,1,24,248,86,0,5,2025,67,8,8,98,9,0.529,0.399,0.928,38,0.294,0.6,0.23741219963031424,33.73610140428528,0.22174840085287847,0.122040072859745
12,문성주,LG,0.305,135,542,475,57,145,20,2,3,178,70,0,9,2025,54,0,4,59,10,0.375,0.375,0.75,43,0.321,0.167,0.1923579335793358,4.055848869345463,0.06947368421052631,0.0996309963099631
13,박민우,NC,0.302,117,468,404,64,122,25,8,3,172,67,4,4,2025,44,5,12,64,5,0.426,0.384,0.81,37,0.432,0.167,0.2078082788671024,14.234022660348131,0.12376237623762376,0.09401709401709402
14,케이브,두산,0.299,136,593,538,72,161,28,6,16,249,87,0,8,2025,43,1,4,116,7,0.463,0.351,0.814,52,0.31,0.0,0.21030067567567565,15.875930811998638,0.16356877323420074,0.07251264755480608
15,김현수,LG,0.298,140,552,483,66,144,24,0,12,204,90,0,1,2025,64,1,4,73,10,0.422,0.384,0.806,36,0.362,0.4,0.2090181488203267,15.031044760441878,0.12422360248447205,0.11594202898550725
16,전준우,롯데,0.293,114,472,410,50,120,26,1,8,172,70,3,6,2025,44,2,9,71,9,0.42,0.369,0.789,29,0.359,0.25,0.20298929336188437,11.05943522848873,0.12682926829268293,0.09322033898305085
17,김주원,NC,0.289,144,624,539,98,156,26,8,15,243,65,4,2,2025,63,1,16,111,8,0.451,0.379,0.83,40,0.306,0.333,0.21585783521809374,19.536802757161254,0.1614100185528757,0.10096153846153846
18,채은성,한화,0.288,132,527,480,54,138,27,1,19,224,88,3,0,2025,31,5,13,96,4,0.467,0.347,0.814,39,0.333,0.0,0.21121965317919075,16.48132263765606,0.17916666666666667,0.058823529411764705
19,박찬호,KIA,0.287,134,595,516,75,148,18,2,5,185,42,8,6,2025,62,0,3,69,7,0.359,0.363,0.722,37,0.294,0.0,0.1866626916524702,0.30401284019595126,0.07170542635658915,0.10420168067226891
20,최지훈,SSG,0.284,140,574,517,66,147,16,4,7,192,45,4,5,2025,43,2,5,87,2,0.371,0.342,0.713,37,0.28,0.286,0.18395774647887325,-1.477915107641088,0.08704061895551257,0.07491289198606271
21,허경민,KT,0.283,114,481,420,47,119,18,0,4,149,44,3,4,2025,39,1,15,35,14,0.355,0.362,0.717,33,0.29,0.0,0.18532285115303984,-0.5786295345491385,0.07142857142857142,0.08108108108108109
22,류지혁,삼성,0.28,129,464,400,54,112,14,0,1,129,37,14,4,2025,33,0,13,73,11,0.323,0.351,0.674,29,0.247,0.2,0.1741777777777778,-7.920633328905209,0.0425,0.07112068965517242
23,고명준,SSG,0.278,130,500,471,46,131,20,1,17,204,64,0,7,2025,20,1,2,99,12,0.433,0.306,0.739,43,0.235,0.0,0.1914428857715431,3.453045796577594,0.15498938428874734,0.04
24,박해민,LG,0.276,144,544,442,80,122,18,2,3,153,43,22,4,2025,68,0,8,94,7,0.346,0.379,0.725,29,0.231,0.0,0.18925670498084293,2.012862576600236,0.07013574660633484,0.125
25,문보경,LG,0.276,141,607,515,91,142,21,1,24,237,108,0,9,2025,79,3,4,108,15,0.46,0.371,0.831,38,0.274,0.333,0.21451655629139071,18.653212794352967,0.18446601941747573,0.1301482701812191
26,최주환,키움,0.275,120,506,459,45,126,31,1,12,195,74,0,6,2025,36,2,5,66,8,0.425,0.33,0.755,33,0.291,0.5,0.19537103174603174,6.040777763734979,0.1503267973856209,0.07114624505928854
27,박성한,SSG,0.274,127,538,452,73,124,23,2,7,172,48,2,2,2025,79,1,3,93,6,0.381,0.384,0.765,31,0.275,0.5,0.1995551401869159,8.797129293654486,0.10619469026548672,0.14684014869888476
28,한유섬,SSG,0.273,128,511,455,50,124,24,0,15,193,71,1,2,2025,46,3,7,120,6,0.424,0.347,0.771,36,0.291,0.333,0.20026429980276136,9.264300070824811,0.15164835164835164,0.09001956947162426
29,고승민,롯데,0.271,121,538,469,71,127,21,2,4,164,45,6,4,2025,56,1,3,83,8,0.35,0.35,0.7,36,0.241,0.0,0.18159133709981168,-3.0368269294900334,0.07889125799573561,0.10408921933085502
30,강민호,삼성,0.269,127,465,412,37,111,23,1,12,172,71,1,7,2025,38,4,7,69,16,0.417,0.336,0.753,26,0.333,0.3,0.19410217391304346,5.204896409649291,0.14805825242718446,0.08172043010752689
31,오선우,KIA,0.265,124,474,437,58,116,17,1,18,189,56,0,0,2025,34,2,3,158,11,0.432,0.323,0.755,32,0.239,0.143,0.19745974576271186,7.4167531135096105,0.16704805491990846,0.07172995780590717
32,노시환,한화,0.26,144,624,539,97,140,28,2,32,268,101,0,4,2025,70,10,11,125,22,0.497,0.354,0.851,37,0.29,0.0,0.22016123778501628,22.371741291089403,0.23747680890538034,0.11217948717948718
33,정수빈,두산,0.258,132,546,462,89,119,16,4,6,161,38,8,4,2025,61,2,11,57,7,0.348,0.355,0.703,27,0.212,1.0,0.18364179104477615,-1.6860560429118499,0.09090909090909091,0.11172161172161173
34,이재현,삼성,0.254,139,555,457,82,116,29,1,16,195,67,10,8,2025,69,1,11,119,8,0.427,0.36,0.787,29,0.256,0.333,0.2046047794117647,12.123663727358684,0.17286652078774617,0.12432432432432433
35,오지환,LG,0.253,127,472,419,57,106,24,1,16,180,62,7,6,2025,37,0,3,115,4,0.43,0.314,0.744,27,0.283,0.333,0.19423870967741935,5.294841631754168,0.1766109785202864,0.07838983050847458
36,박동원,LG,0.253,139,523,451,57,114,25,0,22,205,76,3,5,2025,62,4,2,124,10,0.455,0.342,0.797,27,0.235,0.143,0.20707558139534885,13.751345926279235,0.2017738359201774,0.11854684512428298
37,김휘집,NC,0.249,142,500,429,64,107,18,2,17,180,56,2,2,2025,40,0,27,89,9,0.42,0.349,0.769,29,0.242,0.333,0.2019658634538153,10.385233631487226,0.17016317016317017,0.08
38,김영웅,삼성,0.249,125,499,446,66,111,22,2,22,203,72,0,3,2025,48,3,2,143,6,0.455,0.323,0.778,25,0.268,0.0,0.20339314516129034,11.325479366895,0.2062780269058296,0.09619238476953908
39,장성우,KT,0.247,129,480,413,44,102,13,0,14,157,58,2,8,2025,55,1,2,96,13,0.38,0.333,0.713,25,0.191,0.25,0.18558280922431866,-0.40737780013356184,0.13317191283292978,0.11458333333333333
40,권희동,NC,0.246,136,456,358,56,88,24,0,6,130,39,8,2,2025,77,0,11,80,10,0.363,0.393,0.756,21,0.247,0.077,0.19960714285714287,8.831386923843851,0.11731843575418995,0.16885964912280702
41,최원준,NC,0.242,126,449,413,62,100,13,3,6,137,44,2,5,2025,23,0,6,71,5,0.332,0.289,0.621,24,0.224,0.2,0.16142505592841166,-16.321702487789267,0.08958837772397095,0.051224944320712694
42,이주형,키움,0.24,127,514,446,55,107,22,1,11,164,45,3,0,2025,37,2,28,115,7,0.368,0.337,0.705,28,0.257,0.222,0.1851434184675835,-0.6968338220485977,0.12780269058295965,0.07198443579766536
43,위즈덤,KIA,0.236,119,486,424,73,100,20,1,35,227,85,0,6,2025,52,2,4,142,9,0.535,0.321,0.856,25,0.207,0.2,0.2241384297520661,24.991783127491914,0.29952830188679247,0.10699588477366255
