variant,team_seasons_kbo,team_seasons_mlb,missing_type,missing_slot,s1_n_kbo,s1_n_mlb,s1_kbo,s1_kbo_lo,s1_kbo_hi,s1_mlb,s1_mlb_lo,s1_mlb_hi,s1_diff,s1_diff_lo,s1_diff_hi,s1_p_diff,s1_p_tost,s1_equivalent,s1_undefined_kbo,s1_undefined_mlb,s2_n_players,s2_n_team_seasons,s2_n_clusters,s2_mlb_slope,s2_mlb_slope_se,s2_mlb_slope_lo,s2_mlb_slope_hi,s2_kbo_slope,s2_kbo_slope_se,s2_kbo_slope_lo,s2_kbo_slope_hi,s2_diff,s2_diff_se,s2_diff_lo,s2_diff_hi,s2_diff_boot_lo,s2_diff_boot_hi,s2_kbo_only_slope,s2_kbo_only_lo,s2_kbo_only_hi,s2_kbo_only_G,s2_mlb_only_slope,s2_mlb_only_lo,s2_mlb_only_hi,s2_mlb_only_G,ind_a_n_kbo,ind_a_n_mlb,ind_a_kbo,ind_a_kbo_lo,ind_a_kbo_hi,ind_a_mlb,ind_a_mlb_lo,ind_a_mlb_hi,ind_a_diff,ind_a_diff_lo,ind_a_diff_hi,ind_a_p_diff,ind_a_p_tost,ind_a_equivalent
primary,50,150,0,0,50,150,0.3346410161513776,0.13464101615137758,0.5273205080756889,0.2493461585909779,0.14177596497845896,0.35536934681970417,0.0852948575603997,-0.1396078102560954,0.29887189336641945,0.4464,0.4482065733567253,False,0,0,600,200,41,0.08826900866416196,0.02421773474828766,0.03932314095543269,0.13721487637289123,0.11631868545113874,0.04152954812443104,0.03238433776631114,0.20025303313596635,0.028049676786976778,0.04807496275357745,-0.0691134473241693,0.12521280089812284,-0.027866644742062227,0.08104670988847956,0.11631868545113876,0.017999389680444913,0.21463798122183259,10,0.08826900866416205,0.038748496156863155,0.13778952117146095,31,50,147,0.26147929254714014,0.21182487486776913,0.3150879740897452,0.4231887077133936,0.3922841404697155,0.45416709254836757,-0.16170941516625348,-0.22178217585967883,-0.09914397261274775,0.0,0.9758638364425177,False
obp_pool_top33,50,150,0,0,50,150,0.3346410161513776,0.1319124861213897,0.5246410161513776,0.2493461585909779,0.14177596497845896,0.35511966128287414,0.0852948575603997,-0.14187118017992725,0.30440169358562924,0.4508,0.44905575631662387,False,0,0,600,200,41,0.08826900866416196,0.02421773474828766,0.03932314095543269,0.13721487637289123,0.11631868545113874,0.04152954812443104,0.03238433776631114,0.20025303313596635,0.028049676786976778,0.04807496275357745,-0.0691134473241693,0.12521280089812284,-0.026409070294084583,0.08007748616331828,0.11631868545113876,0.017999389680444913,0.21463798122183259,10,0.08826900866416205,0.038748496156863155,0.13778952117146095,31,46,144,0.2855796068626493,0.2227699839399962,0.3506175680431959,0.4645889157840019,0.4245827504524129,0.5065366138791181,-0.17900930892135258,-0.2537690572632598,-0.10183217164912374,0.0,0.9783186868368701,False
exante,50,120,0,0,49,119,0.46592095956984064,0.28496335011257545,0.6366561718919721,0.18179810585055092,0.05604181110467437,0.3067226890756303,0.2841228537192897,0.06342666884409809,0.5037336532788238,0.0134,0.9500543433212253,False,1,1,510,170,41,0.07814005372713817,0.029945931393105876,0.01761706874873184,0.1386630387055445,0.14406537232608696,0.030824478806172156,0.08176677679191513,0.2063639678602588,0.06592531859894879,0.04297565939776562,-0.020931728992059792,0.15278236618995739,0.011616325225307707,0.12124666777870342,0.1440653723260868,0.07117722052280323,0.21695352412937036,10,0.07814005372713807,0.016919509526444373,0.1393605979278318,31,50,120,0.25022491986484957,0.20076190195679483,0.3048099765815024,0.41615828261032656,0.37801758311759526,0.45564411979406844,-0.165933362745477,-0.22949822065049713,-0.10007452555879433,0.0,0.9773535298310894,False
pool_pa200,50,150,0,0,50,150,0.3873205080756888,0.2045740288532698,0.5619615242270664,0.15089316397477043,0.03666666666666668,0.2633333333333333,0.23642734410091837,0.02244016935856291,0.44554016319029166,0.0314,0.8933669236505402,False,0,0,600,200,41,0.06393583411008537,0.02452331942957947,0.014372356722342633,0.1134993114978281,0.10740485728150564,0.04199757508737169,0.02252459181987891,0.19228512274313236,0.043469023171420276,0.04863321405238001,-0.054822368901342164,0.1417604152441827,,,0.10740485728150563,0.007977529194636651,0.2068321853683746,10,0.06393583411008531,0.01379046092984413,0.1140812072903265,31,50,148,0.25342503921220294,0.20535162296087825,0.30477876428905815,0.4019337008419256,0.3712587953002854,0.4323993038521384,-0.14850866162972265,-0.2052501237005554,-0.08884021742944646,0.0,0.9478614535427262,False
pool_pa400,50,150,0,0,50,148,0.41196152422706633,0.21730255888325767,0.5892820323027551,0.23986486486486486,0.12837837837837837,0.3461625054565465,0.17209665936220148,-0.04600830042093017,0.38275039736934036,0.122,0.7458334330421268,False,0,2,598,200,41,0.099395094571085,0.029491409683528445,0.039790732234265554,0.15899945690790446,0.14487125203281662,0.023942578246116574,0.09648149635910808,0.19326100770652516,0.04547615746173162,0.037986712126652,-0.0312978515760936,0.12225016649955683,,,0.14487125203281642,0.08823772139898656,0.2015047826666463,10,0.09939509457108495,0.0390744295656022,0.1597157595765677,31,50,147,0.2828706069914135,0.23079300445133966,0.3387375247475565,0.42601747126795847,0.39627664148697755,0.45621302886124887,-0.143146864276545,-0.20338864687284486,-0.07956498642506746,0.0,0.9138105219046055,False
obp_pool_top50,50,150,0,0,50,150,0.3346410161513776,0.13730255888325765,0.5246410161513776,0.2493461585909779,0.14088280100368855,0.35511966128287414,0.0852948575603997,-0.1426854749884549,0.30643770707200013,0.4524,0.44883178414084507,False,0,0,600,200,41,0.08826900866416196,0.02421773474828766,0.03932314095543269,0.13721487637289123,0.11631868545113874,0.04152954812443104,0.03238433776631114,0.20025303313596635,0.028049676786976778,0.04807496275357745,-0.0691134473241693,0.12521280089812284,,,0.11631868545113876,0.017999389680444913,0.21463798122183259,10,0.08826900866416205,0.038748496156863155,0.13778952117146095,31,50,147,0.2729317664645576,0.21784928396392297,0.3318447897025769,0.4344495422278982,0.40144550732774886,0.4676614318063465,-0.16151777576334064,-0.2270684901429155,-0.09452421736336036,0.0,0.9660984320743253,False
obp_pool_top40,50,150,0,0,50,150,0.3346410161513776,0.13464101615137755,0.5246410161513776,0.2493461585909779,0.14113248654051871,0.3566726497308103,0.0852948575603997,-0.13807116784338475,0.3048907016882076,0.4682,0.4489615688097275,False,0,0,600,200,41,0.08826900866416196,0.02421773474828766,0.03932314095543269,0.13721487637289123,0.11631868545113874,0.04152954812443104,0.03238433776631114,0.20025303313596635,0.028049676786976778,0.04807496275357745,-0.0691134473241693,0.12521280089812284,,,0.11631868545113876,0.017999389680444913,0.21463798122183259,10,0.08826900866416205,0.038748496156863155,0.13778952117146095,31,49,145,0.27213737883841327,0.21038930842641343,0.33619714481212853,0.4471207960061213,0.4111885015453327,0.4839574405761286,-0.17498341716770804,-0.2454831648278845,-0.10153562733255628,0.0,0.9784721837637633,False
onbase_bb_pct,50,150,0,0,50,150,0.3346410161513776,0.13464101615137755,0.5246410161513776,0.2493461585909779,0.14136582604212328,0.3542324803722474,0.0852948575603997,-0.1447051424396003,0.30773502691896265,0.4618,0.44926972454344605,False,0,0,600,200,41,0.08826900866416196,0.02421773474828766,0.03932314095543269,0.13721487637289123,0.11631868545113874,0.04152954812443104,0.03238433776631114,0.20025303313596635,0.028049676786976778,0.04807496275357745,-0.0691134473241693,0.12521280089812284,,,0.11631868545113876,0.017999389680444913,0.21463798122183259,10,0.08826900866416205,0.038748496156863155,0.13778952117146095,31,50,143,0.23886032626519854,0.18108472055783859,0.3017682131864941,0.3984695366301928,0.3627427503945913,0.4332262935201899,-0.15960921036499426,-0.228359532121524,-0.08820160190358631,0.0,0.9522654996664824,False
onbase_obp_minus_avg,50,150,0,0,50,150,0.3346410161513776,0.13,0.5246900542570535,0.2493461585909779,0.1393461585909779,0.35422649730810374,0.0852948575603997,-0.1420256505152891,0.30369569201667157,0.45,0.44869918857073254,False,0,0,600,200,41,0.08826900866416196,0.02421773474828766,0.03932314095543269,0.13721487637289123,0.11631868545113874,0.04152954812443104,0.03238433776631114,0.20025303313596635,0.028049676786976778,0.04807496275357745,-0.0691134473241693,0.12521280089812284,,,0.11631868545113876,0.017999389680444913,0.21463798122183259,10,0.08826900866416205,0.038748496156863155,0.13778952117146095,31,45,143,0.2385931281345198,0.1664997506961199,0.31800282445443906,0.39982835261457084,0.36397020311095146,0.43666333695923926,-0.16123522448005104,-0.2412598540215766,-0.0757707437861411,0.0,0.9259579099973161,False
prod_woba,50,150,0,0,50,150,0.3346410161513776,0.1299820508075689,0.5246410161513775,0.2493461585909779,0.14047864513149658,0.3569059892324149,0.0852948575603997,-0.1469163522034968,0.30368532904559,0.449,0.4489154786453123,False,0,0,600,200,41,0.08826900866416196,0.02421773474828766,0.03932314095543269,0.13721487637289123,0.11631868545113874,0.04152954812443104,0.03238433776631114,0.20025303313596635,0.028049676786976778,0.04807496275357745,-0.0691134473241693,0.12521280089812284,,,0.11631868545113876,0.017999389680444913,0.21463798122183259,10,0.08826900866416205,0.038748496156863155,0.13778952117146095,31,50,147,0.26147929254714014,0.21012744359593816,0.31506220189349093,0.4231887077133936,0.39177628423056093,0.45411924037043255,-0.16170941516625348,-0.2204905221030562,-0.09919246786515594,0.0,0.9764178130156753,False
prod_wrc_pf,50,150,0,0,50,150,0.3346410161513776,0.13196152422706633,0.5292820323027551,0.2493461585909779,0.1435726558990816,0.35601282525764455,0.0852948575603997,-0.14154860854099804,0.3055341801261479,0.4634,0.4488047661573436,False,0,0,600,200,41,0.08826900866416196,0.02421773474828766,0.03932314095543269,0.13721487637289123,0.11631868545113874,0.04152954812443104,0.03238433776631114,0.20025303313596635,0.028049676786976778,0.04807496275357745,-0.0691134473241693,0.12521280089812284,,,0.11631868545113876,0.017999389680444913,0.21463798122183259,10,0.08826900866416205,0.038748496156863155,0.13778952117146095,31,50,147,0.26147929254714014,0.21092085316073272,0.31572397636932836,0.4231887077133936,0.39269392941191966,0.4553247065035186,-0.16170941516625348,-0.22228858607774785,-0.09984786194150996,0.0,0.9762411140505906,False
weights_alt,50,150,0,0,50,150,0.35464101615137755,0.15928203230275512,0.5446410161513775,0.24845299461620746,0.13624616475924914,0.3557794857560399,0.1061880215351701,-0.11642894725812394,0.32155138529073063,0.3534,0.5218040275748537,False,0,0,600,200,41,0.08445084795641832,0.022677411307836477,0.03861809004629682,0.1302836058665398,0.12403422662187578,0.039537174342593254,0.04412661655581197,0.20394183668793958,0.03958337866545747,0.04557908663654203,-0.05253539164829514,0.13170214897921007,,,0.12403422662187567,0.030431784175840318,0.21763666906791101,10,0.08445084795641834,0.03807999444864831,0.13082170146418837,31,50,147,0.26427412174726145,0.2138378258761358,0.3172051115824607,0.41923073406718475,0.38788843729527106,0.4524278983540565,-0.1549566123199233,-0.21633064815349523,-0.09380738356993187,0.0,0.9603168058120685,False
