year,name,team,pa,obp,slg,iso,woba_old,wrc_old,woba_a,wrc_a,woba_b,wrc_b
2021,이정후,키움,544,0.4375,0.521551724137931,0.16163793103448276,0.247219152854512,35.1607294138607,0.44373063157452675,166.83881808286185,0.44302864477629966,166.570114428723
2021,전준우,롯데,619,0.4045307443365696,0.4692028985507246,0.12137681159420288,0.2272799352750809,22.072723375559683,0.40907454077050676,143.03211743016186,0.4079491911933005,142.3950481591201
2021,강백호,KT,627,0.44976076555023925,0.5213178294573644,0.17441860465116282,0.2490226904376012,36.34456276558287,0.4473816134399485,169.3468283731756,0.4464328138925368,168.9161034785026
2021,홍창기,LG,651,0.45622119815668205,0.4083969465648855,0.08015267175572521,0.2228284389489954,19.15078270445816,0.4205497914798472,150.9149412632603,0.4211989722561793,151.52615775565218
2021,박건우,두산,525,0.4,0.4410480349344978,0.11572052401746724,0.2179942638623327,15.97765354468044,0.3957226681868919,133.86016449557874,0.395457210079872,133.78617771188718
2021,양의지,NC,570,0.41403508771929826,0.58125,0.25625000000000003,0.257741592920354,42.06760821042233,0.4466149228641848,168.82015693946806,0.4462737991939064,168.80651822318683
2021,손아섭,롯데,610,0.3904448105436573,0.3966789667896679,0.07749077490774908,0.2037947019867549,6.657129766430294,0.37535662549954746,119.86988831354965,0.37520408925969106,119.8287043767998
2021,페르난데스,두산,617,0.3905996758508914,0.4425925925925926,0.12777777777777777,0.2161123778501628,14.742392662825116,0.39000269325444986,129.93087738331738,0.3900100052673472,130.03222706908966
2021,김선빈,KIA,564,0.3747779751332149,0.40119760479041916,0.09381237524950098,0.2020267379679144,5.496646730327938,0.36811384385903073,114.89452235598321,0.3673837063690843,114.43927394605582
2021,안치홍,롯데,490,0.37938144329896906,0.4584323040380047,0.15201900237529686,0.2180848861283643,16.037137562059854,0.3885915763837864,128.9615229019988,0.38777457654352493,128.49167748750872
2021,구자욱,삼성,610,0.361247947454844,0.5193370165745856,0.2136279926335175,0.2295676567656765,23.57437270375369,0.39569153413462277,133.8387772287151,0.3955814872166327,133.8718235162005
2021,김혜성,키움,635,0.3716535433070866,0.3667262969588551,0.06261180679785333,0.1891946202531645,-2.9262933106136466,0.35158654230475467,103.54123606283,0.35193533994371645,103.79300543429738
2021,박성한,SSG,471,0.3769063180827887,0.3882063882063882,0.08599508599508598,0.1995925925925926,3.898885471973496,0.3667431104435387,113.95290893853777,0.3664993224880679,113.82979926080297
2021,이용규,키움,547,0.39186691312384475,0.37254901960784315,0.07625272331154687,0.1966846011131725,1.9900939213341309,0.36770327639108413,114.61248659890906,0.3686003870460067,115.27775154445827
2021,최원준,KIA,668,0.3704819277108434,0.37181663837011886,0.07640067911714771,0.192539156626506,-0.730955801745396,0.3561714165011389,106.69077558074203,0.3569173698614202,107.22637999164802
2021,정훈,롯데,561,0.38035714285714284,0.4382716049382716,0.14609053497942387,0.2130760869565217,12.749385996856056,0.38078206059469155,123.59684384212201,0.3803061013578138,123.34476486185275
2021,황재균,KT,507,0.3577075098814229,0.40176600441501104,0.11037527593818985,0.1977623762376237,2.6975403033476217,0.3574857939806351,107.5936757773039,0.3577296936950822,107.78619437030395
2021,박해민,삼성,542,0.3827392120075047,0.3766519823788546,0.08590308370044053,0.1971242937853107,2.278706065969029,0.3650377388642878,112.7814187402221,0.3649859207524181,112.78683583022098
2021,강민호,삼성,462,0.36147186147186144,0.47783251231527096,0.18719211822660103,0.2195764192139738,17.01617266978241,0.3831103568015595,125.19624670441176,0.38252880345785795,124.87654386858718
2021,이대호,롯데,465,0.3419354838709677,0.44761904761904764,0.16190476190476194,0.2061017316017315,8.171452854137653,0.36084979635245973,109.90454799638614,0.3611473573915718,110.14148323346613
2021,피렐라,삼성,621,0.35909822866344604,0.49547920433996384,0.20976491862567814,0.2259208400646203,21.18061984891561,0.39100974006784417,130.62265944740847,0.3908180332375736,130.5890809460093
2021,오재일,삼성,484,0.365702479338843,0.5119617224880383,0.2272727272727273,0.2287100840336134,23.011466107704376,0.39362233320749407,132.41735761907094,0.39296513263279925,132.06875821761196
2021,김현수,LG,595,0.3764705882352941,0.43478260869565216,0.150197628458498,0.2107983050847457,11.254260986409832,0.37802089085320234,121.70008226394361,0.3778511908730764,121.6529590441238
2021,정은원,한화,608,0.40728476821192056,0.3838383838383838,0.101010101010101,0.2065538971807628,8.468252154566466,0.38516370583201964,126.6067769912843,0.3854234808270156,126.8714157973341
2021,나성범,NC,623,0.33547351524879615,0.5087719298245614,0.22807017543859653,0.2251256038647343,20.65863065126921,0.38186037274899776,124.33758101334269,0.38137741931332786,124.08306548871654
2021,마차도,롯데,539,0.35887850467289717,0.3605150214592275,0.08154506437768244,0.1873576779026217,-4.132053390222614,0.3456046376012795,99.43201856874114,0.34560023006984153,99.42715347871378
2021,한유섬,SSG,519,0.37258687258687256,0.5339366515837104,0.25565610859728505,0.2378365758754863,29.002051237692516,0.40880799680707564,142.84901736893246,0.40879968499886077,142.98116744010204
2021,허경민,두산,518,0.3378640776699029,0.36538461538461536,0.08760683760683757,0.1841186770428015,-6.258117898145915,0.3344616355153961,91.77743004255149,0.3343055445333276,91.64340135459635
2021,최정,SSG,555,0.40974729241877256,0.5619266055045872,0.28440366972477066,0.2506715063520871,37.42683756191685,0.43744680870663477,162.52220052733705,0.4380374881557034,163.13045018824695
2021,채은성,LG,448,0.359375,0.45219638242894056,0.1757105943152455,0.2128991031390134,12.63321467453598,0.37541962298844966,119.91316389153242,0.3754968013452275,120.03042741815261
2021,최재훈,한화,467,0.40476190476190477,0.38666666666666666,0.11199999999999999,0.2076869565217391,9.211986829077915,0.3850743768329765,126.54541321105155,0.38518943303358505,126.71012135461848
2021,김재환,두산,566,0.38162544169611307,0.5010526315789474,0.2273684210526316,0.2317140319715807,24.98324301390632,0.40524461860641936,140.40118565545077,0.4049692892681499,140.34144357981887
2021,양석환,두산,546,0.336996336996337,0.48975409836065575,0.21721311475409838,0.2189503676470588,16.605235447425006,0.3749779810431363,119.60978179205651,0.3746549614029347,119.45027196204849
2021,하주석,한화,594,0.3463497453310696,0.3923809523809524,0.12,0.1944132653061224,0.4992000766153976,0.3496437256124034,102.206635005849,0.3495760017970327,102.16706345907447
2021,알테어,NC,565,0.35752212389380533,0.5142276422764228,0.24186991869918706,0.2302486678507992,24.021385088203058,0.3955113991529095,133.7150350671719,0.39558957643353254,133.8773982140549
2021,노시환,한화,458,0.3864628820960699,0.46578947368421053,0.19473684210526315,0.2214097995545657,18.219594663277388,0.391608900542748,131.03424753302463,0.39124560861458746,130.88374525855633
2021,심우준,KT,460,0.32293986636971045,0.371007371007371,0.10319410319410321,0.1819086859688196,-7.7087453566026864,0.32712268811290013,86.73600384981816,0.3268990831051113,86.5392256174588
2021,한동희,롯데,496,0.36363636363636365,0.44339622641509435,0.17688679245283018,0.2134574898785424,12.99973703127088,0.3781055585638208,121.75824401256787,0.37758078342092954,121.46660727955094
2021,추신수,SSG,580,0.4086206896551724,0.4511930585683297,0.1865509761388286,0.2245850694444444,20.3038264705896,0.40587996145127614,140.837628905928,0.40626256942091976,141.2327098398363
2021,최지훈,SSG,534,0.34220532319391633,0.36225596529284165,0.09978308026030369,0.184254752851711,-6.168798394931768,0.33657286705208983,93.22772221447694,0.3370343354150058,93.5239523228255
2021,배정대,KT,595,0.3530405405405405,0.3784313725490196,0.11960784313725487,0.1925050847457627,-0.753320419570939,0.3493291022195162,101.99050719803708,0.3494468864591696,102.07808340008135
2021,최주환,SSG,470,0.35319148936170214,0.42857142857142855,0.17241379310344823,0.206175965665236,8.220179734594408,0.36439403266626075,112.33923035690505,0.3644568692935237,112.4222390998717
2021,오지환,LG,532,0.3352272727272727,0.35560344827586204,0.10129310344827586,0.1819090909090909,-7.70847955576599,0.33137991144157614,89.6604664492099,0.33145100377972714,89.67618964406337
2021,서건창,LG,600,0.3495798319327731,0.34307992202729043,0.08966861598440545,0.1823069139966273,-7.447350404077333,0.3360628668066447,92.87738197429304,0.3361363736452555,92.90512041200564
2021,박동원,키움,481,0.34243697478991597,0.4600484261501211,0.21065375302663442,0.2142584033613445,13.525452769980886,0.3721553840184369,117.67082327506108,0.3716769333752755,117.39795878245307
2021,강진성,NC,462,0.3296943231441048,0.3497536945812808,0.10098522167487686,0.1795219298245614,-9.275400552753815,0.3256199930275464,85.70374050910837,0.32569327493869876,85.70824082852872
2021,박찬호,KIA,483,0.33052631578947367,0.3133971291866029,0.06698564593301437,0.168938947368421,-16.222019081661564,0.31440423685920954,77.99917419771423,0.3147165772309956,78.14363056807339
2021,터커,KIA,539,0.3339517625231911,0.3504273504273504,0.11324786324786323,0.1822490706319703,-7.485318509038874,0.33091143575436205,89.33865114373755,0.33067077411962653,89.13849302077324
2021,조용호,KT,515,0.34901960784313724,0.2733644859813084,0.03738317757009346,0.1646843137254902,-19.014740039121826,0.31577653658876786,78.9418635810069,0.31616159789890824,79.13946906724158
2021,김상수,삼성,496,0.319672131147541,0.3006993006993007,0.06526806526806525,0.1639590163934426,-19.490821701984803,0.30475142841118724,71.36826125143165,0.30475900801359007,71.28135447402386
2021,최형우,KIA,446,0.3542600896860987,0.3753351206434316,0.1420911528150134,0.1906215596330275,-1.9896571991144008,0.3431517962765686,97.74706051919705,0.34310375806777343,97.70670546924268
2021,장성우,KT,460,0.3370288248337029,0.37402597402597404,0.14285714285714288,0.1883236607142857,-3.4979869419485534,0.33805616483269973,94.24666074512328,0.33804613261783867,94.22123411976138
2021,이원석,삼성,480,0.3410041841004184,0.3458646616541353,0.11528822055137844,0.1817794117647058,-7.793600319306054,0.332268539920849,90.27090206692414,0.33228989207308995,90.25431096618878
2021,박병호,키움,477,0.3228511530398323,0.43031784841075793,0.20293398533007334,0.2006054852320675,4.563743304473071,0.34773050133051786,100.89236219828112,0.34732234409533796,100.61395134578103
2022,이정후,키움,627,0.42105263157894735,0.5750452079566004,0.22603978300180838,0.2528487804878049,45.39174961323222,0.4458637230347013,178.84576295827785,0.4448180090870864,179.36306189653428
2022,피렐라,삼성,630,0.4111111111111111,0.5650623885918004,0.22281639928698754,0.2476423948220064,41.84455951708228,0.43613533551340666,172.0236083091055,0.435273806177758,172.56291088921253
2022,박건우,NC,463,0.408207343412527,0.4583333333333333,0.12254901960784315,0.2181277056277056,21.73575084992555,0.40245568605110893,148.4053286446938,0.4024625553182217,149.18521631338928
2022,이대호,롯데,591,0.3790186125211506,0.5018518518518519,0.1703703703703704,0.2221318493150685,24.463835118572767,0.39556573420362606,143.5736628700739,0.39434606239556436,143.40229467516812
2022,나성범,KIA,649,0.40215716486902925,0.5079928952042628,0.18827708703374774,0.2305194401244168,30.17842888079188,0.4141607256647362,156.61363554489296,0.41417208358350466,157.5281404092926
2022,김혜성,키움,566,0.37279151943462896,0.40310077519379844,0.08527131782945735,0.1952575488454706,6.153963628847779,0.3619890946668667,120.0276202172825,0.3614665254651887,119.97594694330702
2022,문보경,LG,466,0.38177874186550975,0.45073891625615764,0.1354679802955665,0.2103260869565217,16.420388857794297,0.38408106328181585,135.5198922989551,0.38364629445193,135.77881490936184
2022,소크라테스,KIA,554,0.35379061371841153,0.49416342412451364,0.18287937743190663,0.2174963636363636,21.305607905716997,0.3823994687850791,134.34065291433726,0.381138951954096,133.99235796011973
2022,페르난데스,두산,550,0.3527272727272727,0.39960629921259844,0.09055118110236221,0.1891763636363636,2.010759238842238,0.34897604261655524,110.90205307158354,0.34847417582489865,110.71902519371358
2022,조용호,KT,531,0.3742911153119093,0.3818565400843882,0.07383966244725737,0.1899011406844106,2.504560914664675,0.3558625801695763,115.73132452907893,0.3557716359499421,115.91839399293546
2022,한동희,롯데,499,0.3587174348697395,0.4583333333333333,0.15131578947368418,0.2075553319919517,14.532631169433753,0.3725907147025374,127.46214019881019,0.3719715624349707,127.46068279926781
2022,전준우,롯데,517,0.35009671179883944,0.44468085106382976,0.1404255319148936,0.2010503875968992,10.100713171941743,0.3622011366763723,120.17631735519998,0.36152761905597486,120.01947552781766
2022,최지훈,SSG,640,0.3620414673046252,0.4270650263620387,0.12302284710017575,0.2008612440191387,9.971846762718611,0.3663725025756603,123.10154038943199,0.36607497700450853,123.25942348660952
2022,박성한,SSG,564,0.37455197132616486,0.37449392712550605,0.07692307692307693,0.1897073608617594,2.372535760965893,0.35652806163249834,116.19800181205866,0.3566248439170264,116.52629630514977
2022,마티니,NC,576,0.3645833333333333,0.46078431372549017,0.16470588235294115,0.2092749562171628,15.704237426119503,0.3756549401363832,129.61096699501508,0.37530878136463064,129.83841857058087
2022,채은성,LG,526,0.35361216730038025,0.43683083511777304,0.14132762312633834,0.1994130019120459,8.985137289224525,0.3605544152181622,119.02153312940418,0.3608836326378432,119.56064151815097
2022,박해민,LG,636,0.3465818759936407,0.3684210526315789,0.0789473684210526,0.1813545310015898,-3.318374835507439,0.3373607348120995,102.75667173615845,0.33739368771809763,102.82428604400056
2022,허경민,두산,493,0.3604887983706721,0.39814814814814814,0.10879629629629628,0.1909938524590164,3.249042140919261,0.35247593658953025,113.35639793470473,0.35301063950359945,113.95121109205033
2022,터크먼,한화,648,0.36574074074074076,0.4295652173913043,0.1408695652173913,0.202796267496112,11.2902078204534,0.36832803483897997,124.47288209355416,0.3681693499518686,124.75164367964192
2022,김선빈,KIA,587,0.37305699481865284,0.3504950495049505,0.06336633663366337,0.183146804835924,-2.097271290201037,0.3483803112871921,110.48428895092364,0.348895394155821,111.0191391251268
2022,김현수,LG,604,0.3747927031509121,0.4732824427480916,0.1870229007633588,0.2163959731543623,20.555895058800186,0.38717502503170276,137.68957206244622,0.3867376528034687,137.98137742903148
2022,홍창기,LG,525,0.3903846153846154,0.35469107551487417,0.06864988558352403,0.1896134615384615,2.3085607174293536,0.3620666989816216,120.08204122338881,0.36351946563684906,121.43864668983512
2022,안치홍,롯데,562,0.35379061371841153,0.43610547667342797,0.15212981744421905,0.2013599999999999,10.311656832366085,0.3626643895761219,120.50117930347778,0.36226782426747456,120.5468644844884
2022,양의지,NC,510,0.3803921568627451,0.48009367681498827,0.19672131147540983,0.2174027777777777,21.2418464304778,0.39026230559538394,139.85456655970637,0.39047121381751687,140.6415030499738
2022,노시환,한화,490,0.3551020408163265,0.3824884792626728,0.10138248847926268,0.1873353783231083,0.7564678187433844,0.34707657051445245,109.57002426372935,0.34712810856386106,109.75996546625105
2022,노진혁,NC,451,0.35267857142857145,0.45454545454545453,0.17424242424242425,0.2059393258426966,13.431621490951557,0.36800614978067725,124.24715613000757,0.3674269775861626,124.22271064684465
2022,손아섭,NC,617,0.3474025974025974,0.36678832116788324,0.08941605839416061,0.181172638436482,-3.44230101903089,0.3367031499516926,102.29553204545118,0.3366880945676314,102.32155784150049
2022,푸이그,키움,547,0.36745886654478976,0.47357293868921774,0.19661733615221982,0.2161355311355311,20.37845193239324,0.3864732893392539,137.19747104300686,0.3865261134103618,137.83065768524668
2022,박병호,KT,487,0.3490759753593429,0.5594405594405595,0.2843822843822844,0.23499173553719,33.22547207228261,0.4024463883164021,148.3988084907713,0.4015712376264581,148.55016119594555
2022,류지혁,KIA,477,0.36886993603411516,0.345679012345679,0.07160493827160491,0.182413646055437,-2.596783568389094,0.34608755432314003,108.87646416521358,0.3467637188004888,109.50034133210444
2022,정은원,한화,601,0.3768844221105528,0.36811023622047245,0.09448818897637795,0.1906700167504187,3.028407925159308,0.3588575203702337,117.83156418022199,0.3592180696509732,118.37394421817511
2022,박찬호,KIA,566,0.34408602150537637,0.3407707910750507,0.06896551724137928,0.1732293906810035,-8.8541570700708,0.32659134180683347,95.20449884020637,0.3266877983013467,95.19644478860994
2022,오지환,LG,569,0.3568904593639576,0.46963562753036436,0.20040485829959515,0.2136666666666666,18.69637685097504,0.3795558819580213,132.34655172849597,0.37915474416300354,132.57862936093568
2022,오재일,삼성,536,0.3451492537313433,0.49148936170212765,0.22340425531914893,0.2138863636363636,18.846059752912662,0.37336182178784477,128.00288878386854,0.3725545542655892,127.87605876328527
2022,이지영,키움,450,0.3031674208144796,0.33095238095238094,0.06428571428571428,0.1600136363636363,-17.858252393947787,0.29572863333074684,73.56163462912222,0.29520449890379247,72.76490261101844
2022,박민우,NC,451,0.350561797752809,0.358974358974359,0.09230769230769231,0.1793113636363636,-4.710415976508044,0.3337282219839015,100.20932622542256,0.3342719684749811,100.60009168672148
2022,배정대,KT,575,0.3385964912280702,0.3562992125984252,0.09055118110236215,0.1774596491228069,-5.972017364690637,0.3299346556680019,97.54903992182822,0.33001184703788167,97.56479692643404
2022,최정,SSG,505,0.38613861386138615,0.5048309178743962,0.2391304347826087,0.2279760956175298,28.4456094115789,0.4063460009279868,151.13346109891012,0.40696944184194456,152.3963287787607
2022,최형우,KIA,530,0.3660377358490566,0.42070484581497797,0.15638766519823788,0.2014342857142856,10.3622688244301,0.36639265757496586,123.11567433731551,0.36629736527129986,123.4178729465387
2022,한유섬,SSG,545,0.3724770642201835,0.4781659388646288,0.21397379912663755,0.2177792207792207,21.49832279857617,0.38821390334259065,138.41809860222833,0.38859907415930145,139.30762189681667
2022,강승호,두산,487,0.3097713097713098,0.39864864864864863,0.13513513513513514,0.1817796257796257,-3.0287512687248896,0.32560689690278005,94.5141444146306,0.32501046457650484,94.00136095322227
2022,황재균,KT,581,0.33506044905008636,0.37957610789980734,0.11753371868978807,0.1824128919860627,-2.59729732737438,0.33288226711141256,99.61608968404221,0.33271437565601997,99.49032207290665
2022,정수빈,두산,455,0.32293986636971045,0.3308641975308642,0.07160493827160497,0.1663258928571429,-13.557615607623452,0.31059356554688317,83.98585613612596,0.3104684943719496,83.64034974312975
2022,추신수,SSG,499,0.3822937625754527,0.43031784841075793,0.17114914425427874,0.2090826612903225,15.573223954622629,0.3827649240498381,134.59693303558888,0.3835900689407298,135.7387547838325
2022,하주석,한화,483,0.3091286307053942,0.3415730337078652,0.08314606741573033,0.1654261954261954,-14.17059321271199,0.3049131398888583,80.00238588195018,0.3046278567577725,79.47895270109609
2022,황대인,KIA,524,0.3148854961832061,0.4012605042016807,0.14495798319327735,0.183691570881226,-1.7261138607181723,0.32877522422068073,96.73597397216031,0.32841888252463164,96.42982532720099
2022,유강남,LG,469,0.326133909287257,0.35096153846153844,0.09615384615384615,0.1730822510822511,-8.954405526668015,0.3199392840167839,90.53965927870517,0.32029915634066486,90.64460002199382
2022,김재환,두산,517,0.3404255319148936,0.45982142857142855,0.2120535714285714,0.206943469785575,14.11576010033001,0.36488899552652343,122.06121232990563,0.3644383057287949,122.09331124759575
2022,송성문,키움,601,0.3016666666666667,0.3711151736745887,0.12431444241316272,0.1714562289562289,-10.062239243143562,0.3079268870036162,82.11581411919613,0.3072567647156137,81.35202384883934
2022,양석환,두산,446,0.3094170403587444,0.43209876543209874,0.1876543209876543,0.1924559819413092,4.245213295305439,0.3369868305232912,102.49446663005477,0.3363550154420266,102.08424222981276
2022,박동원,KIA,447,0.3340909090909091,0.43636363636363634,0.1948051948051948,0.1995596330275229,9.085039308397745,0.35342405262269155,114.02127628062053,0.35335999769932597,114.20012538160968
2022,김태연,한화,464,0.32537960954446854,0.33663366336633666,0.09653465346534656,0.1699543478260869,-11.085493802526498,0.31585963171716613,87.67875156487058,0.31617848209372773,87.70866001764135
2022,심우준,KT,449,0.3157894736842105,0.3015463917525773,0.06185567010309276,0.1581167048054919,-19.150660845424305,0.29867332984217343,75.62664025845773,0.29886812811873853,75.37520251066945
2023,손아섭,NC,609,0.3930921052631579,0.44283121597096187,0.10344827586206895,0.2149966996699669,18.964754251710865,0.3933262409228009,138.37060153571443,0.3927764869811937,138.1224247929959
2023,구자욱,삼성,515,0.4074074074074074,0.49448123620309054,0.1589403973509934,0.2332563600782778,30.99431821054469,0.4202270898599097,157.19093111428947,0.41920159544824387,156.67632250139744
2023,김혜성,키움,621,0.3961352657004831,0.4460431654676259,0.1115107913669065,0.2161844660194175,19.747261206898397,0.3954836909835363,139.87999335034766,0.39537546749634656,139.94725055234528
2023,홍창기,LG,643,0.44375,0.4122137404580153,0.08015267175572521,0.2187912087912087,21.4645975754991,0.41486978732788704,153.44286355179275,0.41533130313281974,153.95886884131002
2023,에레디아,SSG,523,0.3850574712643678,0.4608879492600423,0.13742071881606766,0.2182258687258687,21.092148454188848,0.39359670540113345,138.559823468205,0.3933436968425107,138.52068063210416
2023,김선빈,KIA,473,0.38064516129032255,0.35799522673031026,0.03818615751789978,0.1882043010752688,1.3137757943680533,0.35727217557498414,113.14651310342127,0.35781984545986256,113.57827006134113
2023,박건우,NC,533,0.3966165413533835,0.48034934497816595,0.1615720524017467,0.2260770676691729,26.264561178744184,0.4086458502879245,149.08848251934847,0.40806744534554906,148.85868639470073
2023,박민우,NC,509,0.38095238095238093,0.40486725663716816,0.08849557522123896,0.2020219560878243,10.416922348998517,0.3728924872369712,124.07477095453767,0.3733578084914632,124.48796138937166
2023,오스틴,LG,583,0.37564322469982847,0.5173076923076924,0.2038461538461539,0.2312702237521514,29.685840756318527,0.4071224339014075,148.02267234559963,0.4065710959639847,147.80805254787305
2023,전준우,롯데,559,0.3810375670840787,0.47058823529411764,0.1582150101419878,0.2182594594594595,21.114278212854583,0.392374161148328,137.70450898292674,0.3925281552385517,137.94806328539892
2023,양의지,두산,510,0.396078431372549,0.47380410022779046,0.16856492027334857,0.2224322709163346,23.863349180559275,0.4007822503030948,143.58696307903008,0.400849681773945,143.79086814305748
2023,최형우,KIA,508,0.39960629921259844,0.4872389791183295,0.18561484918793503,0.2290276134122288,28.20839682167874,0.41283818794572374,152.02151919075297,0.41247432935721723,151.95289791959323
2023,박찬호,KIA,507,0.356,0.37831858407079644,0.07743362831858402,0.188826,1.723354439915502,0.3496848321984356,107.83826787642849,0.3498492633305894,107.98187428164748
2023,문보경,LG,542,0.3771106941838649,0.44776119402985076,0.14712153518123666,0.214171374764595,18.421025698496877,0.38679897068724267,133.80400301055903,0.3861843397644902,133.49387141203434
2023,노시환,한화,595,0.38823529411764707,0.5408560311284046,0.2431906614785992,0.2402525423728814,35.60344129929,0.42125944779828295,157.9131877497089,0.420564540529076,157.63328900329316
2023,최정,SSG,552,0.38838475499092556,0.5477707006369427,0.2505307855626327,0.2410770642201835,36.14664079346359,0.4217865075882386,158.28192849011342,0.4213859494452229,158.21002597396486
2023,김민혁,KT,448,0.35600907029478457,0.3853904282115869,0.08816120906801012,0.1915691609977324,3.5305638804909307,0.35301738445926284,110.16978284211696,0.3528959728109906,110.12106459441635
2023,황재균,KT,457,0.3656387665198238,0.41277641277641275,0.11793611793611791,0.2027924944812362,10.924557249046629,0.36942506165516437,121.64889612838057,0.36870400618929255,121.22038078597454
2023,문성주,LG,534,0.39204545454545453,0.37193763919821826,0.0779510022271715,0.197623106060606,7.51893593717809,0.3725629336875915,123.84420921919559,0.372900300485097,124.16673066437849
2023,김현수,LG,556,0.36396396396396397,0.3831967213114754,0.0901639344262295,0.1911433756805808,3.2500541891345005,0.35363029754591585,110.59858813078274,0.35352989005344615,110.56615777868002
2023,안치홍,롯데,494,0.37423312883435583,0.4,0.1082352941176471,0.1988888888888889,8.352840574522364,0.366762655481294,119.78622771291836,0.36705467498086125,120.06233359889617
2023,강민호,삼성,495,0.36639676113360325,0.4447004608294931,0.1543778801843318,0.2083938775510204,14.614778994092262,0.3752035245412789,125.69161523469916,0.37521669344307323,125.79314283401415
2023,알포드,KT,547,0.35648994515539306,0.45621181262729127,0.16700610997963344,0.2124597069597069,17.29336960442153,0.3781368963727923,127.743856216932,0.3775028304631751,127.39831136042721
2023,장성우,KT,464,0.351409978308026,0.4219512195121951,0.13414634146341464,0.1996913043478261,8.881476259359554,0.3608415912112493,115.64374205089736,0.36038139453095785,115.37681402945445
2023,정수빈,두산,583,0.37478108581436076,0.3714859437751004,0.08433734939759036,0.1935035087719298,4.804922753985849,0.3613478809176617,115.99795165815539,0.3621204860763219,116.5978847652081
2023,피렐라,삼성,605,0.33884297520661155,0.4254937163375224,0.14003590664272886,0.1982066666666666,7.903388850183362,0.3533982748799686,110.43626079854741,0.3530047861218406,110.19746583384138
2023,소크라테스,KIA,608,0.34375,0.4625228519195612,0.1773308957952468,0.2093261589403973,15.228971062857996,0.3689492365176177,121.31600009482656,0.36819124741078824,120.8603567604415
2023,박해민,LG,558,0.34831460674157305,0.35876288659793815,0.07422680412371135,0.1823970037453183,-2.512103389387593,0.3392803460604478,100.55909766620796,0.3397461691790843,100.8881749063313
2023,박병호,KT,493,0.35699797160243407,0.4431554524361949,0.16009280742459397,0.2053645621181262,12.619049449478377,0.3692095945876536,121.49815139785693,0.3695507557503085,121.81491021843887
2023,마틴,NC,503,0.35984095427435386,0.45517241379310347,0.1724137931034483,0.2097365269461077,15.49932374527185,0.37549985281864157,125.89893195754513,0.37515556450793996,125.7502222908156
2023,양석환,두산,582,0.3333333333333333,0.4541984732824427,0.17366412213740456,0.2036580310880829,11.494777490713057,0.3588456173749253,114.24732197814602,0.3583634140659658,113.95992663344994
2023,김현준,삼성,479,0.32696390658174096,0.3464203233256351,0.07159353348729791,0.1739808917197452,-8.056683936475,0.3218385700713431,88.3565098104097,0.322588601071936,88.84130804173907
2023,김상수,KT,512,0.3531746031746032,0.33860045146726864,0.06772009029345372,0.1794742063492063,-4.437658269873697,0.3373778496009219,99.22807608863397,0.33743760471111073,99.2672593651353
2023,최지훈,SSG,503,0.3151515151515151,0.35714285714285715,0.08874458874458874,0.1760888888888888,-6.66792389361503,0.3203988565270471,87.34925968734719,0.3204003516871763,87.30486949519803
2023,류지혁,삼성,522,0.33984375,0.3098901098901099,0.041758241758241776,0.1665107632093933,-12.978045379488751,0.3166940860602503,84.75733400644782,0.31747923036988057,85.2538585719121
2023,허경민,두산,475,0.32842105263157895,0.3752913752913753,0.1072261072261072,0.182228813559322,-2.62290800209389,0.33089780250277206,94.69451574052044,0.33061101191340864,94.474094386327
2023,오지환,LG,502,0.3714859437751004,0.3957345971563981,0.12796208530805686,0.2003353413654618,9.30577136245905,0.3688958722308295,121.27866545652472,0.3687405064487109,121.24600876326073
2023,문현빈,한화,481,0.3241525423728814,0.3621495327102804,0.09579439252336452,0.1780042553191489,-5.406070033127587,0.32479683654297536,90.42616754156647,0.32460743676894915,90.25879592297741
2023,박성한,SSG,529,0.34674329501915707,0.3660130718954248,0.10021786492374724,0.1846967370441458,-0.997026537579666,0.341115357916035,101.84290577142735,0.34099329181529714,101.76381883608008
2023,강승호,두산,459,0.31648351648351647,0.38663484486873506,0.12171837708830546,0.1843670329670329,-1.214237383478706,0.33089722221344875,94.69410975941773,0.3309234982661365,94.69350085843338
2023,채은성,한화,596,0.35067114093959734,0.42802303262955854,0.16506717850287905,0.2003809523809523,9.335820148460616,0.3589155322562664,114.29623571735037,0.3596770445819242,114.88226783216697
2023,김민석,롯데,454,0.31447963800904977,0.3375,0.08250000000000002,0.1698163265306122,-10.800322217973706,0.31203202552145554,81.49567055260975,0.31157994352050666,81.11178419245279
2023,추신수,SSG,462,0.3787878787878788,0.39790575916230364,0.143979057591623,0.2023687635574837,10.645401003276774,0.3733793701008645,124.41540317718815,0.37382280345235896,124.81444894003353
2023,로하스,두산,464,0.3448275862068966,0.4739454094292804,0.22084367245657566,0.2151103896103896,19.03965380510933,0.3768455598252017,126.84041337468814,0.376012281204644,126.35174996195259
2023,박동원,LG,481,0.33403805496828753,0.44254278728606355,0.19315403422982882,0.2011723404255319,9.857190912518906,0.35579754154402515,112.11483196446115,0.35571044401281376,112.09719312561923
2023,이재현,삼성,538,0.32950191570881227,0.3777292576419214,0.12882096069868995,0.1846704980842912,-1.0143129075737904,0.3356720331185517,98.03465544700931,0.3356660324847813,98.02338292423639
2023,최주환,SSG,478,0.31027253668763105,0.431924882629108,0.1971830985915493,0.1950528541226215,5.825639929097441,0.339790432852368,100.91596378445051,0.3389535049136951,100.33162045678287
2023,김주원,NC,474,0.3283261802575107,0.3399503722084367,0.10669975186104216,0.1741333333333333,-7.956254569244734,0.32199577597193213,88.46649395506252,0.3230966847797838,89.19804955348987
2023,정은원,한화,459,0.33259911894273125,0.26804123711340205,0.04639175257731959,0.1579602649006622,-18.611160343552648,0.30380243878950985,75.73810004051231,0.3041250376743826,75.87746090983616
2023,김재환,두산,484,0.34297520661157027,0.3308641975308642,0.11111111111111113,0.1763541666666666,-6.493157445429475,0.3282853765329334,92.86681439671011,0.32838515137535484,92.91124786905677
2024,에레디아,SSG,591,0.3993231810490694,0.5378927911275416,0.17744916820702406,0.2478163265306122,32.00532732332259,0.4129796787171268,140.98669748760852,0.41338155980037194,141.2829141812058
2024,레이예스,롯데,632,0.3939873417721519,0.5104529616724739,0.1585365853658537,0.2392523809523809,26.41613415109476,0.4020499785830951,133.66141174121105,0.4020886636940154,133.70927859208018
2024,김도영,KIA,625,0.4198717948717949,0.6470588235294118,0.2996323529411765,0.2801523500810372,53.10918423063845,0.4546677534479899,168.926810745601,0.45510298261383797,169.26358890566055
2024,구자욱,삼성,568,0.4169611307420495,0.6267748478701826,0.2839756592292089,0.2765106761565836,50.7324737707105,0.45047926097367497,166.11960617047657,0.45091273865820997,166.45338145749324
2024,송성문,키움,602,0.40863787375415284,0.5180265654648957,0.17836812144212527,0.2450533333333333,30.202081077526994,0.4135914513063256,141.3967187116804,0.4134975284418973,141.3606891135533
2024,홍창기,LG,637,0.44654088050314467,0.41030534351145037,0.07442748091603052,0.2278973143759874,19.00533734030059,0.40775873826438086,137.48752731712898,0.40726477419397294,137.18066222357038
2024,로하스,KT,670,0.4208955223880597,0.5681818181818182,0.2395104895104896,0.2616021180030257,41.00251803028216,0.4340917028303997,155.13636375640388,0.43406258393421165,155.15274340167036
2024,김선빈,KIA,466,0.3799126637554585,0.44680851063829785,0.1182033096926714,0.2216288209606987,14.914253356074392,0.37832025958032933,117.75731828527694,0.37830005211461387,117.75533076710825
2024,박민우,NC,528,0.4064885496183206,0.44638949671772427,0.11816192560175054,0.2263557692307692,17.99925976523572,0.39128218795694863,126.44464072035724,0.3912319437848541,126.42816668679046
2024,김혜성,키움,567,0.38271604938271603,0.4577603143418468,0.13163064833005894,0.2227787610619469,15.664752913043197,0.37980722210480744,118.75390787624578,0.379781929880609,118.74915928386554
2024,오스틴,LG,604,0.3841059602649007,0.573055028462998,0.25426944971536997,0.2521053511705686,34.80452624561559,0.4112646648041456,139.837263668055,0.4114148060296749,139.96390121832079
2024,김지찬,삼성,535,0.40535372848948376,0.3841059602649007,0.06843267108167772,0.2109136276391555,7.921064900498122,0.37463939425058757,115.29033474467549,0.37435039557180855,115.10647443515494
2024,양의지,두산,485,0.37938144329896906,0.4790697674418605,0.16511627906976745,0.2270520833333333,18.453703805336804,0.3818456601789904,120.12010650810323,0.38197797474062356,120.22194742877382
2024,나승엽,롯데,489,0.4106776180698152,0.4692874692874693,0.15724815724815722,0.2345205761316872,23.32795815154594,0.4029488125411817,134.26382676639997,0.4027925342891433,134.18133282327062
2024,소크라테스,KIA,602,0.3588039867109635,0.5163043478260869,0.20652173913043476,0.2335167224080267,22.672800744607198,0.3825078554625013,120.56392194788191,0.3827491684023872,120.73915220138778
2024,허경민,두산,477,0.3836477987421384,0.42685851318944845,0.11750599520383692,0.2171362683438155,11.982223466021813,0.3746750205717802,115.31421215939216,0.3750014841517811,115.54313015167904
2024,고승민,롯데,532,0.3578154425612053,0.4760914760914761,0.1683991683991684,0.2220131826741996,15.165104070285595,0.3709701942222738,112.83116950331646,0.3710768941749454,112.91108483386564
2024,박찬호,KIA,577,0.3631578947368421,0.3864077669902913,0.07961165048543689,0.1998031634446397,0.6699059517400211,0.3479382639472651,97.39474686714439,0.34762568511286285,97.18341764487595
2024,데이비슨,NC,567,0.37037037037037035,0.6329365079365079,0.32738095238095233,0.2668523131672597,44.42901749793301,0.4229146934615969,147.6453268191956,0.42365973789984507,148.17602421360263
2024,강민호,삼성,452,0.36504424778761063,0.49627791563275436,0.1935483870967742,0.2293377777777777,19.945444693457496,0.3806062737696138,119.28944697604376,0.38081883615138334,119.444565507474
2024,박성한,SSG,564,0.37967914438502676,0.4110429447852761,0.11042944785276076,0.211078853046595,8.028897991064087,0.36541857331909644,109.11037122223446,0.3650278742499898,108.85428025942292
2024,문보경,LG,602,0.3722871452420701,0.5067437379576107,0.2061657032755298,0.2330100671140939,22.342136066316783,0.38708959320473585,123.63468672325008,0.38708122247255816,123.6444652912156
2024,권희동,NC,511,0.4165029469548134,0.4519230769230769,0.1514423076923077,0.2320255905511811,21.699625014210472,0.40226659280241195,133.80659056897125,0.40197287770326434,133.6316261553611
2024,안치홍,한화,533,0.37030075187969924,0.427061310782241,0.12684989429175475,0.2135291902071562,9.628091680743475,0.3655800951105245,109.21862609308826,0.36541866564066694,109.11636640247089
2024,신민재,LG,474,0.4008714596949891,0.35658914728682173,0.05943152454780365,0.2029737991266375,2.7391969279099424,0.3646404746496492,108.58887520471382,0.36420445915715777,108.30205293058161
2024,김현수,LG,583,0.35738831615120276,0.41779497098646035,0.12379110251450676,0.2074302925989672,5.647693094786247,0.3543326501421759,101.68038192356215,0.3544428899493276,101.75540915897008
2024,윤동희,롯데,613,0.37643207855973815,0.45300751879699247,0.15977443609022557,0.2224754098360656,15.466773070108117,0.37767060456739504,117.32190756513236,0.37766941540808896,117.3323911987846
2024,전준우,롯데,483,0.36929460580912865,0.4846335697399527,0.19148936170212766,0.2289564315352697,19.696562003182272,0.38267354790286084,120.67497206424072,0.3827109299179674,120.7135073762031
2024,최원준,KIA,508,0.3712574850299401,0.4200913242009132,0.1278538812785388,0.2122255489021956,8.77728021607921,0.3648948218205133,108.75934334954111,0.36487225299035353,108.7499121062667
2024,최정,SSG,550,0.3836363636363636,0.594017094017094,0.3034188034188034,0.2598870673952641,39.88320345041229,0.4214688534344251,146.67629828110836,0.4220682468855028,147.10868303978174
2024,김태연,한화,472,0.3626609442060086,0.4358353510895884,0.14527845036319614,0.2148519313304721,10.491368494862249,0.36476961867569924,108.67542990261543,0.364639021491427,108.59349426941253
2024,강백호,KT,614,0.35993485342019543,0.48,0.19090909090909092,0.2253245901639344,17.32626868337418,0.3738946749180582,114.7912101717462,0.37382411272426397,114.75352028888715
2024,이우성,KIA,449,0.36080178173719374,0.40100250626566414,0.11278195488721804,0.2047082405345212,3.8711667642449386,0.35291783981464375,100.73215006001293,0.3526496921587543,100.55279235659084
2024,서호철,NC,567,0.3422459893048128,0.392578125,0.107421875,0.1970873440285205,-1.1025526888381614,0.33797668888954563,90.7183163258553,0.3382795957901365,90.91541747493686
2024,정수빈,두산,608,0.3762541806020067,0.3607843137254902,0.07647058823529412,0.1979162479061976,-0.5615749524402553,0.3504890799539495,99.10435059883935,0.350189769398749,98.90303321719797
2024,김재환,두산,552,0.3677536231884058,0.5253164556962026,0.2426160337552743,0.2379143897996357,25.542904522635418,0.39080461125232113,126.12456004254189,0.3908412883065609,126.16617169404249
2024,강승호,두산,566,0.3280141843971631,0.4760076775431862,0.19577735124760076,0.215325,10.800113121222456,0.35141350411652866,99.72391664902598,0.3519665670523674,100.09465118812257
2024,최형우,KIA,487,0.3613963039014374,0.4988235294117647,0.2188235294117647,0.2295424430641822,20.079017917494717,0.37868094659771506,117.99905734810261,0.3787731169620235,118.07259400326686
2024,최지훈,SSG,543,0.34450651769087526,0.41821946169772256,0.14285714285714285,0.2051378026070763,4.1515171449241794,0.3476589474860605,97.2075438453867,0.347652384663487,97.20132382810091
2024,배정대,KT,473,0.3548387096774194,0.3935643564356436,0.1188118811881188,0.2012306034482758,1.6015136843215867,0.34649170596834367,96.42523714460984,0.34630967599877777,96.30082974464385
2024,페라자,한화,522,0.36398467432950193,0.4857142857142857,0.21098901098901096,0.2278201160541586,18.954954449688845,0.3773869090012747,117.13176958684085,0.37723795762466017,117.04303194204424
2024,박동원,LG,498,0.3487903225806452,0.4608294930875576,0.18894009216589863,0.2169331983805668,11.849691417364337,0.3612595243163595,106.32290020247109,0.36103368468540065,106.17555764024829
2024,노시환,한화,601,0.3560732113144759,0.4543726235741445,0.18250950570342206,0.2155827702702702,10.968344904275806,0.3598144943739281,105.35441459805352,0.3599453361890599,105.44565143836459
2024,채은성,한화,498,0.3514056224899598,0.463302752293578,0.1926605504587156,0.2193118712273642,13.402113944204997,0.3652739245218483,109.0134249419412,0.3653449615812273,109.06693641725029
2024,장성우,KT,489,0.35523613963039014,0.44976076555023925,0.18181818181818182,0.2157942386831275,11.10635813643464,0.36273084417792134,107.30900579348645,0.36241149152304053,107.09959048374682
2024,이주형,키움,537,0.35195530726256985,0.40169133192389006,0.13530655391120505,0.2035578358208955,3.1203639815837363,0.3481101162200457,97.50992541631295,0.3482634594224117,97.61114408131331
2024,박해민,LG,553,0.3357664233576642,0.35892116182572614,0.0954356846473029,0.1860766423357664,-8.288602408608632,0.32354223628490625,81.04408111124194,0.323621094485254,81.08462242286758
2024,박승욱,롯데,468,0.35053763440860214,0.3654320987654321,0.10370370370370369,0.1930021645021645,-3.76871366656233,0.334900498300546,88.65659690094292,0.33486912974252697,88.628171865802
2024,이재현,삼성,458,0.3646288209606987,0.4190231362467866,0.1593830334190231,0.2118402625820569,8.525826064461754,0.36164822339198494,106.58341346115154,0.36150562887800847,106.49206930382447
2024,황재균,KT,536,0.3088512241054614,0.38336713995943206,0.12373225152129819,0.1872862523540489,-7.499159739515977,0.3154080800209375,75.59242020483792,0.3153358657100798,75.52809352853139
2024,김휘집,NC,562,0.33691756272401435,0.4098360655737705,0.15163934426229508,0.2011238779174147,1.5318600879806883,0.3401391339941813,92.1676267468276,0.3401896262902911,92.19638870109944
2024,최주환,키움,544,0.32536764705882354,0.3900414937759336,0.1327800829875519,0.1920073800738007,-4.417952067724349,0.32555481689723104,82.39294959730718,0.32552301615594537,82.36015542319062
2024,김영웅,삼성,509,0.32086614173228345,0.48464912280701755,0.2324561403508772,0.2173976377952756,12.152804226978906,0.352875364042209,100.70368201728826,0.3529851163354184,100.77774620881009
2024,김주원,NC,475,0.37124463519313305,0.37922077922077924,0.12727272727272732,0.203563440860215,3.12402206735838,0.3548524253599184,102.0287448198144,0.3552490356027474,102.2960546544442
2024,양석환,두산,593,0.3158783783783784,0.4878048780487805,0.24202626641651032,0.2179390862944162,12.506176422874464,0.3513109888942355,99.65520906442221,0.35154988462076764,99.81520109280548
2024,한유섬,SSG,523,0.31417624521072796,0.4525862068965517,0.21767241379310343,0.2081541425818882,6.120108215281987,0.33892299984499225,91.3525513065579,0.33921088000474847,91.53998775389356
2025,양의지,두산,517,0.40618955512572535,0.5330396475770925,0.19603524229074892,0.2397436399217221,35.27197675382097,0.41983921249049544,156.2843745449822,0.41990290502626754,156.04910107506308
2025,안현민,KT,482,0.44813278008298757,0.569620253164557,0.23544303797468358,0.2592410901467505,48.11624872157382,0.4575929908037828,182.4114359913953,0.4581989689772859,182.42001120757678
2025,김성윤,삼성,538,0.4185606060606061,0.47368421052631576,0.1425438596491228,0.2301666666666666,28.96298518332709,0.4150142279144923,152.945300308514,0.41472668252284905,152.48472175299665
2025,레이예스,롯데,643,0.3856920684292379,0.47469458987783597,0.14834205933682376,0.216829073482428,20.176622234509363,0.3824021198111218,130.37647169371155,0.38167959331461654,129.7282885914553
2025,문현빈,한화,592,0.3696763202725724,0.45265151515151514,0.13257575757575757,0.2102222222222222,15.824248285240774,0.3740525604438314,124.59825662793908,0.37386114249043395,124.34445425475414
2025,구자욱,삼성,616,0.4016260162601626,0.5160680529300568,0.1965973534971645,0.2343256578947368,31.702790328528025,0.4118885918852559,150.78224039124365,0.4113751547462105,150.17683867870988
2025,송성문,키움,646,0.38699690402476783,0.5296167247386759,0.21428571428571425,0.2366443057722309,33.230238461092426,0.41040339398693454,149.75442652775365,0.41030629460690843,149.4408148744408
2025,디아즈,삼성,628,0.38057324840764334,0.6442831215970962,0.3303085299455536,0.2627669902912621,50.43899450959032,0.43747593802314383,168.48966451308195,0.4381196450176038,168.59326263258845
2025,신민재,LG,538,0.39473684210526316,0.38228941684665224,0.06911447084233258,0.2005582706766917,9.4579583087883,0.371789051829688,123.03182192157765,0.3718871041832092,122.98511907961587
2025,오스틴,LG,499,0.3927855711422846,0.5952941176470589,0.28235294117647064,0.2513617886178861,42.92562684103932,0.4285344161575584,162.30178871246633,0.4289188890379667,162.25756428508905
2025,최형우,KIA,549,0.3989071038251366,0.5287846481876333,0.22174840085287845,0.2374121996303142,33.73610140428528,0.41395672890349317,152.21347046593183,0.4140207667161841,151.99862369543928
2025,문성주,LG,542,0.37453874538745385,0.37473684210526315,0.0694736842105263,0.1923579335793358,4.055848869345463,0.35521374947091816,111.56107746715995,0.35506604758390686,111.40203387061145
2025,박민우,NC,468,0.38362068965517243,0.42574257425742573,0.12376237623762376,0.2078082788671024,14.234022660348131,0.37436282787608477,124.8129735815652,0.37406814322604165,124.48699626123963
2025,케이브,두산,593,0.35075885328836426,0.4628252788104089,0.16356877323420072,0.2103006756756756,15.875930811998638,0.36810024332836794,120.47902507093447,0.3680658368599173,120.35377040358144
2025,김현수,LG,552,0.38405797101449274,0.422360248447205,0.12422360248447206,0.2090181488203267,15.031044760441878,0.3778420619016265,127.22073686336068,0.3777613586798461,127.03016761579076
2025,전준우,롯데,472,0.36886993603411516,0.4195121951219512,0.12682926829268293,0.2029892933618843,11.05943522848873,0.3650048368217661,118.3368851418257,0.3646466630374318,117.9993058373134
2025,김주원,NC,624,0.3790322580645161,0.45083487940630795,0.16141001855287568,0.2158578352180937,19.53680275716125,0.38430192256893064,131.69120800903994,0.3845229309867046,131.68622876836037
2025,채은성,한화,527,0.3473282442748092,0.4666666666666667,0.1791666666666667,0.2112196531791907,16.48132263765606,0.3662730364041467,119.21452785456876,0.36630964252428244,119.14444395532055
2025,박찬호,KIA,595,0.3628620102214651,0.35852713178294576,0.07170542635658916,0.1866626916524702,0.3040128401959512,0.344497852917332,104.14526638235479,0.3445039831964352,104.12893000458266
2025,최지훈,SSG,574,0.34210526315789475,0.3713733075435203,0.08704061895551257,0.1839577464788732,-1.477915107641088,0.33347518184763447,96.5171555757543,0.3336308128489577,96.6415966207763
2025,허경민,KT,481,0.3619246861924686,0.3547619047619048,0.07142857142857145,0.1853228511530398,-0.5786295345491385,0.3421366536039852,102.51122596830365,0.3421145589741448,102.48355747974391
2025,류지혁,삼성,464,0.3511111111111111,0.3225,0.04249999999999998,0.1741777777777778,-7.920633328905209,0.3256939614737587,91.13225287411441,0.32570403424420263,91.1831670940842
2025,고명준,SSG,500,0.306,0.43312101910828027,0.15498938428874737,0.1914428857715431,3.453045796577594,0.3304554110083405,94.4273584270395,0.33055077325340326,94.52066201290546
2025,박해민,LG,544,0.3793103448275862,0.34615384615384615,0.07013574660633481,0.1892567049808429,2.012862576600236,0.3531461941799338,110.13024997002458,0.3531027337684091,110.05008364782525
2025,문보경,LG,607,0.37067545304777594,0.4601941747572815,0.1844660194174757,0.2145165562913907,18.653212794352967,0.37916176001873697,128.1340185357364,0.3795432091006491,128.2571610054163
2025,최주환,키움,506,0.3300395256916996,0.42483660130718953,0.15032679738562088,0.1953710317460317,6.040777763734979,0.34282858584853354,102.99006959873589,0.3423258986596258,102.6290873143604
2025,박성한,SSG,538,0.3843283582089552,0.3805309734513274,0.10619469026548672,0.1995551401869159,8.797129293654486,0.36668490649477586,119.4995577415515,0.3664942107792132,119.27153881473794
2025,한유섬,SSG,511,0.34705882352941175,0.42417582417582417,0.15164835164835166,0.2002642998027613,9.264300070824811,0.3539927233463787,110.71608059509086,0.35393335146913807,110.62205221275178
2025,고승민,롯데,538,0.34962406015037595,0.34968017057569295,0.0788912579957356,0.1815913370998116,-3.0368269294900334,0.33357974415617064,96.58951670044581,0.33334778629869816,96.44670276088625
2025,강민호,삼성,465,0.33620689655172414,0.4174757281553398,0.14805825242718446,0.1941021739130434,5.204896409649291,0.34235553402724217,102.66269960944221,0.34219283007178625,102.5374554491153
2025,오선우,KIA,474,0.3227848101265823,0.43249427917620137,0.16704805491990848,0.1974597457627118,7.41675311350961,0.3427817833173596,102.9576804535308,0.3430613895365676,103.13555095103919
2025,노시환,한화,624,0.3541666666666667,0.4972170686456401,0.23747680890538037,0.2201612377850162,22.371741291089403,0.3777741140952101,127.17371437732874,0.37815026131818064,127.29796841482157
2025,정수빈,두산,546,0.3550185873605948,0.3484848484848485,0.09090909090909094,0.1836417910447761,-1.68605604291185,0.33744073496125004,99.26147030390388,0.33761963056338296,99.38832154834657
2025,이재현,삼성,555,0.3596330275229358,0.42669584245076586,0.17286652078774617,0.2046047794117647,12.123663727358684,0.36431298090283365,117.85809433164471,0.36417427765262195,117.67401829479552
2025,오지환,LG,472,0.3139784946236559,0.4295942720763723,0.1766109785202864,0.1942387096774193,5.294841631754168,0.33694708961223097,98.91984880420837,0.33679175940476386,98.81824426956493
2025,박동원,LG,523,0.3423076923076923,0.45454545454545453,0.2017738359201774,0.2070755813953488,13.751345926279235,0.36005497892197824,114.9113937797266,0.36008743026157075,114.85978951628309
2025,김휘집,NC,500,0.3493975903614458,0.4195804195804196,0.17016317016317017,0.2019658634538153,10.385233631487226,0.35811290466619927,113.5674039678148,0.35868058113082385,113.89102436996457
2025,김영웅,삼성,499,0.3226452905811623,0.4551569506726457,0.20627802690582958,0.2033931451612903,11.325479366895,0.3493651346584987,107.51361187808793,0.3495362091540378,107.5941524009149
2025,장성우,KT,480,0.33263598326359833,0.3801452784503632,0.1331719128329298,0.1855828092243186,-0.4073778001335618,0.3325101169268051,95.84929366595937,0.3328259595338327,96.08736957357469
2025,권희동,NC,456,0.39285714285714285,0.36312849162011174,0.11731843575418996,0.1996071428571428,8.831386923843851,0.3700232728452826,121.80983519369278,0.36967746852393707,121.4635500883276
2025,최원준,NC,449,0.28859060402684567,0.33171912832929784,0.08958837772397096,0.1614250559284116,-16.321702487789267,0.2893861278152699,66.00584054235533,0.28949044821689585,66.24626433761263
2025,이주형,키움,514,0.33659491193737767,0.36771300448430494,0.12780269058295965,0.1851434184675835,-0.6968338220485977,0.3329196722864261,96.13272167037607,0.33309709709117347,96.27407659827905
2025,위즈덤,KIA,486,0.32098765432098764,0.535377358490566,0.2995283018867924,0.2241384297520661,24.991783127491917,0.3738765452948952,124.47644739937411,0.3745496878893729,124.81859094046672
