league,year,team,n_top,K,type_mean,N_s,a_S_top_share,b_S_share_of_top,c_S_share_of_2,top3_share_of_top,top3_top_share,S_slot4_share,S_mid_share,S_bottom_share,N,ts,club
KBO,2021,KIA,3,3,1.4882672468357379,3,0.7490144546649146,0.8656036446469249,0.7480916030534351,0.8656036446469249,0.7490144546649146,0.021681997371879105,0.13863337713534823,0.11235216819973719,3,KBO_2021_KIA,KBO_KIA
KBO,2021,KT,3,3,1.3535242430401073,3,0.30401662049861494,0.33588370313695487,0.6003086419753086,0.33588370313695487,0.30401662049861494,0.1461218836565097,0.6163434903047091,0.0796398891966759,3,KBO_2021_KT,KBO_KT
KBO,2021,LG,3,2,1.0443471171056242,3,0.46008531383302864,0.5807692307692308,0.2006269592476489,0.5807692307692308,0.46008531383302864,0.2498476538695917,0.5307739183424741,0.009140767824497258,3,KBO_2021_LG,KBO_LG
KBO,2021,NC,3,0,-1.6193172477575015,2,0.012750455373406194,0.010769230769230769,0.02021772939346812,0.04384615384615385,0.03341148886283705,0.5182149362477231,0.9544626593806922,0.03278688524590164,2,KBO_2021_NC,KBO_NC
KBO,2021,SSG,3,1,-0.7978739994325804,3,0.18789407313997478,0.22057735011102886,0.1996996996996997,0.22057735011102886,0.18789407313997478,0.1746532156368222,0.7011349306431274,0.11097099621689786,3,KBO_2021_SSG,KBO_SSG
KBO,2021,두산,3,2,0.4793335345987832,3,0.2756141402037148,0.34534534534534533,0.6039453717754173,0.34534534534534533,0.2756141402037148,0.33373277411623725,0.7058118633912522,0.018573996405032954,3,KBO_2021_두산,KBO_두산
KBO,2021,롯데,3,3,0.6838903259656058,3,0.13725490196078433,0.16804201050262565,0.051593323216995446,0.16804201050262565,0.13725490196078433,0.28921568627450983,0.7420343137254902,0.12071078431372549,3,KBO_2021_롯데,KBO_롯데
KBO,2021,삼성,3,0,-1.3938168172673484,3,0.3673225998807394,0.4695121951219512,0.8723076923076923,0.4695121951219512,0.3673225998807394,0.15682766845557544,0.629695885509839,0.0029815146094215863,3,KBO_2021_삼성,KBO_삼성
KBO,2021,키움,3,2,0.6027262034023096,2,0.3740530303030303,0.29565868263473055,0.08472012102874432,0.3285928143712575,0.28843626806833117,0.0,0.4914772727272727,0.13446969696969696,2,KBO_2021_키움,KBO_키움
KBO,2021,한화,3,2,1.0979605428201722,3,0.6386666666666667,0.7420604182804028,0.5675675675675675,0.7420604182804028,0.6386666666666667,0.21066666666666667,0.2773333333333333,0.084,3,KBO_2021_한화,KBO_한화
KBO,2022,KIA,3,2,0.014280967662705998,3,0.031139835487661575,0.0398796087283672,0.04892966360856269,0.0398796087283672,0.031139835487661575,0.20505287896592245,0.7925969447708578,0.1762632197414806,3,KBO_2022_KIA,KBO_KIA
KBO,2022,KT,3,0,-1.580805024489914,3,0.0567139282735613,0.05234795996920708,0.10377358490566038,0.05234795996920708,0.0567139282735613,0.4378648874061718,0.8824020016680567,0.060884070058381985,3,KBO_2022_KT,KBO_KT
KBO,2022,LG,3,2,0.9170323140313995,3,0.12272089761570827,0.13420245398773006,0.26917057902973396,0.13420245398773006,0.12272089761570827,0.06241234221598878,0.49719495091164095,0.3800841514726508,3,KBO_2022_LG,KBO_LG
KBO,2022,NC,3,1,0.6488494646823816,3,0.016,0.01841903300076746,0.03115264797507788,0.01841903300076746,0.016,0.38266666666666665,0.9766666666666667,0.007333333333333333,3,KBO_2022_NC,KBO_NC
KBO,2022,SSG,3,1,-0.3368417450756372,3,0.32075471698113206,0.36363636363636365,0.01228878648233487,0.36363636363636365,0.32075471698113206,0.33557951482479786,0.6435309973045822,0.03571428571428571,3,KBO_2022_SSG,KBO_SSG
KBO,2022,두산,3,2,-0.0882073710472665,3,0.2578947368421053,0.2996941896024465,0.36391912908242613,0.2996941896024465,0.2578947368421053,0.36907894736842106,0.6848684210526316,0.057236842105263155,3,KBO_2022_두산,KBO_두산
KBO,2022,롯데,3,1,-0.019832903812145048,3,0.20544554455445543,0.25597532767925985,0.15615141955835962,0.25597532767925985,0.20544554455445543,0.11200495049504951,0.650990099009901,0.14356435643564355,3,KBO_2022_롯데,KBO_롯데
KBO,2022,삼성,3,1,-0.6076212312919161,3,0.08401639344262295,0.09339407744874716,0.16744186046511628,0.09339407744874716,0.08401639344262295,0.31079234972677594,0.825136612021858,0.09084699453551913,3,KBO_2022_삼성,KBO_삼성
KBO,2022,키움,3,2,0.5813871512455487,3,0.14185639229422067,0.18395155185465556,0.35823170731707316,0.18395155185465556,0.14185639229422067,0.28955049620548745,0.8096906012842966,0.04845300642148278,3,KBO_2022_키움,KBO_키움
KBO,2022,한화,3,3,0.8573068043095633,3,0.3908984830805134,0.5149884704073789,0.08585055643879173,0.5149884704073789,0.3908984830805134,0.2117852975495916,0.5624270711785297,0.046674445740956826,3,KBO_2022_한화,KBO_한화
KBO,2023,KIA,3,1,-0.5431936643144167,3,0.208418194161575,0.23152337858220212,0.3419847328244275,0.23152337858220212,0.208418194161575,0.35709436524100474,0.7080787508486083,0.0835030549898167,3,KBO_2023_KIA,KBO_KIA
KBO,2023,KT,3,1,-0.43132434261482605,3,0.1083844580777096,0.11981914091936699,0.19785276073619631,0.11981914091936699,0.1083844580777096,0.3278800272665303,0.7368779822767553,0.1547375596455351,3,KBO_2023_KT,KBO_KT
KBO,2023,LG,3,2,0.8955231048550112,3,0.34404205607476634,0.449618320610687,0.017054263565891473,0.449618320610687,0.34404205607476634,0.3358644859813084,0.45794392523364486,0.19801401869158877,3,KBO_2023_LG,KBO_LG
KBO,2023,NC,3,3,1.0132025492780117,3,0.35709436524100474,0.3984848484848485,0.023148148148148147,0.3984848484848485,0.35709436524100474,0.08689748811948404,0.6361167684996606,0.006788866259334691,3,KBO_2023_NC,KBO_NC
KBO,2023,SSG,3,2,-0.28707889028950895,3,0.30087306917394224,0.3388804841149773,0.019969278033794162,0.3388804841149773,0.30087306917394224,0.34184016118200133,0.6924110141034251,0.006715916722632639,3,KBO_2023_SSG,KBO_SSG
KBO,2023,두산,3,2,-0.25391796961010593,3,0.38060686015831136,0.4511336982017201,0.11755233494363929,0.4511336982017201,0.38060686015831136,0.195910290237467,0.4894459102902375,0.1299472295514512,3,KBO_2023_두산,KBO_두산
KBO,2023,롯데,3,3,0.6716162342291835,3,0.12202380952380952,0.12567049808429118,0.24731182795698925,0.12567049808429118,0.12202380952380952,0.3169642857142857,0.6398809523809523,0.23809523809523808,3,KBO_2023_롯데,KBO_롯데
KBO,2023,삼성,3,2,1.3133296403985497,3,0.24322289156626506,0.2494208494208494,0.16876971608832808,0.2494208494208494,0.24322289156626506,0.3200301204819277,0.6536144578313253,0.10316265060240964,3,KBO_2023_삼성,KBO_삼성
KBO,2023,키움,3,2,0.7208587498548994,2,0.5877016129032258,0.4318518518518519,0.5823353293413174,0.44592592592592595,0.42725337118523776,0.017137096774193547,0.4112903225806452,0.0010080645161290322,2,KBO_2023_키움,KBO_키움
KBO,2023,한화,3,1,0.046909351299017,3,0.011658031088082901,0.013595166163141994,0.025757575757575757,0.013595166163141994,0.011658031088082901,0.28367875647668395,0.7694300518134715,0.2189119170984456,3,KBO_2023_한화,KBO_한화
KBO,2024,KIA,3,0,-0.9007546063334934,3,0.2625386996904025,0.31314623338257014,0.4017991004497751,0.31314623338257014,0.2625386996904025,0.07863777089783282,0.6513931888544892,0.08606811145510836,3,KBO_2024_KIA,KBO_KIA
KBO,2024,KT,3,2,0.8793778226407462,3,0.5474320241691842,0.6579520697167756,0.6504424778761062,0.6579520697167756,0.5474320241691842,0.04108761329305136,0.35166163141993956,0.10090634441087613,3,KBO_2024_KT,KBO_KT
KBO,2024,LG,3,1,0.8007197912780666,3,0.3404017857142857,0.45933734939759036,0.08841463414634146,0.45933734939759036,0.3404017857142857,0.34151785714285715,0.5747767857142857,0.08482142857142858,3,KBO_2024_LG,KBO_LG
KBO,2024,NC,3,2,-0.03324385564213147,3,0.09698275862068965,0.10127531882970743,0.20610687022900764,0.10127531882970743,0.09698275862068965,0.40014367816091956,0.8972701149425287,0.005747126436781609,3,KBO_2024_NC,KBO_NC
KBO,2024,SSG,3,2,0.08249632589846338,3,0.1702127659574468,0.20973782771535582,0.31393568147013784,0.20973782771535582,0.1702127659574468,0.26869300911854105,0.6674772036474164,0.16231003039513678,3,KBO_2024_SSG,KBO_SSG
KBO,2024,두산,3,2,0.1127026003688801,3,0.22945205479452055,0.2565084226646248,0.5284810126582279,0.2565084226646248,0.22945205479452055,0.35205479452054794,0.636986301369863,0.13356164383561644,3,KBO_2024_두산,KBO_두산
KBO,2024,롯데,3,2,0.34461396653196325,3,0.03445990722332671,0.03880597014925373,0.07067669172932331,0.03880597014925373,0.03445990722332671,0.292909211398277,0.7375745526838966,0.22796554009277667,3,KBO_2024_롯데,KBO_롯데
KBO,2024,삼성,3,1,0.5760049062739285,3,0.3722481654436291,0.4192336589030804,0.10843373493975904,0.4192336589030804,0.3722481654436291,0.10607071380920614,0.4836557705136758,0.14409606404269512,3,KBO_2024_삼성,KBO_삼성
KBO,2024,키움,3,3,0.9169447971894732,3,0.37563775510204084,0.44285714285714284,0.8192771084337349,0.44285714285714284,0.37563775510204084,0.16135204081632654,0.5688775510204082,0.05548469387755102,3,KBO_2024_키움,KBO_키움
KBO,2024,한화,3,1,-0.3780896081448499,2,0.3663461538461538,0.2813884785819793,0.4047976011994003,0.2821270310192024,0.25049180327868853,0.08846153846153847,0.5,0.13365384615384615,2,KBO_2024_한화,KBO_한화
KBO,2025,KIA,3,3,0.7097828791266894,3,0.08063102541630149,0.06974981046247157,0.12808641975308643,0.06974981046247157,0.08063102541630149,0.4574934268185802,0.8606485539000877,0.058720420683610865,3,KBO_2025_KIA,KBO_KIA
KBO,2025,KT,3,1,-0.28096476942869314,2,0.1125748502994012,0.07264296754250386,0.0859375,0.18083462132921174,0.1927512355848435,0.21916167664670658,0.8479041916167664,0.03952095808383234,2,KBO_2025_KT,KBO_KT
KBO,2025,LG,3,1,-0.018158302670647775,3,0.1210817455439459,0.1487915407854985,0.30261136712749614,0.1487915407854985,0.1210817455439459,0.3700061462814997,0.8303626306084819,0.04855562384757222,3,KBO_2025_LG,KBO_LG
KBO,2025,NC,3,2,-0.5216054089442931,3,0.46830265848670755,0.531733746130031,0.4095238095238095,0.531733746130031,0.46830265848670755,0.27471029311520107,0.5119291070211316,0.019768234492160874,3,KBO_2025_NC,KBO_NC
KBO,2025,SSG,3,2,0.4104050216558184,3,0.3305722891566265,0.3405740884406517,0.37579617834394907,0.3405740884406517,0.3305722891566265,0.09262048192771084,0.5353915662650602,0.13403614457831325,3,KBO_2025_SSG,KBO_SSG
KBO,2025,두산,3,1,-0.04032435571739892,3,0.14199192462987886,0.16230769230769232,0.29264475743348983,0.16230769230769232,0.14199192462987886,0.32705248990578734,0.8236877523553163,0.034320323014804845,3,KBO_2025_두산,KBO_두산
KBO,2025,롯데,3,3,0.7655765046016657,3,0.07923497267759563,0.08794541319181198,0.03793626707132018,0.08794541319181198,0.07923497267759563,0.3743169398907104,0.8244535519125683,0.09631147540983606,3,KBO_2025_롯데,KBO_롯데
KBO,2025,삼성,3,2,0.12280282022708677,3,0.28027681660899656,0.3704268292682927,0.6355140186915887,0.3704268292682927,0.28027681660899656,0.28719723183391005,0.668396770472895,0.05132641291810842,3,KBO_2025_삼성,KBO_삼성
KBO,2025,키움,3,0,-0.4437629458445766,1,0.8520249221183801,0.41755725190839693,0.17209302325581396,0.5961832061068703,0.4820987654320988,0.08566978193146417,0.14330218068535824,0.004672897196261682,1,KBO_2025_키움,KBO_키움
KBO,2025,한화,3,2,0.6827010075081758,3,0.013422818791946308,0.015372790161414296,0.031007751937984496,0.015372790161414296,0.013422818791946308,0.40201342281879193,0.7657718120805369,0.22080536912751678,3,KBO_2025_한화,KBO_한화
MLB,2021,ATL,3,2,0.44638395744971143,3,0.44172145845786015,0.5142658315935977,0.553072625698324,0.5142658315935977,0.44172145845786015,0.24985056784219964,0.48535564853556484,0.07292289300657502,3,MLB_2021_ATL,MLB_ATL
MLB,2021,AZ,3,3,0.7315990106178291,3,0.6367961934972244,0.548122866894198,0.5799721835883171,0.548122866894198,0.6367961934972244,0.07375099127676447,0.20222045995241872,0.16098334655035687,3,MLB_2021_AZ,MLB_AZ
MLB,2021,BAL,3,1,-0.8273574394817618,1,0.9863842662632375,0.4594785059901339,0.0,0.7603946441155743,0.6158675799086758,0.0,0.0,0.01361573373676248,1,MLB_2021_BAL,MLB_BAL
MLB,2021,BOS,3,1,-0.04736517846418745,3,0.05447680690399137,0.06951135581555402,0.1396957123098202,0.06951135581555402,0.05447680690399137,0.34034519956850057,0.9444444444444444,0.0010787486515641855,3,MLB_2021_BOS,MLB_BOS
MLB,2021,CHC,3,1,-0.552278558965587,2,0.7008797653958945,0.3406985032074127,0.375,0.3556664290805417,0.47433460076045625,0.12903225806451613,0.16422287390029325,0.1348973607038123,2,MLB_2021_CHC,MLB_CHC
MLB,2021,CIN,3,1,-0.1753494873258072,3,0.39961636828644503,0.4283755997258396,0.6905089408528198,0.4283755997258396,0.39961636828644503,0.21355498721227623,0.5952685421994884,0.005115089514066497,3,MLB_2021_CIN,MLB_CIN
MLB,2021,CLE,3,0,-1.1485927940804463,2,0.0,0.0,0.0,0.2846045197740113,0.26992632283991963,0.3364140480591497,0.9981515711645101,0.0018484288354898336,2,MLB_2021_CLE,MLB_CLE
MLB,2021,COL,3,1,-0.2403757509322119,3,0.21188118811881188,0.22463261021693492,0.44886363636363635,0.22463261021693492,0.21188118811881188,0.23234323432343235,0.6607260726072607,0.12739273927392739,3,MLB_2021_COL,MLB_COL
MLB,2021,CWS,3,2,0.9040084548662447,3,0.09455228553537884,0.10493398193189715,0.21388101983002833,0.10493398193189715,0.09455228553537884,0.24483406386975579,0.7795867251095805,0.1258609893550407,3,MLB_2021_CWS,MLB_CWS
MLB,2021,DET,3,3,0.555977582609554,3,0.4322766570605187,0.5244755244755245,0.1327683615819209,0.5244755244755245,0.4322766570605187,0.06685878962536022,0.45763688760806914,0.1100864553314121,3,MLB_2021_DET,MLB_DET
MLB,2021,HOU,3,1,-0.23319845623110655,3,0.0518018018018018,0.061374249499666446,0.08930987821380243,0.061374249499666446,0.0518018018018018,0.31024774774774777,0.6103603603603603,0.33783783783783783,3,MLB_2021_HOU,MLB_HOU
MLB,2021,KC,3,2,0.28656166831306495,2,0.30604651162790697,0.23185341789992953,0.47,0.23185341789992953,0.1909460243760882,0.18232558139534882,0.34232558139534885,0.3516279069767442,2,MLB_2021_KC,MLB_KC
MLB,2021,LAA,3,0,-0.715773338673125,3,0.41222879684418146,0.432712215320911,0.7377963737796374,0.432712215320911,0.41222879684418146,0.20973044049967127,0.452991452991453,0.13477975016436555,3,MLB_2021_LAA,MLB_LAA
MLB,2021,LAD,3,1,0.15139853544868398,3,0.407514450867052,0.38524590163934425,0.7689133425034388,0.38524590163934425,0.407514450867052,0.17052023121387283,0.36127167630057805,0.23121387283236994,3,MLB_2021_LAD,MLB_LAD
MLB,2021,MIA,3,0,-1.2462513298416695,1,0.21747967479674796,0.07681263460157932,0.1562043795620438,0.3697056712132089,0.3886792452830189,0.09146341463414634,0.7560975609756098,0.026422764227642278,1,MLB_2021_MIA,MLB_MIA
MLB,2021,MIL,3,2,-0.18111166183822802,3,0.2677595628415301,0.27203331020124916,0.35833333333333334,0.27203331020124916,0.2677595628415301,0.21448087431693988,0.4378415300546448,0.29439890710382516,3,MLB_2021_MIL,MLB_MIL
MLB,2021,MIN,3,1,-0.39498574632476496,3,0.3625418060200669,0.37612768910478833,0.5934844192634561,0.37612768910478833,0.3625418060200669,0.2153846153846154,0.5779264214046823,0.05953177257525084,3,MLB_2021_MIN,MLB_MIN
MLB,2021,NYM,3,2,0.8845800177148767,3,0.3488054607508532,0.365,0.251453488372093,0.365,0.3488054607508532,0.2737201365187713,0.5610921501706485,0.0901023890784983,3,MLB_2021_NYM,MLB_NYM
MLB,2021,NYY,3,1,0.5345017237355153,3,0.5714285714285714,0.7368421052631579,0.5841584158415841,0.7368421052631579,0.5714285714285714,0.17722878625134264,0.4221267454350161,0.00644468313641246,3,MLB_2021_NYY,MLB_NYY
MLB,2021,OAK,3,2,1.040380439762317,3,0.36909871244635195,0.42424242424242425,0.10814606741573034,0.42424242424242425,0.36909871244635195,0.09687308399754752,0.44267320662170445,0.1882280809319436,3,MLB_2021_OAK,MLB_OAK
MLB,2021,PHI,3,2,0.08149780144426022,3,0.40710209258084973,0.44275862068965516,0.6791666666666667,0.44275862068965516,0.40710209258084973,0.09004438807863031,0.5250475586556753,0.06785034876347495,3,MLB_2021_PHI,MLB_PHI
MLB,2021,PIT,3,3,1.6419966558463441,3,0.36146272855133615,0.36146272855133615,0.07692307692307693,0.36146272855133615,0.36146272855133615,0.04360056258790436,0.519690576652602,0.11884669479606189,3,MLB_2021_PIT,MLB_PIT
MLB,2021,SD,3,1,-0.48924050605159936,3,0.3449438202247191,0.42461964038727523,0.6812411847672779,0.42461964038727523,0.3449438202247191,0.22078651685393258,0.5988764044943821,0.056179775280898875,3,MLB_2021_SD,MLB_SD
MLB,2021,SEA,3,2,0.617826506799679,3,0.649390243902439,0.8962131837307152,0.9285714285714286,0.8962131837307152,0.649390243902439,0.14380081300813008,0.27184959349593496,0.07876016260162602,3,MLB_2021_SEA,MLB_SEA
MLB,2021,SF,3,2,0.3015770656259908,3,0.26325088339222613,0.20285908781484002,0.35488308115543327,0.20285908781484002,0.26325088339222613,0.22879858657243815,0.5848056537102474,0.1519434628975265,3,MLB_2021_SF,MLB_SF
MLB,2021,STL,3,2,-0.025723118162304215,3,0.47261434217955955,0.5927762039660056,0.9813218390804598,0.5927762039660056,0.47261434217955955,0.09373235460191982,0.40993788819875776,0.11744776962168267,3,MLB_2021_STL,MLB_STL
MLB,2021,TB,3,1,-1.4120921660596313,2,0.5496632996632996,0.44181326116373476,0.21477428180574556,0.44248985115020295,0.42057877813504824,0.13383838383838384,0.3451178451178451,0.10521885521885523,2,MLB_2021_TB,MLB_TB
MLB,2021,TEX,3,1,-0.19640555552051228,2,0.09598432908912831,0.06995003568879372,0.1414141414141414,0.07566024268379729,0.06487148102815178,0.4289911851126347,0.8658178256611165,0.03819784524975514,2,MLB_2021_TEX,MLB_TEX
MLB,2021,TOR,3,1,-0.44709129258251346,3,0.2057356608478803,0.22805805114029026,0.11640953716690042,0.22805805114029026,0.2057356608478803,0.23940149625935161,0.7923940149625935,0.0018703241895261845,3,MLB_2021_TOR,MLB_TOR
MLB,2021,WSH,3,2,0.67411639425724,3,0.4478164322723908,0.41926541926541927,0.45264623955431754,0.41926541926541927,0.4478164322723908,0.07772020725388601,0.5173945225758697,0.03478904515173945,3,MLB_2021_WSH,MLB_WSH
MLB,2022,ATL,3,0,-0.5349037473236402,3,0.025,0.025464556090846524,0.045706371191135735,0.025464556090846524,0.025,0.15135135135135136,0.5351351351351351,0.43986486486486487,3,MLB_2022_ATL,MLB_ATL
MLB,2022,AZ,3,1,-0.4294957665331998,3,0.017746913580246913,0.01618578465869106,0.02127659574468085,0.01618578465869106,0.017746913580246913,0.503858024691358,0.8248456790123457,0.1574074074074074,3,MLB_2022_AZ,MLB_AZ
MLB,2022,BAL,3,2,0.2943991159863622,3,0.3856655290102389,0.3987297106563162,0.8034433285509326,0.3987297106563162,0.3856655290102389,0.13651877133105803,0.5460750853242321,0.06825938566552901,3,MLB_2022_BAL,MLB_BAL
MLB,2022,BOS,3,2,0.7456383661400457,3,0.2536312849162011,0.31484049930651875,0.6358543417366946,0.31484049930651875,0.2536312849162011,0.28547486033519553,0.7340782122905027,0.012290502793296089,3,MLB_2022_BOS,MLB_BOS
MLB,2022,CHC,3,2,0.15475197794371065,3,0.3580327868852459,0.38944365192582026,0.7441860465116279,0.38944365192582026,0.3580327868852459,0.25049180327868853,0.5908196721311475,0.051147540983606556,3,MLB_2022_CHC,MLB_CHC
MLB,2022,CIN,3,2,0.43516235110661095,3,0.7070707070707071,0.5460992907801419,0.6767241379310345,0.5460992907801419,0.7070707070707071,0.05693296602387511,0.1992653810835629,0.09366391184573003,3,MLB_2022_CIN,MLB_CIN
MLB,2022,CLE,3,2,1.228917622680903,3,0.317032967032967,0.3971094287680661,0.16363636363636364,0.3971094287680661,0.317032967032967,0.004395604395604396,0.4489010989010989,0.23406593406593407,3,MLB_2022_CLE,MLB_CLE
MLB,2022,COL,3,2,0.41945526479087425,3,0.22990654205607478,0.2564280750521195,0.28551336146272854,0.2564280750521195,0.22990654205607478,0.297196261682243,0.5657320872274143,0.2043613707165109,3,MLB_2022_COL,MLB_COL
MLB,2022,CWS,3,3,0.8127843862413738,3,0.19488188976377951,0.20426409903713894,0.406993006993007,0.20426409903713894,0.19488188976377951,0.37073490813648297,0.7014435695538058,0.1036745406824147,3,MLB_2022_CWS,MLB_CWS
MLB,2022,DET,3,2,0.09912689442727256,1,0.9166666666666666,0.26810035842293906,0.05547445255474453,0.3068100358422939,0.3614864864864865,0.031862745098039214,0.07107843137254902,0.012254901960784314,1,MLB_2022_DET,MLB_DET
MLB,2022,HOU,3,2,0.4334386312806453,3,0.33614864864864863,0.4151599443671766,0.011251758087201125,0.4151599443671766,0.33614864864864863,0.31644144144144143,0.6599099099099099,0.003941441441441441,3,MLB_2022_HOU,MLB_HOU
MLB,2022,KC,3,1,0.40798769138069596,2,0.6165745856353592,0.3943462897526502,0.40714285714285714,0.3943462897526502,0.4099926524614254,0.03867403314917127,0.2950276243093923,0.08839779005524862,2,MLB_2022_KC,MLB_KC
MLB,2022,LAA,3,1,-0.6232392664023466,3,0.5947214076246334,0.7120786516853933,0.9246088193456614,0.7120786516853933,0.5947214076246334,0.11436950146627566,0.4005865102639296,0.00469208211143695,3,MLB_2022_LAA,MLB_LAA
MLB,2022,LAD,3,1,0.21654873836430336,3,0.5257021727609963,0.6711772665764547,0.5041095890410959,0.6711772665764547,0.5257021727609963,0.20031796502384738,0.442501324854266,0.03179650238473768,3,MLB_2022_LAD,MLB_LAD
MLB,2022,MIA,3,1,-0.628083040790301,1,0.43612334801762115,0.1409252669039146,0.27050359712230215,0.17508896797153026,0.2230281051677244,0.2092511013215859,0.5220264317180616,0.04185022026431718,1,MLB_2022_MIA,MLB_MIA
MLB,2022,MIL,3,2,0.09663025049404457,3,0.36077481840193704,0.40905971173644473,0.016643550624133148,0.40905971173644473,0.36077481840193704,0.15012106537530268,0.4854721549636804,0.15375302663438256,3,MLB_2022_MIL,MLB_MIL
MLB,2022,MIN,3,2,0.23793796311587023,2,0.8050847457627118,0.6493506493506493,0.743801652892562,0.8516746411483254,0.8018018018018018,0.005084745762711864,0.1694915254237288,0.025423728813559324,2,MLB_2022_MIN,MLB_MIN
MLB,2022,NYM,3,2,0.7762011683376221,3,0.29207634470792365,0.35118219749652296,0.671830985915493,0.35118219749652296,0.29207634470792365,0.3643724696356275,0.5257374204742625,0.18218623481781376,3,MLB_2022_NYM,MLB_NYM
MLB,2022,NYY,3,1,-0.03843719710471527,3,0.6841186736474695,0.8088033012379643,0.8242677824267782,0.8088033012379643,0.6841186736474695,0.025596276905177427,0.3036649214659686,0.012216404886561954,3,MLB_2022_NYY,MLB_NYY
MLB,2022,OAK,3,1,-0.5128401645650856,1,0.05733558178752108,0.02454873646209386,0.04927536231884058,0.07653429602888087,0.0693717277486911,0.23102866779089376,0.8718381112984823,0.07082630691399663,1,MLB_2022_OAK,MLB_OAK
MLB,2022,PHI,3,1,-0.7600082245463428,3,0.3719776813391196,0.41841004184100417,0.062411347517730496,0.41841004184100417,0.3719776813391196,0.15995040297582144,0.5511469311841289,0.07687538747675139,3,MLB_2022_PHI,MLB_PHI
MLB,2022,PIT,3,1,-1.1190951453653317,1,0.8695652173913043,0.3695806680881308,0.7452966714905933,0.48329779673063256,0.513595166163142,0.0,0.12709030100334448,0.0033444816053511705,1,MLB_2022_PIT,MLB_PIT
MLB,2022,SD,3,2,-0.02204797515944616,3,0.35793357933579334,0.40082644628099173,0.25591098748261476,0.40082644628099173,0.35793357933579334,0.15744157441574416,0.5719557195571956,0.07011070110701106,3,MLB_2022_SD,MLB_SD
MLB,2022,SEA,3,1,-0.24211677912022356,3,0.47746719908727897,0.5824634655532359,0.8338068181818182,0.5824634655532359,0.47746719908727897,0.17227609811751282,0.4209925841414718,0.10154021677124929,3,MLB_2022_SEA,MLB_SEA
MLB,2022,SF,3,2,0.5040616193411546,3,0.3253968253968254,0.2835408022130014,0.16853932584269662,0.2835408022130014,0.3253968253968254,0.18095238095238095,0.35,0.3246031746031746,3,MLB_2022_SF,MLB_SF
MLB,2022,STL,3,1,-0.38053016239854304,3,0.13636363636363635,0.14784394250513347,0.29476584022038566,0.14784394250513347,0.13636363636363635,0.35164141414141414,0.7853535353535354,0.07828282828282829,3,MLB_2022_STL,MLB_STL
MLB,2022,TB,3,2,1.5184627928250798,3,0.3539712320200125,0.4,0.23857142857142857,0.4,0.3539712320200125,0.20888055034396497,0.5934959349593496,0.0525328330206379,3,MLB_2022_TB,MLB_TB
MLB,2022,TEX,3,1,-0.6376879555844525,2,0.37306501547987614,0.3358885017421603,0.669971671388102,0.3519163763066202,0.2607124419204956,0.06269349845201239,0.47678018575851394,0.15015479876160992,2,MLB_2022_TEX,MLB_TEX
MLB,2022,TOR,3,1,0.5539402726248382,3,0.4730941704035874,0.5749318801089919,0.3956343792633015,0.5749318801089919,0.4730941704035874,0.1367713004484305,0.45067264573991034,0.07623318385650224,3,MLB_2022_TOR,MLB_TOR
MLB,2022,WSH,3,3,0.8726971213499158,3,0.25,0.20794889992902768,0.4136947218259629,0.20794889992902768,0.25,0.1757679180887372,0.6296928327645052,0.12030716723549488,3,MLB_2022_WSH,MLB_WSH
MLB,2023,ATL,3,1,-0.33209958062264694,3,0.5069444444444444,0.6891436277815239,0.4131326949384405,0.6891436277815239,0.5069444444444444,0.19146825396825398,0.3179563492063492,0.17509920634920634,3,MLB_2023_ATL,MLB_ATL
MLB,2023,AZ,3,2,-0.12511251737428605,3,0.44491080797481636,0.5880721220527045,0.710124826629681,0.5880721220527045,0.44491080797481636,0.3357817418677859,0.5120671563483735,0.04302203567681007,3,MLB_2023_AZ,MLB_AZ
MLB,2023,BAL,3,1,-0.04203474105939731,3,0.518022657054583,0.6829599456890699,0.8773841961852861,0.6829599456890699,0.518022657054583,0.07878475798146241,0.40113285272914523,0.08084449021627188,3,MLB_2023_BAL,MLB_BAL
MLB,2023,BOS,3,2,0.14649955512944388,3,0.2931726907630522,0.3,0.40446304044630405,0.3,0.2931726907630522,0.2570281124497992,0.39759036144578314,0.3092369477911647,3,MLB_2023_BOS,MLB_BOS
MLB,2023,CHC,3,3,0.5019679595089829,3,0.03850446428571429,0.04665314401622718,0.07967032967032966,0.04665314401622718,0.03850446428571429,0.35379464285714285,0.8208705357142857,0.140625,3,MLB_2023_CHC,MLB_CHC
MLB,2023,CIN,3,3,0.36436756968940154,3,0.29278951201748,0.2774327122153209,0.5342657342657343,0.2774327122153209,0.29278951201748,0.10487982520029134,0.3823743627093955,0.32483612527312455,3,MLB_2023_CIN,MLB_CIN
MLB,2023,CLE,3,3,1.0393006633494013,3,0.47842301545018645,0.6150684931506849,0.2669432918395574,0.6150684931506849,0.47842301545018645,0.16462440063931805,0.5135855087906234,0.007991475759190196,3,MLB_2023_CLE,MLB_CLE
MLB,2023,COL,3,2,0.5362749437047198,3,0.28036086051353226,0.2807505211952745,0.09762900976290098,0.2807505211952745,0.28036086051353226,0.07356002775850104,0.5655794587092297,0.15405968077723803,3,MLB_2023_COL,MLB_COL
MLB,2023,CWS,3,0,-2.147180495913664,0,,0.0,0.0,0.08716875871687588,0.09097525473071325,,,,0,MLB_2023_CWS,MLB_CWS
MLB,2023,DET,3,2,-0.010632807962870213,2,0.3626882966396292,0.21630960608154803,0.43575418994413406,0.3130615065653075,0.294921875,0.31170336037079954,0.6025492468134415,0.03476245654692932,2,MLB_2023_DET,MLB_DET
MLB,2023,HOU,3,3,0.6469929983627783,3,0.2654521795705921,0.2734584450402145,0.06258503401360545,0.2734584450402145,0.2654521795705921,0.1405335068314899,0.7325959661678595,0.001951854261548471,3,MLB_2023_HOU,MLB_HOU
MLB,2023,KC,3,0,-0.5550006551495562,0,,0.0,0.0,0.5421940928270043,0.46670702179176754,,,,0,MLB_2023_KC,MLB_KC
MLB,2023,LAA,3,2,-0.00143967624093444,3,0.5196220930232558,0.49344375431331955,0.810320781032078,0.49344375431331955,0.5196220930232558,0.006540697674418605,0.29433139534883723,0.18604651162790697,3,MLB_2023_LAA,MLB_LAA
MLB,2023,LAD,3,2,-0.11974746532319254,3,0.7477088948787062,0.9228210246174318,0.9607046070460704,0.9228210246174318,0.7477088948787062,0.10026954177897573,0.2501347708894879,0.00215633423180593,3,MLB_2023_LAD,MLB_LAD
MLB,2023,MIA,3,1,0.5445970151186653,3,0.5715193897012079,0.6304347826086957,0.6515580736543909,0.6304347826086957,0.5715193897012079,0.1290527654164018,0.2917991099809282,0.13668150031786394,3,MLB_2023_MIA,MLB_MIA
MLB,2023,MIL,3,2,0.6946453446548446,2,0.7928513403736799,0.6740331491712708,0.5845070422535211,0.7451657458563536,0.5816711590296496,0.06336311941510966,0.20471161657189277,0.002437043054427295,2,MLB_2023_MIL,MLB_MIL
MLB,2023,MIN,3,2,0.3917749617931226,3,0.3579734219269103,0.29419795221843004,0.15543328748280605,0.29419795221843004,0.3579734219269103,0.1569767441860465,0.3064784053156146,0.33554817275747506,3,MLB_2023_MIN,MLB_MIN
MLB,2023,NYM,3,1,-0.6640171377224868,2,0.7190332326283988,0.6690091356289529,0.4161931818181818,0.6690091356289529,0.4879548949256791,0.06419939577039276,0.2794561933534743,0.0015105740181268882,2,MLB_2023_NYM,MLB_NYM
MLB,2023,NYY,3,2,0.13009967387804558,3,0.5880597014925373,0.6931738212526389,0.8286118980169972,0.6931738212526389,0.5880597014925373,0.1265671641791045,0.3653731343283582,0.046567164179104475,3,MLB_2023_NYY,MLB_NYY
MLB,2023,OAK,3,1,-0.2909720600220484,3,0.4856700232378002,0.44499645138396027,0.7215909090909091,0.44499645138396027,0.4856700232378002,0.12780790085205268,0.45778466305189774,0.056545313710302095,3,MLB_2023_OAK,MLB_OAK
MLB,2023,PHI,3,2,0.5495877967652995,3,0.31560490940970193,0.3641267700606878,0.06043956043956044,0.3641267700606878,0.31560490940970193,0.10461718293395675,0.45412039742840443,0.23027469316189364,3,MLB_2023_PHI,MLB_PHI
MLB,2023,PIT,3,1,0.43912095287779934,3,0.5074349442379182,0.5663900414937759,0.9344490934449093,0.5663900414937759,0.5074349442379182,0.07744733581164807,0.3940520446096654,0.09851301115241635,3,MLB_2023_PIT,MLB_PIT
MLB,2023,SD,3,2,0.5570311735582728,2,0.20044378698224852,0.1849829351535836,0.23829201101928374,0.2525597269624573,0.19023136246786632,0.1952662721893491,0.7973372781065089,0.0022189349112426036,2,MLB_2023_SD,MLB_SD
MLB,2023,SEA,3,1,-0.08545215637193926,2,0.8389766741911211,0.7559322033898305,0.5449515905947441,0.7559322033898305,0.5880801687763713,0.0030097817908201654,0.0692249811888638,0.09179834462001504,2,MLB_2023_SEA,MLB_SEA
MLB,2023,SF,3,1,0.36064976826574263,3,0.4766214177978884,0.43828016643550627,0.24789915966386555,0.43828016643550627,0.4766214177978884,0.04147812971342383,0.34992458521870284,0.17345399698340874,3,MLB_2023_SF,MLB_SF
MLB,2023,STL,3,3,1.0360683504231114,3,0.5220277610138805,0.5836707152496626,0.757123473541384,0.5836707152496626,0.5220277610138805,0.060350030175015085,0.4315027157513579,0.04646952323476162,3,MLB_2023_STL,MLB_STL
MLB,2023,TB,3,1,0.5172441466707136,3,0.39767868051313376,0.4440654843110505,0.016574585635359115,0.4440654843110505,0.39767868051313376,0.10873549175320708,0.35797189981673794,0.24434941967012827,3,MLB_2023_TB,MLB_TB
MLB,2023,TEX,3,2,0.08164420709810316,3,0.789179104477612,0.8516778523489933,0.7170068027210884,0.8516778523489933,0.789179104477612,0.03482587064676617,0.09577114427860696,0.1150497512437811,3,MLB_2023_TEX,MLB_TEX
MLB,2023,TOR,3,3,0.40327018831104183,3,0.40371925614877024,0.4541160593792173,0.8635743519781719,0.4541160593792173,0.40371925614877024,0.13557288542291543,0.5272945410917816,0.06898620275944811,3,MLB_2023_TOR,MLB_TOR
MLB,2023,WSH,3,1,-0.14460078060992687,2,0.10161443494776828,0.07482517482517483,0.15155807365439095,0.4825174825174825,0.40186371578334307,0.3333333333333333,0.8822412155745489,0.016144349477682812,2,MLB_2023_WSH,MLB_WSH
MLB,2024,ATL,3,1,-0.34606135435866453,3,0.08727070594774874,0.10971348707197764,0.2226950354609929,0.10971348707197764,0.08727070594774874,0.3707615341856587,0.9127292940522512,0.0,3,MLB_2024_ATL,MLB_ATL
MLB,2024,AZ,3,1,-0.1002336746144179,3,0.35540983606557375,0.36522911051212936,0.37533875338753386,0.36522911051212936,0.35540983606557375,0.3462295081967213,0.6295081967213115,0.015081967213114755,3,MLB_2024_AZ,MLB_AZ
MLB,2024,BAL,3,0,-1.3401044119851855,1,0.7528248587570622,0.3635743519781719,0.0,0.4693042291950887,0.38243468593663144,0.0423728813559322,0.24717514124293785,0.0,1,MLB_2024_BAL,MLB_BAL
MLB,2024,BOS,3,1,-0.45498071220939645,3,0.22713864306784662,0.20938137321549966,0.4035812672176309,0.20938137321549966,0.22713864306784662,0.3554572271386431,0.7632743362831859,0.009587020648967551,3,MLB_2024_BOS,MLB_BOS
MLB,2024,CHC,3,1,0.19869341763333137,3,0.4212002243409983,0.5140314852840521,0.6194444444444445,0.5140314852840521,0.4212002243409983,0.10992708917554683,0.44980370162647226,0.12899607403252944,3,MLB_2024_CHC,MLB_CHC
MLB,2024,CIN,3,2,0.4270762794030145,3,0.5795013850415512,0.7361013370865588,0.8389355742296919,0.7361013370865588,0.5795013850415512,0.037673130193905814,0.2188365650969529,0.20166204986149586,3,MLB_2024_CIN,MLB_CIN
MLB,2024,CLE,3,2,0.45984201887955317,3,0.369949494949495,0.4197707736389685,0.07591240875912408,0.4197707736389685,0.369949494949495,0.04924242424242424,0.6079545454545454,0.022095959595959596,3,MLB_2024_CLE,MLB_CLE
MLB,2024,COL,3,1,-0.6076815017536977,2,0.5525581395348838,0.4209780297661233,0.12944523470839261,0.42168674698795183,0.3893979057591623,0.03813953488372093,0.266046511627907,0.1813953488372093,2,MLB_2024_COL,MLB_COL
MLB,2024,CWS,3,1,-0.41409183826148843,0,,0.0,0.0,0.2078853046594982,0.18001241464928616,,,,0,MLB_2024_CWS,MLB_CWS
MLB,2024,DET,3,1,0.3230715286330524,3,0.44776119402985076,0.46218487394957986,0.42735042735042733,0.46218487394957986,0.44776119402985076,0.20081411126187246,0.5400271370420624,0.012211668928086838,3,MLB_2024_DET,MLB_DET
MLB,2024,HOU,3,3,0.5718542000192587,3,0.6384284837323512,0.7137954701441318,0.49791376912378305,0.7137954701441318,0.6384284837323512,0.03990178023327195,0.35911602209944754,0.0024554941682013503,3,MLB_2024_HOU,MLB_HOU
MLB,2024,KC,3,1,-0.11028873818571248,3,0.37176724137931033,0.4838709677419355,0.9871244635193133,0.4838709677419355,0.37176724137931033,0.2834051724137931,0.6271551724137931,0.0010775862068965517,3,MLB_2024_KC,MLB_KC
MLB,2024,LAA,3,1,0.2967715614570477,3,0.39725130890052357,0.4301913536498937,0.5708154506437768,0.4301913536498937,0.39725130890052357,0.047774869109947646,0.32002617801047123,0.28272251308900526,3,MLB_2024_LAA,MLB_LAA
MLB,2024,LAD,3,2,0.25342117207040343,3,0.6737012987012987,0.839514497639919,0.6904109589041096,0.839514497639919,0.6737012987012987,0.0091991341991342,0.32575757575757575,0.0005411255411255411,3,MLB_2024_LAD,MLB_LAD
MLB,2024,MIA,3,1,0.6778308199173179,2,0.29347826086956524,0.16993006993006993,0.05397727272727273,0.26503496503496504,0.27187948350071733,0.23671497584541062,0.535024154589372,0.17149758454106281,2,MLB_2024_MIA,MLB_MIA
MLB,2024,MIL,3,2,0.8401413090732434,3,0.29214157168566285,0.3324232081911263,0.6277777777777778,0.3324232081911263,0.29214157168566285,0.2981403719256149,0.7066586682663467,0.0011997600479904018,3,MLB_2024_MIL,MLB_MIL
MLB,2024,MIN,3,2,0.14317670655800555,3,0.446524064171123,0.35059482155353394,0.5971428571428572,0.35059482155353394,0.446524064171123,0.0784313725490196,0.41711229946524064,0.13636363636363635,3,MLB_2024_MIN,MLB_MIN
MLB,2024,NYM,3,0,-0.968956360048281,3,0.40878754171301446,0.5006811989100818,0.3388203017832647,0.5006811989100818,0.40878754171301446,0.25417130144605116,0.4810901001112347,0.11012235817575083,3,MLB_2024_NYM,MLB_NYM
MLB,2024,NYY,3,1,-0.5017351300150207,2,0.503959683225342,0.47011417058428473,0.9510869565217391,0.47011417058428473,0.3804347826086957,0.0,0.4953203743700504,0.0007199424046076314,2,MLB_2024_NYY,MLB_NYY
MLB,2024,OAK,3,0,-0.8326735150462755,3,0.4062684801892371,0.48176718092566617,0.5042735042735043,0.48176718092566617,0.4062684801892371,0.1277350680070964,0.45890005913660553,0.1348314606741573,3,MLB_2024_OAK,MLB_OAK
MLB,2024,PHI,3,2,0.13875958241613232,3,0.6586826347305389,0.8192281651997292,0.726775956284153,0.8192281651997292,0.6586826347305389,0.0,0.34077299945563416,0.0005443658138268917,3,MLB_2024_PHI,MLB_PHI
MLB,2024,PIT,3,1,0.05089162485587467,3,0.6240855374226224,0.7712100139082059,0.9873417721518988,0.7712100139082059,0.6240855374226224,0.10298255486775464,0.3134496342149691,0.062464828362408555,3,MLB_2024_PIT,MLB_PIT
MLB,2024,SD,3,1,0.15523656800417984,3,0.43859649122807015,0.49931129476584024,0.8976157082748948,0.49931129476584024,0.43859649122807015,0.015124016938898971,0.22323049001814882,0.33817301875378103,3,MLB_2024_SD,MLB_SD
MLB,2024,SEA,3,1,-0.5517140756128043,3,0.27905569007263925,0.3232819074333801,0.5514809590973202,0.3232819074333801,0.27905569007263925,0.15617433414043583,0.549636803874092,0.17130750605326878,3,MLB_2024_SEA,MLB_SEA
MLB,2024,SF,3,1,0.43857612959489317,3,0.2894736842105263,0.2757660167130919,0.3574468085106383,0.2757660167130919,0.2894736842105263,0.25511695906432746,0.5431286549707602,0.16739766081871346,3,MLB_2024_SF,MLB_SF
MLB,2024,STL,3,3,0.8869752043774963,3,0.3094202898550725,0.2944827586206897,0.27715877437325903,0.2944827586206897,0.3094202898550725,0.06884057971014493,0.4028985507246377,0.2876811594202899,3,MLB_2024_STL,MLB_STL
MLB,2024,TB,3,2,0.627343350746667,2,0.7277657266811279,0.47187060478199716,0.06723891273247497,0.6940928270042194,0.7365671641791045,0.01843817787418655,0.12581344902386118,0.14642082429501085,2,MLB_2024_TB,MLB_TB
MLB,2024,TEX,3,2,0.8453186117839516,3,0.42563482466747277,0.4865238424326192,0.9002808988764045,0.4865238424326192,0.42563482466747277,0.030229746070133012,0.3941958887545345,0.18016928657799275,3,MLB_2024_TEX,MLB_TEX
MLB,2024,TOR,3,3,1.3707020228237077,3,0.23546302943287867,0.22825330549756437,0.4005641748942172,0.22825330549756437,0.23546302943287867,0.25125628140703515,0.7272074659009332,0.03732950466618808,3,MLB_2024_TOR,MLB_TOR
MLB,2024,WSH,3,2,0.5436291475191831,3,0.35792120704107294,0.3011283497884344,0.562942008486563,0.3011283497884344,0.35792120704107294,0.11986588432523052,0.4677284157585918,0.17435037720033528,3,MLB_2024_WSH,MLB_WSH
MLB,2025,ATH,3,1,-0.8878653449683895,3,0.21782178217821782,0.23961878829135466,0.27323162274618584,0.23961878829135466,0.21782178217821782,0.28094059405940597,0.6293316831683168,0.15284653465346534,3,MLB_2025_ATH,MLB_ATH
MLB,2025,ATL,3,3,0.7626408086334444,3,0.40012763241863436,0.4279863481228669,0.6024759284731774,0.4279863481228669,0.40012763241863436,0.24058710912571793,0.4977664326738992,0.1021059349074665,3,MLB_2025_ATL,MLB_ATL
MLB,2025,AZ,3,2,0.26213689767066145,3,0.7540192926045016,0.9604095563139932,0.9321329639889196,0.9604095563139932,0.7540192926045016,0.0,0.1795284030010718,0.06645230439442658,3,MLB_2025_AZ,MLB_AZ
MLB,2025,BAL,3,2,0.16444595006763205,1,0.18466353677621283,0.08183079056865465,0.08498583569405099,0.6081830790568654,0.5393603936039361,0.006259780907668232,0.809076682316119,0.006259780907668232,1,MLB_2025_BAL,MLB_BAL
MLB,2025,BOS,3,3,1.103467827905368,3,0.4120287253141831,0.3124574540503744,0.4013793103448276,0.3124574540503744,0.4120287253141831,0.04129263913824058,0.46409335727109513,0.12387791741472172,3,MLB_2025_BOS,MLB_BOS
MLB,2025,CHC,3,1,-0.39072593584510074,3,0.4438916528468767,0.5484972677595629,0.8093922651933702,0.5484972677595629,0.4438916528468767,0.0978441127694859,0.47374239911553345,0.08236594803758983,3,MLB_2025_CHC,MLB_CHC
MLB,2025,CIN,3,2,0.621336607321761,3,0.37293916998294485,0.4606741573033708,0.0,0.4606741573033708,0.37293916998294485,0.19727117680500283,0.6031836270608301,0.023877202956225127,3,MLB_2025_CIN,MLB_CIN
MLB,2025,CLE,3,2,0.11233888410209114,2,0.5638536221060493,0.5328158080451658,0.10714285714285714,0.5695130557515878,0.4345718901453958,0.0,0.4361463778939507,0.0,2,MLB_2025_CLE,MLB_CLE
MLB,2025,COL,3,1,-0.26312419713140717,2,0.4146341463414634,0.2901849217638691,0.13973799126637554,0.44096728307254623,0.4305555555555556,0.13109756097560976,0.4806910569105691,0.10467479674796748,2,MLB_2025_COL,MLB_COL
MLB,2025,CWS,3,1,0.17287121632637173,2,0.5285868392664509,0.3485064011379801,0.2072463768115942,0.38264580369843526,0.39070442992011617,0.20604099244875945,0.36893203883495146,0.10248112189859762,2,MLB_2025_CWS,MLB_CWS
MLB,2025,DET,3,1,-0.13004784105791076,2,0.48881789137380194,0.42411642411642414,0.729312762973352,0.4407484407484408,0.3350895679662803,0.19808306709265175,0.5079872204472844,0.003194888178913738,2,MLB_2025_DET,MLB_DET
MLB,2025,HOU,3,3,0.4640140406463938,3,0.6367064739157763,0.7074022346368715,0.5289139633286318,0.7074022346368715,0.6367064739157763,0.03834066624764299,0.3406662476429918,0.02262727844123193,3,MLB_2025_HOU,MLB_HOU
MLB,2025,KC,3,2,0.10280358465676857,3,0.3931965982991496,0.5558698727015559,0.9886039886039886,0.5558698727015559,0.3931965982991496,0.17708854427213608,0.5662831415707854,0.04052026013006503,3,MLB_2025_KC,MLB_KC
MLB,2025,LAA,3,1,-0.7719470349923568,3,0.43937644341801385,0.5397163120567375,0.1994261119081779,0.5397163120567375,0.43937644341801385,0.23729792147806006,0.5473441108545035,0.013279445727482679,3,MLB_2025_LAA,MLB_LAA
MLB,2025,LAD,3,2,0.431302483192455,3,0.42395005675368896,0.5054127198917456,0.1012311901504788,0.5054127198917456,0.42395005675368896,0.20601589103291715,0.5448354143019296,0.031214528944381384,3,MLB_2025_LAD,MLB_LAD
MLB,2025,MIA,3,2,1.3939424888261636,3,0.4909217877094972,0.4795361527967258,0.16551724137931034,0.4795361527967258,0.4909217877094972,0.1389664804469274,0.3372905027932961,0.1717877094972067,3,MLB_2025_MIA,MLB_MIA
MLB,2025,MIL,3,3,1.1546246226897956,3,0.2744755244755245,0.31953867028493893,0.18442622950819673,0.31953867028493893,0.2744755244755245,0.14743589743589744,0.46853146853146854,0.256993006993007,3,MLB_2025_MIL,MLB_MIL
MLB,2025,MIN,3,1,-0.8360316478653043,2,0.6465781409601634,0.4432773109243697,0.2967651195499297,0.5154061624649859,0.5419734904270986,0.03472931562819203,0.25025536261491316,0.10316649642492338,2,MLB_2025_MIN,MLB_MIN
MLB,2025,NYM,3,2,-0.0857298837876056,3,0.5409914204003813,0.7800687285223368,0.7475862068965518,0.7800687285223368,0.5409914204003813,0.16682554814108674,0.45853193517635843,0.00047664442326024784,3,MLB_2025_NYM,MLB_NYM
MLB,2025,NYY,3,1,-0.2815642168824348,3,0.6274285714285714,0.7418918918918919,0.8191780821917808,0.7418918918918919,0.6274285714285714,0.03142857142857143,0.2725714285714286,0.1,3,MLB_2025_NYY,MLB_NYY
MLB,2025,PHI,3,1,-0.13219575777303713,3,0.62088772845953,0.8061016949152542,0.966804979253112,0.8061016949152542,0.62088772845953,0.08093994778067885,0.3785900783289817,0.0005221932114882506,3,MLB_2025_PHI,MLB_PHI
MLB,2025,PIT,3,3,1.1725865064139667,3,0.2962962962962963,0.2859145059565522,0.39290780141843973,0.2859145059565522,0.2962962962962963,0.1728395061728395,0.5802469135802469,0.12345679012345678,3,MLB_2025_PIT,MLB_PIT
MLB,2025,SD,3,3,1.0739981406186174,3,0.3780554046713743,0.48166089965397924,0.04809052333804809,0.48166089965397924,0.3780554046713743,0.015752308527973928,0.37316675719717546,0.2487778381314503,3,MLB_2025_SD,MLB_SD
MLB,2025,SEA,3,0,-1.296390768348166,3,0.4011566771819138,0.5218878248974008,0.96,0.5218878248974008,0.4011566771819138,0.0946372239747634,0.5189274447949527,0.07991587802313355,3,MLB_2025_SEA,MLB_SEA
MLB,2025,SF,3,0,-0.33680712647662864,3,0.3476884103863205,0.38231197771587744,0.7690140845070422,0.38231197771587744,0.3476884103863205,0.26599113362887905,0.5921469284357188,0.06016466117796074,3,MLB_2025_SF,MLB_SF
MLB,2025,STL,3,3,0.7067974634075741,3,0.2618254497001999,0.2731063238359972,0.5574468085106383,0.2731063238359972,0.2618254497001999,0.2418387741505663,0.664890073284477,0.07328447701532312,3,MLB_2025_STL,MLB_STL
MLB,2025,TB,3,2,0.26899031761067976,2,0.4938154138915319,0.3619246861924686,0.3342776203966006,0.396792189679219,0.3358913813459268,0.24928639391056137,0.4928639391056137,0.013320647002854425,2,MLB_2025_TB,MLB_TB
MLB,2025,TEX,3,3,0.7335066400374233,3,0.6763378465506125,0.7315202231520224,0.8683473389355743,0.7315202231520224,0.6763378465506125,0.0051579626047711154,0.2076079948420374,0.11605415860735009,3,MLB_2025_TEX,MLB_TEX
MLB,2025,TOR,3,3,1.114542149932979,3,0.531672983216026,0.6689373297002725,0.6038781163434903,0.6689373297002725,0.531672983216026,0.1797509474824039,0.449918787222523,0.018408229561451002,3,MLB_2025_TOR,MLB_TOR
MLB,2025,WSH,3,1,-0.050179537607294634,3,0.3825806451612903,0.4164325842696629,0.5849858356940509,0.4164325842696629,0.3825806451612903,0.1393548387096774,0.38838709677419353,0.22903225806451613,3,MLB_2025_WSH,MLB_WSH
