kbin,indicator,small_bin,n_kbo,n_mlb,kbo,kbo_lo,kbo_hi,mlb,mlb_lo,mlb_hi,diff,diff_lo,diff_hi,p_diff,p_tost,equivalent,variant
K≤1,a_S_top_share,False,19,69,0.2183456127504914,0.1411139628019696,0.31206236926589237,0.4144670513491301,0.3668264691253695,0.46410666281427015,-0.19612143859863868,-0.2880392683434445,-0.0919127751721912,0.0006,0.9710601562038215,False,primary
K≤1,b_S_share_of_top,False,19,72,0.2170512840110831,0.15009768142736032,0.28756082560958063,0.38514249685971735,0.3320467045974935,0.43619975501738517,-0.16809121284863426,-0.25320075249863,-0.08081277704433011,0.0,0.9391411530521259,False,primary
K≤1,c_S_share_of_2,False,19,72,0.2097558004556676,0.13106763489025508,0.3055613147166924,0.44480270379072695,0.3730348199615914,0.5162275739070726,-0.23504690333505934,-0.3414448293612069,-0.11551792035624922,0.0,0.9901327451864456,False,primary
K≤1,top3_share_of_top,False,19,72,0.2339267094584161,0.16293652921816845,0.3094540880857752,0.4233995258538857,0.377812110198736,0.47031075330080824,-0.1894728163954696,-0.2745113960372256,-0.09917987500062056,0.0,0.9772204505587826,False,primary
K≥2,a_S_top_share,False,31,78,0.2879160640354087,0.22492811359186043,0.35285637306321405,0.4264605788041663,0.38822082458206747,0.46659385990562274,-0.13854451476875762,-0.21186880763927726,-0.06253211827230161,0.0006,0.8450832795189399,False,primary
K≥2,b_S_share_of_top,False,31,78,0.3249702996855986,0.25231227709642023,0.39952971725873865,0.44217513965761485,0.39832346798629154,0.4855331020265272,-0.11720483997201625,-0.20263658808225757,-0.031122468117292804,0.0062,0.6535258047051757,False,primary
K≥2,c_S_share_of_2,False,31,78,0.30212517448832543,0.21783920193082817,0.3891310517799178,0.44948051416351675,0.3859350603806455,0.5148435529736123,-0.14735533967519132,-0.25414833409809096,-0.0394926726733923,0.008,0.8054444452137364,False,primary
K≥2,top3_share_of_top,False,31,78,0.3264866934214244,0.25508890935717227,0.4030007513980479,0.45416666839113373,0.4108509933705047,0.4985138859649433,-0.12767997496970934,-0.21311458674360179,-0.04130261601872935,0.0056,0.7358046807540519,False,primary
전체,a_S_top_share,False,50,147,0.26147929254714014,0.21137624868144952,0.31534415886855266,0.4208309638762922,0.39029184419412905,0.45189890888120454,-0.15935167132915207,-0.21862327412133797,-0.09745512196794617,0.0,0.9720344275978487,False,primary
전체,b_S_share_of_top,False,50,150,0.28396107372928264,0.2297039418585013,0.33948149136955225,0.41479947111462406,0.3813874750160538,0.44850723869188286,-0.13083839738534142,-0.1941581494204171,-0.0652286907059168,0.0,0.8247456072619823,False,primary
전체,c_S_share_of_2,False,50,150,0.26702481235591546,0.2050743352385342,0.3346169994367606,0.4472351651845777,0.3989095872764549,0.49555568146626733,-0.1802103528286622,-0.2584787885105639,-0.0973789134532703,0.0002,0.9735511245750367,False,primary
전체,top3_share_of_top,False,50,150,0.2913138995154812,0.23828366034892082,0.34763013640251367,0.43939843997325473,0.4084604544309434,0.472144935101679,-0.14808454045777353,-0.20989942976482992,-0.08279019084152921,0.0,0.9311242742020995,False,primary
K≤1,a_S_top_share,False,16,67,0.23509920961067965,0.12470223618099455,0.35799275917045803,0.47404554422435685,0.40340074064129905,0.5431834662825301,-0.2389463346136772,-0.37220214608054736,-0.09544371473774393,0.0014,0.9767666147779253,False,obp_pool_top33
K≤1,b_S_share_of_top,False,19,72,0.1368819771823974,0.0683374910130956,0.21299938251842035,0.2985191064626723,0.24635477851088605,0.3538876099938884,-0.16163712928027493,-0.24967188000553753,-0.06951731556596101,0.0006,0.909706024465517,False,obp_pool_top33
K≤1,c_S_share_of_2,False,19,72,0.09407849417206707,0.0476477231959625,0.1453469190797464,0.33744643546519826,0.26634287937267986,0.4121393355223221,-0.2433679412931312,-0.33313643277956995,-0.15370892890773474,0.0,0.9992232993705289,False,obp_pool_top33
K≤1,top3_share_of_top,False,19,72,0.2339267094584161,0.16187775724161635,0.3093090520230453,0.4233995258538857,0.37617979142570895,0.4693475919416703,-0.1894728163954696,-0.2769181825866893,-0.10268097264078557,0.0,0.9778583836687242,False,obp_pool_top33
K≥2,a_S_top_share,False,30,77,0.3125024853970331,0.23967965473039998,0.38905153086655364,0.4468895112854566,0.39994494858962165,0.49445250376118416,-0.1343870258884235,-0.22193711820081113,-0.046193129611716836,0.0024,0.7763771980835542,False,obp_pool_top33
K≥2,b_S_share_of_top,False,31,78,0.2800188723762299,0.21340034724393384,0.3478988325241757,0.3826455888061221,0.3368273349737579,0.42996178323216094,-0.10262671642989218,-0.18512419366505334,-0.018651279980733883,0.0202,0.5246975415758472,False,obp_pool_top33
K≥2,c_S_share_of_2,False,31,78,0.2538767679383448,0.17126997799471746,0.3410239418093787,0.4064099980919688,0.3418899894633635,0.4717072614069554,-0.15253323015362402,-0.25694523978202255,-0.04303493621406551,0.0054,0.8319661275817725,False,obp_pool_top33
K≥2,top3_share_of_top,False,31,78,0.3264866934214244,0.2545892465041069,0.40337821407266794,0.45416666839113373,0.4113871234557082,0.4983551699204803,-0.12767997496970934,-0.21348466320636167,-0.03832125940811245,0.007,0.7345819375350441,False,obp_pool_top33
전체,a_S_top_share,False,46,144,0.2855796068626493,0.22226338321255337,0.3518408046126679,0.4595246099445283,0.41852034355277085,0.5008509056880383,-0.173945003081879,-0.24956469706278644,-0.09523104618860898,0.0,0.9703483666631568,False,obp_pool_top33
전체,b_S_share_of_top,False,50,150,0.22562685220257353,0.17331155529579967,0.28163108228708433,0.34226487728126626,0.30609807514544835,0.37835669438396285,-0.11663802507869273,-0.18068580852042065,-0.05101935091697408,0.0004,0.6931042433043608,False,obp_pool_top33
전체,c_S_share_of_2,False,50,150,0.19315342390715926,0.13562521674669056,0.2559183126242637,0.3733074880311189,0.32569664847309737,0.4224694973283739,-0.18015406412395965,-0.2557748789886917,-0.1008409620212475,0.0002,0.9793972143564855,False,obp_pool_top33
전체,top3_share_of_top,False,50,150,0.2913138995154812,0.23785139081062318,0.34796050859705213,0.43939843997325473,0.40787675816787416,0.47178094606419846,-0.14808454045777353,-0.2114549872279647,-0.08337224085975291,0.0,0.9305241365598789,False,obp_pool_top33
