league,year,team,games,box_players,season_file_players,season_file_pa_ge300,box_pa_covered_share
KBO,2021,KIA,144,32,5,5,0.488020641356432
KBO,2021,KT,144,38,6,6,0.5644362969752521
KBO,2021,LG,144,42,5,5,0.45263946087607637
KBO,2021,NC,144,50,4,4,0.4038353073886069
KBO,2021,SSG,144,39,6,6,0.5442557803468208
KBO,2021,두산,144,41,5,5,0.4950549450549451
KBO,2021,롯데,144,37,7,7,0.6617752326413744
KBO,2021,삼성,144,33,7,7,0.6673480765656941
KBO,2021,키움,144,46,5,5,0.47577253611263487
KBO,2021,한화,144,45,4,4,0.390372320421211
KBO,2022,KIA,144,29,8,8,0.7551425478166727
KBO,2022,KT,144,38,5,5,0.4750139327512539
KBO,2022,LG,144,41,7,7,0.6739130434782609
KBO,2022,NC,144,35,6,6,0.5518518518518518
KBO,2022,SSG,144,35,5,5,0.4893970127235847
KBO,2022,두산,144,43,6,6,0.5381014791237596
KBO,2022,롯데,144,31,4,4,0.39534016775396086
KBO,2022,삼성,144,38,2,2,0.20899616017553482
KBO,2022,키움,144,34,5,5,0.5009124087591241
KBO,2022,한화,144,34,5,5,0.49153488372093024
KBO,2023,KIA,144,32,4,4,0.37477081041437477
KBO,2023,KT,144,39,6,6,0.518464617063853
KBO,2023,LG,144,33,8,8,0.7774524158125915
KBO,2023,NC,144,33,5,5,0.4725315515961396
KBO,2023,SSG,144,37,6,6,0.5464088397790056
KBO,2023,두산,144,38,7,7,0.6465324384787472
KBO,2023,롯데,144,32,3,3,0.2688670498794734
KBO,2023,삼성,144,40,6,6,0.5213928505278755
KBO,2023,키움,144,47,1,1,0.11053011179228273
KBO,2023,한화,144,38,4,4,0.3808123506708326
KBO,2024,KIA,144,34,7,7,0.6416062267822396
KBO,2024,KT,144,43,5,5,0.4826610049539986
KBO,2024,LG,144,43,7,7,0.6908762420957543
KBO,2024,NC,144,32,6,6,0.5208257877580587
KBO,2024,SSG,144,34,5,5,0.4913178577956498
KBO,2024,두산,144,48,6,6,0.5790337283500456
KBO,2024,롯데,144,38,6,6,0.5604925053533191
KBO,2024,삼성,144,40,5,5,0.44442426443879407
KBO,2024,키움,144,47,4,4,0.3991283820591974
KBO,2024,한화,144,30,5,5,0.46413730803974707
KBO,2025,KIA,144,41,4,4,0.37678244972577696
KBO,2025,KT,144,41,3,3,0.2587037037037037
KBO,2025,LG,144,37,8,8,0.7532138330617418
KBO,2025,NC,144,41,5,5,0.4037593984962406
KBO,2025,SSG,144,43,4,4,0.3880402384500745
KBO,2025,두산,144,46,3,3,0.29662423907028224
KBO,2025,롯데,144,39,3,3,0.29411764705882354
KBO,2025,삼성,144,39,7,7,0.66575141863445
KBO,2025,키움,144,44,3,3,0.3046148120580573
KBO,2025,한화,144,35,3,3,0.31626336522228476
MLB,2021,ATL,161,56,50,6,0.996447902571042
MLB,2021,BOS,160,43,43,8,1.0
MLB,2021,CHC,161,67,50,10,0.9949826989619377
MLB,2021,HOU,162,42,42,11,1.0
MLB,2021,LAD,160,61,50,9,0.9903268845897265
MLB,2021,NYY,161,47,47,8,1.0
MLB,2021,SEA,162,50,50,8,1.0
MLB,2021,SF,162,54,50,10,0.9927440633245382
MLB,2021,STL,161,51,50,9,1.0
MLB,2021,TOR,161,46,47,7,1.0
MLB,2022,ATL,162,25,25,9,1.0
MLB,2022,BOS,160,26,26,9,1.0
MLB,2022,CHC,161,29,29,7,1.0
MLB,2022,HOU,162,23,23,9,1.0
MLB,2022,LAD,162,29,29,9,1.0
MLB,2022,NYY,160,24,24,9,1.0
MLB,2022,SEA,162,37,37,8,1.0
MLB,2022,SF,162,38,38,8,1.0
MLB,2022,STL,162,24,24,9,1.0
MLB,2022,TOR,161,20,21,10,1.0
MLB,2023,ATL,161,23,23,9,1.0
MLB,2023,BOS,161,31,31,9,1.0
MLB,2023,CHC,162,31,31,9,1.0
MLB,2023,HOU,162,26,26,12,1.0
MLB,2023,LAD,162,30,30,11,1.0
MLB,2023,NYY,162,24,24,9,1.0
MLB,2023,SEA,162,30,30,7,1.0
MLB,2023,SF,162,37,37,10,1.0
MLB,2023,STL,162,30,30,10,1.0
MLB,2023,TOR,162,24,24,11,1.0
MLB,2024,ATL,161,27,27,9,1.0
MLB,2024,BOS,162,33,33,9,1.0
MLB,2024,CHC,162,26,25,9,0.9316853181894104
MLB,2024,HOU,161,27,27,9,1.0
MLB,2024,LAD,162,22,22,9,1.0
MLB,2024,NYY,161,23,23,9,1.0
MLB,2024,SEA,162,29,29,10,1.0
MLB,2024,SF,162,30,29,8,0.9353158602150538
MLB,2024,STL,162,26,26,9,1.0
MLB,2024,TOR,161,27,26,9,0.9622033898305085
MLB,2025,ATL,162,27,27,10,1.0
MLB,2025,BOS,162,26,25,8,0.9460526315789474
MLB,2025,CHC,162,22,22,9,1.0
MLB,2025,HOU,161,32,32,9,1.0
MLB,2025,LAD,162,27,27,10,1.0
MLB,2025,NYY,161,22,22,9,1.0
MLB,2025,SEA,162,28,27,5,0.9700628514720476
MLB,2025,SF,161,28,27,8,0.9382841641234316
MLB,2025,STL,162,25,24,11,1.0
MLB,2025,TOR,161,27,27,8,1.0
