year,team,away,home,pf_raw,pf_half
2020,KIA,10.0,11.097222222222221,1.109722222222222,1.054861111111111
2020,KT,10.305555555555555,10.916666666666666,1.059299191374663,1.0296495956873315
2020,LG,11.458333333333334,9.319444444444445,0.8133333333333334,0.9066666666666667
2020,NC,10.23611111111111,12.01388888888889,1.1736770691994574,1.0868385345997287
2020,SSG,10.041666666666666,10.51388888888889,1.0470262793914247,1.0235131396957122
2020,두산,12.01388888888889,8.972222222222221,0.7468208092485549,0.8734104046242774
2020,롯데,9.597222222222221,10.819444444444445,1.1273516642547035,1.0636758321273518
2020,삼성,9.222222222222221,10.833333333333334,1.174698795180723,1.0873493975903616
2020,키움,10.805555555555555,9.347222222222221,0.865038560411311,0.9325192802056554
2020,한화,9.597222222222221,9.444444444444445,0.9840810419681622,0.992040520984081
2021,KIA,9.347222222222221,8.98611111111111,0.9613670133729569,0.9806835066864785
2021,KT,8.583333333333334,9.51388888888889,1.1084142394822005,1.0542071197411003
2021,LG,9.0,7.875,0.875,0.9375
2021,NC,9.291666666666666,10.13888888888889,1.0911808669656204,1.0455904334828103
2021,SSG,10.291666666666666,10.48611111111111,1.01889338731444,1.00944669365722
2021,두산,10.319444444444445,9.041666666666666,0.8761776581426648,0.9380888290713324
2021,롯데,10.0,11.319444444444445,1.1319444444444444,1.0659722222222223
2021,삼성,9.63888888888889,9.38888888888889,0.9740634005763689,0.9870317002881844
2021,키움,9.555555555555555,10.194444444444445,1.0668604651162792,1.0334302325581395
2021,한화,9.75,8.833333333333334,0.9059829059829061,0.952991452991453
2022,KIA,9.847222222222221,9.583333333333334,0.9732016925246828,0.9866008462623415
2022,KT,8.055555555555555,8.51388888888889,1.056896551724138,1.028448275862069
2022,LG,9.0,8.166666666666666,0.9074074074074073,0.9537037037037037
2022,NC,9.277777777777779,8.61111111111111,0.9281437125748502,0.9640718562874251
2022,SSG,8.666666666666666,9.972222222222221,1.1506410256410255,1.0753205128205128
2022,두산,10.0,8.875,0.8875,0.94375
2022,롯데,8.625,9.666666666666666,1.1207729468599033,1.0603864734299515
2022,삼성,8.694444444444445,10.166666666666666,1.169329073482428,1.084664536741214
2022,키움,9.319444444444445,7.777777777777778,0.834575260804769,0.9172876304023845
2022,한화,9.11111111111111,9.26388888888889,1.016768292682927,1.0083841463414633
2023,KIA,9.986301369863014,9.112676056338028,0.912517629784192,0.9562588148920961
2023,KT,8.366197183098592,9.506849315068493,1.136340574696739,1.0681702873483694
2023,LG,10.26027397260274,8.845070422535212,0.8620696139453544,0.9310348069726773
2023,NC,8.849315068493151,9.154929577464788,1.0345353856887454,1.0172676928443727
2023,SSG,9.591549295774648,9.246575342465754,0.9640335525918774,0.9820167762959386
2023,두산,8.746478873239436,8.547945205479452,0.9773013036860566,0.9886506518430282
2023,롯데,8.929577464788732,9.301369863013699,1.0416360572144678,1.020818028607234
2023,삼성,9.082191780821917,9.873239436619718,1.0870987614980987,1.0435493807490492
2023,키움,9.123287671232877,9.169014084507042,1.005012054307829,1.0025060271539146
2023,한화,9.0,9.219178082191782,1.0243531202435312,1.0121765601217656
2024,KIA,11.070422535211268,11.383561643835616,1.028286102687441,1.0141430513437206
2024,KT,10.931506849315069,10.887323943661972,0.9959582053725864,0.9979791026862932
2024,LG,10.774647887323944,10.561643835616438,0.9802309965081923,0.9901154982540962
2024,NC,11.492957746478874,10.383561643835616,0.9034716626376578,0.9517358313188289
2024,SSG,10.054794520547945,11.774647887323944,1.1710480868864412,1.0855240434432205
2024,두산,11.205479452054794,10.126760563380282,0.9037329109129103,0.9518664554564551
2024,롯데,10.356164383561644,11.788732394366198,1.1383299798792756,1.0691649899396378
2024,삼성,9.746478873239436,10.917808219178083,1.1201797450312774,1.0600898725156387
2024,키움,11.169014084507042,9.246575342465754,0.8278774896785227,0.9139387448392613
2024,한화,10.712328767123287,10.464788732394366,0.9768920427938476,0.9884460213969237
2025,KIA,10.123287671232877,9.338028169014084,0.9224303874668851,0.9612151937334426
2025,KT,8.71830985915493,9.397260273972602,1.0778763803748865,1.0389381901874433
2025,LG,9.89041095890411,9.154929577464788,0.9256369240372986,0.9628184620186493
2025,NC,9.794520547945206,11.028169014084508,1.1259529203191174,1.0629764601595588
2025,SSG,8.126760563380282,8.32876712328767,1.0248569597113077,1.0124284798556538
2025,두산,9.943661971830986,8.58904109589041,0.863770421824673,0.9318852109123366
2025,롯데,9.225352112676056,10.547945205479452,1.1433650528076964,1.071682526403848
2025,삼성,9.0,10.774647887323944,1.1971830985915493,1.0985915492957745
2025,키움,11.397260273972602,8.577464788732394,0.752590059588299,0.8762950297941495
2025,한화,8.32394366197183,8.931506849315069,1.072989824537005,1.0364949122685025
