col,kbo,n_kbo,kbo_ts_lo,kbo_ts_hi,kbo_cl_lo,kbo_cl_hi,mlb,n_mlb,mlb_ts_lo,mlb_ts_hi,mlb_cl_lo,mlb_cl_hi,diff,diff_ts_lo,diff_ts_hi,diff_cl_lo,diff_cl_hi,wild_p,part,group
s1,0.1410788742710196,50,0.09942941320626833,0.18762537418737596,0.10785902458059611,0.17664195409953248,0.19832601148213141,147,0.17044728742710435,0.22730061440175073,0.16775842068172953,0.22924718494782761,-0.057247137211111826,-0.10901147517716303,-0.003602695828623629,-0.10314682174561937,-0.009838731207714354,0.0317,a,S
s2,0.12040041827612058,50,0.09301530093193801,0.15009450434961363,0.08908213288470859,0.15315369625885855,0.22250495239416077,147,0.19940538998230328,0.24598574440354148,0.19392582855868012,0.24964964287059746,-0.10210453411804019,-0.1380790757018247,-0.06456868113543075,-0.14495039515158492,-0.05874263528015569,0.0003,a,S
s3,0.27930793096963763,50,0.2471135488162188,0.3105046637744591,0.25300667144411393,0.30602077610382783,0.23775111966548218,147,0.21681087808517205,0.2585587906834708,0.2139822868813156,0.26313573416090463,0.04155681130415545,0.003858429266859242,0.07909248461066126,0.005433541757013671,0.07713356764217742,0.0429,a,S
s4,0.2484443601996947,50,0.21344591122935652,0.28402199893568436,0.21057986938012188,0.2820025029233196,0.15643430071670947,147,0.13911411286787606,0.173890860211666,0.13736735347635276,0.1766149860781538,0.09201005948298524,0.05269820263695925,0.13203329411614403,0.04960920909323783,0.13097645199817362,0.0028,a,S
s5,0.11604404409678745,50,0.09245651211430306,0.1411862675241948,0.08265508385301011,0.15425427927959312,0.08275868976922865,147,0.07298426180756548,0.09291261577454706,0.07300869358285234,0.09274700518531818,0.0332853543275588,0.008154552287120927,0.06037328818466749,-0.0014869881783526196,0.07202982207321963,0.1379,a,S
s6,0.05514405345624602,50,0.041997656865070655,0.06918637036845975,0.037126564206949104,0.0732457702017548,0.04531600420129662,147,0.0382422360466499,0.05270677256030738,0.03847840439691493,0.05220819874274064,0.0098280492549494,-0.005379879039955885,0.02545793329387698,-0.009469909795000146,0.02905339685601823,0.3523,a,S
s7,0.01801037020029399,50,0.013068323497054739,0.023530593511421692,0.011463560529635736,0.024920474972579734,0.02803763974354857,147,0.023069867612335013,0.03330468317492991,0.02314909327181437,0.03295075064405807,-0.010027269543254579,-0.017346290858497822,-0.0025341073182171534,-0.01802628547535027,-0.0015447258844201635,0.036,a,S
s8,0.013404220273662922,50,0.0064673858074051835,0.02316845899141193,0.005431634246088471,0.02599894364830619,0.015326245951626787,147,0.011935553750714183,0.019059436366636373,0.012022479043932284,0.01889764375597548,-0.0019220256779638647,-0.009978414456817438,0.008380047175828678,-0.011100279590987113,0.01138403568296807,0.8449,a,S
s9,0.008165728256537073,50,0.004393389317301492,0.013057352868173725,0.00472576522007024,0.012077515777874208,0.0135450360758156,147,0.009139144814561198,0.01903763311474321,0.009164698404741265,0.018757967410254265,-0.005379307819278527,-0.01211323011048277,0.0012189060417498055,-0.011580491649182664,0.0005267197352639672,0.1008,a,S
s1_2,0.2614792925471402,50,0.2098273178962779,0.3168097346778774,0.21356849241210749,0.3165837777447988,0.4208309638762922,147,0.39002960912000895,0.4516256923090269,0.3891836823075416,0.45378153616625927,-0.159351671329152,-0.21880918048103798,-0.09650685589307725,-0.21825962304732907,-0.09649522340563937,0.0008,a,S
s3_5,0.6437963352661197,50,0.5926154332562894,0.6928264134678257,0.59327856542478,0.6931101725551372,0.47694411015142013,147,0.44628755815110904,0.5071261571073882,0.4469629324834669,0.5074061235517818,0.16685222511469955,0.10675814144089749,0.2262747148685501,0.10820908722443232,0.2252813518578099,0.0002,a,S
s6_9,0.09472437218673999,50,0.07420856102329697,0.11706320479324292,0.06764320870656874,0.12145285248513545,0.10222492597228755,147,0.08652022490440126,0.11780021249470424,0.08725726277618016,0.11713096949205722,-0.007500553785547565,-0.03357269447648671,0.019816732903004043,-0.03836572772802206,0.023508945036875964,0.6547,a,S
s1,0.1307645799237197,50,0.09268486311519199,0.1714120490581924,0.10558187398316331,0.15654998384901786,0.1785193520917853,150,0.15705026109672685,0.200524604468436,0.15415878922526846,0.20382723381077625,-0.04775477216806559,-0.09159822159294968,-0.0021723513807762494,-0.08402435253282854,-0.011977567552966507,0.0232,a,top3
s2,0.11809455077478927,50,0.0921139506207564,0.14594104468366526,0.0880554672323263,0.14997333445235458,0.2144950490751548,150,0.1948726634685178,0.23452002824856988,0.19086887959436094,0.2370368968554442,-0.09640049830036553,-0.1292401267439716,-0.06268950764816177,-0.13425585465065376,-0.05659759232442532,0.0003,a,top3
s3,0.2797492710357574,50,0.25232616604345753,0.3052336751342528,0.25586954414934004,0.3027449834354466,0.23585028693620189,150,0.21830546996052028,0.2531776518190036,0.21604130693353849,0.25610329917377955,0.04389898409955553,0.011335356477310933,0.07499683811506845,0.013287558964801018,0.07455680991351302,0.0154,a,top3
s4,0.2504654100101718,50,0.2179609383613825,0.28253715018734826,0.22407084596605112,0.27459338852006815,0.1687893345688444,150,0.15267666254333417,0.1850839110585665,0.14995750547040734,0.1885508406857237,0.0816760754413274,0.045979315115354864,0.11758355339235842,0.048914210142843265,0.11277399887924844,0.0003,a,top3
s5,0.11975326631019774,50,0.09712725737569874,0.14341245101625302,0.09188850628248545,0.15076228453759702,0.08872398368650747,150,0.07921718717533412,0.09816015671716632,0.07954190171173749,0.09831300644617258,0.03102928262369027,0.006301011989809122,0.056850910432352006,0.0013308658288111992,0.0636077983414194,0.1036,a,top3
s6,0.0573107755273703,50,0.044569728713156766,0.07086032952322421,0.04036867194348831,0.07372059550133035,0.051223306844999025,150,0.044102846988318734,0.05880858949043204,0.04386322244459067,0.05884093144262678,0.006087468682371276,-0.008696685458570996,0.021517608164013553,-0.012606844162666567,0.024425078782269953,0.5377,a,top3
s7,0.019362714403094703,50,0.014440176768835904,0.02491854624430002,0.01325503689309564,0.025484259022915724,0.031775446808603905,150,0.026572887428140506,0.037227898536107425,0.026546832647538047,0.037037470279227123,-0.012412732405509202,-0.019489104906327128,-0.004925690914342934,-0.020582139538409327,-0.004398656849993387,0.0102,a,top3
s8,0.016176136633723207,50,0.008270509206667278,0.026498600317052885,0.00611217498511413,0.02944723469308833,0.017178651236690042,150,0.013590976247759384,0.020989416735708213,0.013690926884020767,0.02079289513007299,-0.0010025146029668357,-0.009968872911509453,0.009923290362128032,-0.011748225119071773,0.012871319668657597,0.9031,a,top3
s9,0.008323295381175882,50,0.004556694237440786,0.013074389053125308,0.004766148629733395,0.012405931280267013,0.01344458875121316,150,0.009673950549333937,0.01780613923731483,0.009844017421529072,0.017457403779924465,-0.005121293370037278,-0.010922462405215433,0.0010178123337522302,-0.010346262685107084,0.0002468957246690313,0.0826,a,top3
s1_2,0.24885913069850896,50,0.2040525291371432,0.29602371160261925,0.210927002328259,0.28128901349167285,0.39301440116694003,150,0.36699611911761043,0.4188739510770285,0.3638550038612937,0.42180090733500547,-0.14415527046843107,-0.19619364921977187,-0.09120845722402937,-0.19140544836488915,-0.09998192417585787,0.0001,a,top3
s3_5,0.6499679473561268,50,0.6018496318443006,0.6948549795626652,0.6106074709207334,0.6925117958232391,0.4933636051915537,150,0.4665681984788321,0.5203442804023227,0.46684727969210615,0.5206658122335366,0.15660434216457314,0.10353566186463112,0.20846024192134002,0.10795209362281043,0.20566260408299455,0.0,a,top3
s6_9,0.10117292194536409,50,0.08104374941380492,0.123792380911467,0.0748219175497724,0.12649436636284317,0.11362199364150614,150,0.09787011536165667,0.12963094111733575,0.098312900364135,0.12879509399218841,-0.012449071696142053,-0.03844710909759332,0.015596563835149365,-0.042453755209552045,0.016741612266028147,0.4652,a,top3
s1,0.09873319144437,50,0.04010495520589525,0.16971012558660065,0.03295704477476687,0.17928545997715523,0.16458423884275766,150,0.11800759095164384,0.21397859992750845,0.10913925595938861,0.2241435194040399,-0.06585104739838767,-0.14415554488200988,0.01831677249246907,-0.1571556176633827,0.03254797236299839,0.2042,b,rank1
s2,0.08075057666604195,50,0.0389209496211709,0.13237324261063094,0.042533438947704,0.12508784700738107,0.2661322125897893,150,0.21777399849301884,0.31575545152467965,0.20436843559087814,0.3308509426325647,-0.18538163592374735,-0.25114680498151093,-0.11491499152627811,-0.2607184506673903,-0.1098501960675785,0.0003,b,rank1
s3,0.4209792609820915,50,0.3242559839705972,0.5216160070791027,0.31566634513871045,0.5267474981973219,0.2663812254868914,150,0.21974631079628051,0.3148014232572747,0.21310573743988356,0.3240984980392844,0.15459803549520007,0.04688340895989288,0.26481904282511076,0.034802913221336974,0.2734387707950235,0.0336,b,rank1
s4,0.31691643894441796,50,0.2221953376403247,0.4158010946178024,0.2099591976352774,0.43714369859044905,0.14162104578584137,150,0.11059886854123134,0.17442694383324903,0.11002376137038485,0.17511830115315685,0.1752953931585766,0.07572526606063058,0.2790259966067612,0.061973084198529885,0.30069845124526723,0.0109,b,rank1
s5,0.040996094421410806,50,0.02145762377569876,0.06504153570560979,0.017545913638321742,0.06953844684542716,0.067713803780735,150,0.051106708581906565,0.08656122561988955,0.04750030645873645,0.09056950232052638,-0.026717709359324188,-0.05416451619845715,0.0024257414309079668,-0.060126184943780844,0.008425485928145003,0.1597,b,rank1
s6,0.02869448693346888,50,0.010315501400873688,0.05298077683868652,0.011627949927081646,0.05098182034597047,0.044097936624116575,150,0.030310863753160732,0.05922563849572956,0.030396995054238186,0.05943651586182517,-0.015403449690647695,-0.03915733996035268,0.012897375094829015,-0.0383786643656625,0.010406744957365682,0.2625,b,rank1
s7,0.00687267470821771,50,0.0020130433279996877,0.013608255421605474,0.002156022761504355,0.012872681808457654,0.024665630042966586,150,0.015977902529440247,0.03458173248881263,0.016799451955325763,0.033208216950808285,-0.017792955334748877,-0.029009261389710644,-0.006783758701313639,-0.027608415265923697,-0.008069431787294886,0.0036,b,rank1
s8,0.004008811229693657,50,0.0015093101989527963,0.007540096661294151,0.001480208828881861,0.007536815800018829,0.014904189802024877,150,0.007934040890173183,0.02362776919140807,0.008303432750249098,0.0231292700114254,-0.010895378572331221,-0.020056252488474913,-0.003140088280963502,-0.019456340276867698,-0.0033801091746795257,0.0115,b,rank1
s9,0.0020484646702875484,50,0.0011614959546124627,0.0032515704734836655,0.0010778909874156117,0.003397112632917761,0.009899717044877129,150,0.00539264082707741,0.015999581322447855,0.005392997519882731,0.015626082272149046,-0.007851252374589581,-0.014093538563503701,-0.0031961087728271174,-0.013696517929063064,-0.003124782474652758,0.0061,b,rank1
s1_2,0.17948376811041197,50,0.10371915778614119,0.264473917071975,0.09564947688525242,0.27025195923222295,0.430716451432547,150,0.3721402354499033,0.48895973320610786,0.3567582753233691,0.5058506884069531,-0.251232683322135,-0.34812100005778507,-0.14713992911798707,-0.3646364012782286,-0.13570430887375776,0.0009,b,rank1
s3_5,0.7788917943479202,50,0.6863833722056086,0.8598517304225113,0.6771744525174628,0.868218929404814,0.47571607505346786,150,0.4180167349848231,0.5317008814344846,0.40993952988882343,0.5398479715696406,0.30317571929445236,0.19629118286909203,0.40137861434679833,0.1827512208326837,0.41455082845487673,0.0009,b,rank1
s6_9,0.04162443754166779,50,0.01655686921111298,0.07467841255287476,0.017912817403750492,0.07091308387108862,0.09356747351398517,150,0.06650212964026067,0.12481060368662882,0.06705722498047284,0.12167641181311104,-0.051943035972317385,-0.0928464520159993,-0.00960407942001635,-0.08925967966665993,-0.013237064857852022,0.0178,b,rank1
s1,0.1301908265774597,50,0.06456498908926561,0.21087656032592975,0.06664779272526317,0.19899697135163483,0.16297329427529797,150,0.12023132083127738,0.20755917790599238,0.12027850199267721,0.20667067151773294,-0.03278246769783827,-0.11352848284714728,0.05815508311245122,-0.11018527277555903,0.04803941531843692,0.4405,b,rank2
s2,0.1257159129296007,50,0.07286066132733031,0.18847220613370602,0.06541321510418284,0.2046026484726942,0.21187328931853913,150,0.1711357885135645,0.25456693287702886,0.17533315742562247,0.2489091599712384,-0.08615737638893844,-0.15640658722549977,-0.01198406164880959,-0.15977554535110963,0.001052471237530238,0.0629,b,rank2
s3,0.20427561372871506,50,0.13544120251462963,0.2795915308931465,0.13637906869485542,0.29354288948902735,0.2031929898644817,150,0.1669740848315413,0.24088908650177898,0.17097523393756053,0.23629944445707454,0.0010826238642333563,-0.07680653292436555,0.0853293232295202,-0.07492841750014984,0.0956283765994231,0.9809,b,rank2
s4,0.2825821166604287,50,0.19323702427683312,0.3754798402115449,0.1942997549825947,0.368605155359291,0.19047074313123602,150,0.15391850754797023,0.22822251073957342,0.1604885180018595,0.22267340002394923,0.09211137352919269,-0.0030936472628371515,0.19403571417460178,-0.0010755318757149747,0.18374547110846975,0.0893,b,rank2
s5,0.1442551809087772,50,0.09938585459457831,0.1938453840470582,0.09639422482851977,0.19054236414833078,0.0986810597213348,150,0.07984850177544635,0.11850463306602017,0.08391124286964222,0.11299282417819347,0.045574121187442404,-0.003618430732341596,0.09935833109540057,-0.0041889281060603694,0.0947263600857952,0.1153,b,rank2
s6,0.055272179194429644,50,0.03512514210021226,0.07712248190816746,0.036268335322675496,0.07263581773815643,0.05477484764521523,150,0.04223777963399807,0.0681027008068824,0.0424303582435106,0.06727215296854669,0.0004973315492144137,-0.023387400784645955,0.026248519158355226,-0.022812372730866677,0.02225875959966066,0.9622,b,rank2
s7,0.02171992545298689,50,0.013320058136601259,0.03125718514507355,0.014222057225298571,0.028697441135300487,0.03662248078115043,150,0.026044675144631907,0.04861403992642181,0.026597809699885077,0.04666405715580873,-0.01490255532816354,-0.029769803722640036,-0.0008998848227907449,-0.027533336869597896,-0.0024282165530673284,0.0293,b,rank2
s8,0.028371435286475302,50,0.004969232181578189,0.06933584354894838,0.004621227829939264,0.06592787549040985,0.021924548057339337,150,0.013341092296686174,0.03232196111327964,0.013533087425342948,0.031394502501222825,0.0064468872291359655,-0.020980281144376067,0.050277231255377794,-0.020231669725769553,0.04533628497247634,0.9009,b,rank2
s9,0.007616809261126723,50,0.003751358855944447,0.012419871686083042,0.003733698309827386,0.01199166291759641,0.019486747205405382,150,0.010234457075353549,0.03099832786561673,0.010595498359387107,0.03009207418491468,-0.01186993794427866,-0.024254986286636013,-0.0013306782262978271,-0.023386275690273153,-0.0018263318894280794,0.0402,b,rank2
s1_2,0.2559067395070604,50,0.16739116904201254,0.35307879755684324,0.17144538641083626,0.3460815996618584,0.3748465835938371,150,0.32171426436947564,0.4296906900286026,0.32502945185789806,0.42613812296314,-0.11893984408677671,-0.22431370718969565,-0.011376396917747772,-0.21675321638702663,-0.015053163958881424,0.0439,b,rank2
s3_5,0.631112911297921,50,0.537085830720938,0.7222871664673296,0.5337423881205016,0.7270217863619092,0.49234479271705256,150,0.4388628910570154,0.5470373490178156,0.4446239965440977,0.5424660716895937,0.13876811858086846,0.028624546230019254,0.24576850558599822,0.029239716729069325,0.24674168434089916,0.035,b,rank2
s6_9,0.11298034919501855,50,0.07007864644019943,0.1656884714104126,0.07216063407040563,0.15903612795288294,0.13280862368911037,150,0.10042610953889089,0.1667711286321999,0.10136931661461501,0.16480579604162526,-0.019828274494091816,-0.07455817842822182,0.04173699995871338,-0.07096050037250294,0.03659953484139335,0.5001,b,rank2
s1,0.13792341950556533,50,0.06891452765325153,0.21650902533625016,0.0521904514617994,0.24603839112505976,0.19839495624573278,150,0.15053798339554372,0.2483777717899091,0.1429109367102848,0.25854142536111724,-0.06047153674016745,-0.14652256387167004,0.031418331811797755,-0.16631426462940346,0.06005178848891088,0.3451,b,rank3
s2,0.1502982623781714,50,0.09437657398144973,0.21311189628255112,0.08943922293514679,0.21833253931301036,0.1586936899047709,150,0.12547841136793347,0.19514596855123229,0.12062201100609699,0.1986990838718286,-0.008395427526599497,-0.07535277658088767,0.061511454864346136,-0.08209223999964892,0.0684131129076386,0.8351,b,rank3
s3,0.19125806564113557,50,0.12537356932597526,0.2626621954927434,0.13744583615522923,0.24582895131186355,0.20220674957618084,150,0.16470544635070133,0.2417254026524269,0.16374091115570574,0.24352465197722417,-0.010948683935045278,-0.08828354730116098,0.0705408239997459,-0.07906541695047578,0.056231292951490715,0.7568,b,rank3
s4,0.13602494873504703,50,0.09036748985276559,0.18746817279769407,0.0943971389152365,0.17875612328626247,0.17363674968050255,150,0.13911487618979193,0.21099888124583657,0.13805077100171634,0.21003971680306951,-0.03761180094545552,-0.09673920044414075,0.02337062387037844,-0.09288461798280036,0.01864693427171498,0.2191,b,rank3
s5,0.1985548098992295,50,0.14085840896566332,0.26063973224068926,0.12900596900499808,0.2768028678386716,0.11451886442910185,150,0.09501534547354824,0.13554256366959755,0.10220451624370343,0.12727158861237348,0.08403594547012765,0.023654605085847154,0.14966652809732173,0.012203447250160523,0.16247766310451192,0.0558,b,rank3
s6,0.10167249167230472,50,0.0699126358222265,0.13587723371750293,0.06282066177400474,0.1405319054662209,0.0684085534589663,150,0.05382889054995255,0.08346804091688718,0.053891037606247076,0.08304036271214851,0.03326393821333841,-0.0016242306388042015,0.07041781644006322,-0.007955140172171344,0.07521404687391907,0.1591,b,rank3
s7,0.03723727569878749,50,0.022112868584538797,0.05452626321348613,0.023245766115199927,0.0529511236235185,0.045429715329979706,150,0.03430226338974585,0.05777822639086688,0.03438856417655619,0.05844669317739985,-0.008192439631192212,-0.027823241228228313,0.012188403177052748,-0.027190915518576282,0.011677330513027459,0.4225,b,rank3
s8,0.028597392607958197,50,0.012060018414427241,0.04990069932603454,0.012225039276878893,0.047503469666688766,0.02274582678435841,150,0.01581058413505728,0.030454005624903573,0.016294504977975435,0.03024576919132442,0.005851565823599789,-0.012298681361147633,0.02815526380525862,-0.01189141564477173,0.026088847407165335,0.5985,b,rank3
s9,0.01843333386180075,50,0.007295929323330204,0.0333841479513995,0.008193249818547353,0.030087068445765988,0.015964894590406658,150,0.009757892840002402,0.025049048655233542,0.009577461144383969,0.02518323104419492,0.0024684392713940906,-0.012137679867582634,0.019237231421099253,-0.011342500658299644,0.0164072518818292,0.7443,b,rank3
s1_2,0.28822168188373676,50,0.203928469103049,0.37940279917382663,0.16393867637261025,0.42267260886483593,0.35708864615050373,150,0.301983904463027,0.4125570651017686,0.2924847547416479,0.422928627160931,-0.06886696426676697,-0.16767738075682787,0.036744919816483874,-0.21010552905428054,0.07764310360763478,0.3835,b,rank3
s3_5,0.5258378242754121,50,0.4333297103620743,0.6172385843615544,0.4049020900724716,0.6487003021011548,0.4903623636857852,150,0.4349594153822719,0.545682113273548,0.4311816494319736,0.5494805698416281,0.03547546058962697,-0.072598472830562,0.14215051167725118,-0.10047292594490063,0.16987612083888173,0.6376,b,rank3
s6_9,0.18594049384085115,50,0.12890511985317757,0.2490755498733646,0.12583214553054783,0.24277148044526853,0.15254899016371107,150,0.12147305614365039,0.18674551581912444,0.12037227993177008,0.18803182862169218,0.03339150367714008,-0.033683894863240256,0.10496858988162541,-0.03561216592682395,0.09908610174175857,0.3625,b,rank3
1위,0.08942185525791878,50,0.033835876689208344,0.15829682158545366,0.028600923933022642,0.1662428036414792,0.12857427461776913,150,0.090548407875678,0.1705546726494354,0.08249291820294133,0.17910590114714653,-0.03915241935985035,-0.10857563465456871,0.03914443931488425,-0.11885971023986923,0.04978511925794418,0.3836,c,s1
2위,0.1116818863647519,50,0.05100973210874286,0.18677472817415802,0.05158354961921558,0.1760908598052717,0.11530159715383723,150,0.08458506052060195,0.14885326121807288,0.08454799403980015,0.14762715971735252,-0.003619710789085323,-0.07525394111187725,0.07647647600148391,-0.07219113130089205,0.0668224732476432,0.924,c,s1
3위,0.10267192226259877,50,0.05166421735944542,0.1627384341768307,0.04013332496038951,0.18269070620848749,0.15574195412794678,150,0.1168195091588082,0.1979601635186849,0.10991407717403004,0.20815838707066678,-0.053070031865348005,-0.12051540553937691,0.016998068536732906,-0.13461946934966385,0.03811230274353729,0.2743,c,s1
4~6위,0.2682317902858028,50,0.20097546354005144,0.33828024054021666,0.22255856754299608,0.3136326061003017,0.307130889883733,150,0.26207204885525587,0.3529852108847695,0.26162829537860727,0.35367738032662027,-0.0388990995979302,-0.12141382417086793,0.046680378804228824,-0.10556887475811107,0.02597120675480037,0.246,c,s1
7위 이하,0.1944252909328892,50,0.13039384877816276,0.2634131423145788,0.13138394050857108,0.26034097003409484,0.16476196413739966,150,0.13217822009234204,0.19886358833218032,0.1365301722930627,0.19274250657007852,0.029663326795489553,-0.043981530020216264,0.105966637535197,-0.0390251880957181,0.10117466939473206,0.4529,c,s1
풀 밖,0.23356725489603852,50,0.17558444845261942,0.2986400128675088,0.17997478080265628,0.2850569550518179,0.12848932007931424,150,0.10836470543443798,0.14953602820916082,0.10243751020921317,0.15531712160034356,0.10507793481672428,0.043256615259070166,0.17325969025156426,0.04577212319490618,0.1626389745217325,0.0048,c,s1
1위,0.06583709501255687,50,0.03093813658636449,0.10802918478782125,0.032944754892995115,0.10571566123603512,0.19703299985226275,150,0.15930661263495913,0.23656345161276507,0.15024570010846125,0.24996839365548573,-0.1311959048397059,-0.18447568926359267,-0.07429977691558982,-0.1945545666933807,-0.07039918346315562,0.0015,c,s2
2위,0.09314368455579766,50,0.052908837743041594,0.13973617648739342,0.05075223882284275,0.1493632943813219,0.16626319334948783,150,0.13305632302786985,0.20217183560082416,0.13300082739960034,0.20084686911739522,-0.07311950879369017,-0.1274178077220492,-0.015639438839278083,-0.1294060263048483,-0.007286043572656914,0.0399,c,s2
3위,0.11898586187808878,50,0.07561840857164714,0.16790374949550735,0.07085762792384856,0.17512859939005054,0.11689128051435314,150,0.09177498632731966,0.1437494145000288,0.08774184510535643,0.14884618343016126,0.002094581363735637,-0.04954684850470163,0.05690606826429506,-0.05578706825792312,0.06559075830680917,0.9518,c,s2
4~6위,0.3218513246639157,50,0.2630966897174466,0.380987684982167,0.2701479481561261,0.3786409516097255,0.2919038019343647,150,0.2533856188308908,0.33203668404621917,0.250386342958956,0.3341752493004115,0.02994752272955098,-0.04125842205242253,0.10024028971720397,-0.035902925823298355,0.09957949611012452,0.4298,c,s2
7위 이하,0.13862220383808674,50,0.09886478580587726,0.1806224848848714,0.09508660611703416,0.1820175830823993,0.11353783928855075,150,0.08914279330731677,0.1397037346312425,0.08989740762257788,0.13774618260293325,0.025084364549535984,-0.02317453704109294,0.07458536268404954,-0.02470845110797274,0.07426857057984185,0.354,c,s2
풀 밖,0.26155983005155425,50,0.2177051043727149,0.3090525083653876,0.21614573410340798,0.314269675496353,0.11437088506098085,150,0.0951347540190994,0.13494728456771304,0.0944974780577553,0.13574846503620677,0.1471889449905734,0.09902861334071336,0.19858227973747494,0.09701651235063248,0.20304587796410029,0.0001,c,s2
