year,pool_players,no_prior,no_prior_share,no_prior_pa_share,league
2021,74.0,20.0,0.2702702702702703,0.22565670604586519,KBO
2022,79.0,25.0,0.31645569620253167,0.278592221552018,KBO
2023,80.0,26.0,0.325,0.2814051268140513,KBO
2024,87.0,30.0,0.3448275862068966,0.3105975061864834,KBO
2025,77.0,21.0,0.2727272727272727,0.2462362275365163,KBO
2022,265.0,79.0,0.2981132075471698,0.260804458406984,MLB
2023,286.0,90.0,0.3146853146853147,0.2746098030929238,MLB
2024,266.0,75.0,0.2819548872180451,0.2479864187944396,MLB
2025,253.0,82.0,0.3241106719367589,0.2825370739308057,MLB
