league,variant,team_seasons,N=0,N=1,N=2,N=3,mean_N,pool_lt3
KBO,primary,50,0,1,5,44,2.86,0
KBO,pool_pa200,50,0,1,3,46,2.9,0
KBO,pool_pa400,50,0,2,5,43,2.82,0
KBO,obp_pool_top50,50,0,4,14,32,2.56,0
KBO,obp_pool_top40,50,1,10,16,23,2.22,0
KBO,obp_pool_top33,50,4,8,22,16,2.0,0
KBO,onbase_bb_pct,50,0,11,23,16,2.1,0
KBO,onbase_obp_minus_avg,50,5,17,19,9,1.64,0
KBO,prod_woba,50,0,1,5,44,2.86,0
KBO,prod_wrc_pf,50,0,1,5,44,2.86,0
KBO,weights_alt,50,0,1,5,44,2.86,0
KBO,exante,50,0,3,6,41,2.76,0
MLB,primary,150,3,7,26,114,2.6733333333333333,0
MLB,pool_pa200,150,1,5,22,122,2.7666666666666666,0
MLB,pool_pa400,150,3,9,35,103,2.5866666666666664,2
MLB,obp_pool_top50,150,3,15,33,99,2.52,0
MLB,obp_pool_top40,150,5,20,51,74,2.2933333333333334,0
MLB,obp_pool_top33,150,6,33,52,59,2.0933333333333333,0
MLB,onbase_bb_pct,150,8,20,70,52,2.1066666666666665,0
MLB,onbase_obp_minus_avg,150,8,29,71,42,1.98,0
MLB,prod_woba,150,3,7,26,114,2.6733333333333333,0
MLB,prod_wrc_pf,150,3,7,26,114,2.6733333333333333,0
MLB,weights_alt,150,3,10,28,109,2.62,0
MLB,exante,120,0,9,21,90,2.675,0
