term,league,coef,se,lo,hi
r2,MLB,0.050129877440262656,0.23995492118779757,-0.43483710855527624,0.5350968634358015
r2,KBO,0.17847591187222564,0.300636597364304,-0.4291333164861848,0.7860851402306361
r2,KBO-MLB,0.128346034431963,0.38465663633561453,-0.6490740269839371,0.9057660958478632
r3,MLB,-0.0024364697701098614,0.31350406400708547,-0.6360518182958328,0.6311788787556132
r3,KBO,0.3409008876451797,0.4871656571791545,-0.6436976330819919,1.3254994083723513
r3,KBO-MLB,0.34333735741528953,0.5793230322400075,-0.827518166082597,1.5141928809131762
z_obp,MLB,-0.5019579613746856,0.15803645746819334,-0.8213615563348351,-0.1825543664145361
z_obp,KBO,-0.4554697218550852,0.3099922590464212,-1.0819874477992542,0.17104800408908377
z_obp,KBO-MLB,0.046488239519600405,0.3479521842980723,-0.6567493571685463,0.749725836207747
z_iso,MLB,0.07498740049210542,0.1353419956111207,-0.19854897611247022,0.34852377709668103
z_iso,KBO,0.10649570812411208,0.2331396973048882,-0.36469719660225114,0.5776886128504752
z_iso,KBO-MLB,0.031508307632006655,0.2695766574379458,-0.5133264405168501,0.5763430557808633
