y,x,n,mlb_slope,mlb_lo,mlb_hi,kbo_slope,kbo_lo,kbo_hi,diff,diff_lo,diff_hi,diff_p,kbo_x_sd,mlb_x_sd,variant
top3_share_of_top,K,200,0.015815281324342182,-0.03332011294198528,0.06495067559066964,0.051494555276922704,-0.030845313968388036,0.13383442452223343,0.035679273952580526,-0.060206809693808386,0.13156535759896942,0.46581580514388465,0.8864052604279183,0.8442197196956741,primary
top3_share_of_top,type_mean,200,0.01563515221809898,-0.03656490649001362,0.06783521092621159,0.07999250402099274,0.013964363891645917,0.14602064415033955,0.06435735180289376,-0.01981248494442954,0.14852718855021707,0.13397381116053148,0.7416236819748954,0.6475522315967904,primary
top3_top_share,K,200,0.025950333117165457,-0.020328866042996475,0.0722295322773274,0.046857014698170316,-0.01905505188158424,0.11276908127792487,0.020906681581004855,-0.05963004790138669,0.1014434110633964,0.6108989043160882,0.8864052604279183,0.8442197196956741,primary
top3_top_share,type_mean,200,0.023225254617503396,-0.023322053357861756,0.06977256259286854,0.0736355649440106,0.02306507460005685,0.12420605528796436,0.0504103103265072,-0.018321242641408615,0.11914186329442303,0.15057272867841812,0.7416236819748954,0.6475522315967904,primary
a_S_top_share,K,197,0.01706275121348761,-0.04553909999892516,0.07966460242590037,0.02651734378414533,-0.07086485365114849,0.12389954121943915,0.009454592570657719,-0.10631364207316701,0.12522282721448244,0.8728283851932843,0.8864052604279183,0.8210491480270294,primary
a_S_top_share,type_mean,197,-0.011512615023275299,-0.09738979286887892,0.07436456282232831,0.05816552639736093,-0.011280980501671076,0.12761203329639292,0.06967814142063623,-0.04076508831845978,0.18012137115973226,0.21626067697455065,0.7416236819748954,0.6142224268747727,primary
top3_share_of_top,K,200,0.015815281324342182,-0.03332011294198528,0.06495067559066964,0.051494555276922704,-0.030845313968388036,0.13383442452223343,0.035679273952580526,-0.060206809693808386,0.13156535759896942,0.46581580514388465,0.8864052604279183,0.8442197196956741,obp_pool_top33
top3_share_of_top,type_mean,200,0.01563515221809898,-0.03656490649001362,0.06783521092621159,0.07999250402099274,0.013964363891645917,0.14602064415033955,0.06435735180289376,-0.01981248494442954,0.14852718855021707,0.13397381116053148,0.7416236819748954,0.6475522315967904,obp_pool_top33
top3_top_share,K,200,0.025950333117165457,-0.020328866042996475,0.0722295322773274,0.046857014698170316,-0.01905505188158424,0.11276908127792487,0.020906681581004855,-0.05963004790138669,0.1014434110633964,0.6108989043160882,0.8864052604279183,0.8442197196956741,obp_pool_top33
top3_top_share,type_mean,200,0.023225254617503396,-0.023322053357861756,0.06977256259286854,0.0736355649440106,0.02306507460005685,0.12420605528796436,0.0504103103265072,-0.018321242641408615,0.11914186329442303,0.15057272867841812,0.7416236819748954,0.6475522315967904,obp_pool_top33
a_S_top_share,K,190,0.0034458321414826895,-0.07663862789383619,0.08353029217680158,0.01298774359625979,-0.10876270902949842,0.134738196222018,0.0095419114547771,-0.13618623769193236,0.15527006060148654,0.8978850585601701,0.873938279252047,0.8160206283481232,obp_pool_top33
a_S_top_share,type_mean,190,0.00196025039125735,-0.09614912919877919,0.1000696299812939,0.030053444419411803,-0.06024931933967124,0.12035620817849485,0.028093194028154453,-0.10524862051653595,0.16143500857284487,0.6796534331940172,0.7203654332530504,0.606690329492711,obp_pool_top33
top3_share_of_top,K,170,0.02539750753001108,-0.014893731742330798,0.06568874680235295,0.10619692342376263,0.03956394274199235,0.17282990410553292,0.08079941589375156,0.0029319767639184313,0.15866685502358469,0.041975459785770185,0.835195198985341,0.8692941210588986,exante
top3_share_of_top,type_mean,170,0.037191802109183325,-0.02226065075554331,0.09664425497390997,0.12851647402029476,0.05998506350678892,0.1970478845338006,0.09132467191111142,0.0005989953988737723,0.18205034842334905,0.04850647852324458,0.7552408401433021,0.7028311185288223,exante
top3_top_share,K,170,0.02011770883834909,-0.0229940731524627,0.06322949082916088,0.11258885667206484,0.04535055316564893,0.17982716017848074,0.09247114783371575,0.012598654415492086,0.1723436412519394,0.0232611458317806,0.835195198985341,0.8692941210588986,exante
top3_top_share,type_mean,170,0.025509283180100123,-0.03421935432981928,0.08523792069001954,0.12486434725615665,0.0511632025248413,0.198565491987472,0.09935506407605653,0.004490060658054018,0.19422006749405904,0.040098659499043454,0.7552408401433021,0.7028311185288223,exante
a_S_top_share,K,170,0.0189251438519049,-0.03651271896028483,0.07436300666409462,0.10310595040680716,0.024684639821987917,0.18152726099162642,0.08418080655490226,-0.011856991144877635,0.18021860425468217,0.08579963021213863,0.835195198985341,0.8692941210588986,exante
a_S_top_share,type_mean,170,0.01424687375182469,-0.06120975188596742,0.0897034993896168,0.10847318496664922,0.02798393564604229,0.18896243428725615,0.09422631121482453,-0.016101480428245635,0.2045541028578947,0.09414582521952866,0.7552408401433021,0.7028311185288223,exante
