league,year,full_league_wrc_a,full_league_wrc_b,qualified_wrc_a,qualified_wrc_old,qualified_n,all10_wrc
KBO,2021,100.00538879526862,100.00541103849031,118.12347109517555,9.234828231263442,54,
KBO,2022,100.00536595994505,100.00525690283828,119.29424882838583,8.476196017552406,53,
KBO,2023,100.00828756413469,100.00831147044093,118.91911920804897,9.78619654747642,50,
KBO,2024,100.00428731016022,100.00426012896142,115.42955147300573,15.444907302447616,56,
KBO,2025,100.01057257203153,100.01046784993544,120.76658749616752,14.160717964977902,43,
MLB,2021,100.00030971039241,,115.78748935764357,,132,105.20232258255253
MLB,2022,99.99990479397765,,114.07379055879704,,130,107.73027328118091
MLB,2023,99.99548929662821,,110.60847554724457,,134,104.29402998180431
MLB,2024,100.00591515613671,,113.17198713194338,,129,103.60168474259703
MLB,2025,100.00538112948165,,111.70508731559272,,145,104.37632883322894
