col,kbo,n_kbo,kbo_ts_lo,kbo_ts_hi,kbo_cl_lo,kbo_cl_hi,mlb,n_mlb,mlb_ts_lo,mlb_ts_hi,mlb_cl_lo,mlb_cl_hi,diff,diff_ts_lo,diff_ts_hi,diff_cl_lo,diff_cl_hi,wild_p,sample,engine
gain_A_swap,0.2152363636363712,44,-0.32162931818181034,0.7543370454545666,-0.2421438297872315,0.6195437616279217,0.7294947368421084,114.0,0.39922842105262923,1.1079278947368492,0.4086036932557325,1.0957463931888562,-0.5142583732057372,-1.1715171770334898,0.11876502392345721,-1.0826897351421112,0.004257837837832249,0.0885,N3,basic
gain_A_insert,0.10289999999999902,44,-0.4100243181818241,0.5920697727272732,-0.28797987911024625,0.44185719052224776,0.6499052631578968,114.0,0.32516499999999904,0.9971902631578894,0.35707781818182066,0.9797899000610333,-0.5470052631578978,-1.1680398564593326,0.055687583732061674,-1.0479651965088943,-0.08656831853282078,0.0379,N3,basic
gain_B_top3_best6,0.8451000000000071,44,0.21313772727273764,1.6421475000000056,0.3129185714285832,1.6508650324675342,0.9201999999999969,114.0,0.5964678947368308,1.2624252631578907,0.6094414162679376,1.2736888614023492,-0.07509999999998984,-0.7969988875598181,0.7800183133971366,-0.7460865212039953,0.7895575704505433,0.8843,N3,basic
gain_A_swap,0.2663727272727261,44,-0.2951311363636388,0.8304020454545428,,,,,,,,,,,,,,,N3,situational
gain_A_insert,0.17361818181817978,44,-0.34830818181818973,0.6907861363636386,,,,,,,,,,,,,,,N3,situational
gain_B_top3_best6,1.2331363636363664,44,0.47769409090908277,2.1430820454545505,,,,,,,,,,,,,,,N3,situational
gain_A_swap,0.2059920000000072,50,-0.31774319999999984,0.7131018000000057,-0.2328455999999974,0.5909280000000127,0.795712000000004,150.0,0.4670036000000051,1.1472736000000103,0.48596551948051675,1.1147462904109702,-0.5897199999999968,-1.2079542000000174,0.0165802000000036,-1.128035943504791,-0.09184116774193705,0.0387,all,basic
gain_A_insert,0.11916000000000239,50,-0.3684810000000039,0.5904750000000052,-0.2635512000000005,0.46737780000000856,0.7568000000000032,150.0,0.4398922000000031,1.115390400000001,0.4771446765100689,1.0665652600170532,-0.6376400000000009,-1.2344120000000096,-0.06299439999999748,-1.1283333918831153,-0.19376921708153225,0.0156,all,basic
gain_B_top3_best6,0.7920960000000093,50,0.21031020000000616,1.4938637999999997,0.2816046000000145,1.5059568000000072,0.8053439999999993,150.0,0.526373800000006,1.099578599999997,0.5392018676356689,1.0900022673901435,-0.013247999999989934,-0.679480399999983,0.7434274000000073,-0.6162314623376502,0.7540912814586195,0.9785,all,basic
gain_A_swap,0.34103999999999984,50,-0.19781039999999786,0.8781395999999919,,,,,,,,,,,,,,,all,situational
gain_A_insert,0.2511359999999992,50,-0.23100480000000506,0.7345013999999925,,,,,,,,,,,,,,,all,situational
gain_B_top3_best6,1.166856000000003,50,0.48825119999999506,1.9939374000000079,,,,,,,,,,,,,,,all,situational
