item,stat,old,new
H1 비율(p33),kbo_prop,0.13671875,0.13671875
H1 비율(p33),mlb_prop,0.16119402985074627,0.16119402985074627
H1 비율(p33),p,0.35662743718876144,0.35662743718876144
H1 비율(p25),kbo_prop,0.09375,0.09375
H1 비율(p25),mlb_prop,0.0955223880597015,0.0955223880597015
H1 비율(p25),p,0.9344445341798429,0.9344445341798429
H1 비율(p40),kbo_prop,0.171875,0.171875
H1 비율(p40),mlb_prop,0.21194029850746268,0.21194029850746268
H1 비율(p40),p,0.17351289422590732,0.17351289422590732
H1 보조: 팀 내 콤보 수 ~ 2번 wOBA,kbo_r,0.0666885423930446,0.15510198026600192
H1 보조: 팀 내 콤보 수 ~ 2번 wOBA,kbo_p,0.6454121748078421,0.2821410957054996
H1 보조: 팀 내 콤보 수 ~ 2번 wOBA,mlb_r,0.44107631762350896,0.44107631762350896
H1 보조: 팀 내 콤보 수 ~ 2번 wOBA,mlb_p,1.611463284945726e-08,1.611463284945726e-08
H2 2번-4번 상관,r_kbo,0.4671882483149062,0.28760502560991824
H2 2번-4번 상관,p_kbo,0.0006251561698028789,0.04284180482049951
H2 2번-4번 상관,r_mlb,0.10584692988876418,0.10584692988876418
H2 2번-4번 상관,z_diff,2.617845685130662,1.2408782295984817
H2 2번-4번 상관,p_diff,0.008848681109620227,0.21465073621200492
H2 평탄도,kbo_mean,0.8604780796711315,0.8520719423426654
H2 평탄도,mlb_mean,0.9427951496353093,0.9427951496353093
H2 평탄도,t,-1.5559791674176064,-1.667438884679373
H2 평탄도,p,0.12542101889319737,0.10112236113012522
