team,away,home,pf_raw_5yr,pf_half_5yr
KIA,10.07202216066482,9.688022284122562,0.9618745997162389,0.9809372998581194
KT,8.938718662952645,9.5595567867036,1.0694549350036127,1.0347274675018063
LG,9.78393351800554,8.924791086350975,0.9121884434237548,0.9560942217118774
NC,9.734072022160666,9.86350974930362,1.0132973874498028,1.0066486937249013
SSG,9.350974930362117,9.950138504155124,1.0640749845075035,1.0320374922537519
두산,10.050139275766016,9.030470914127424,0.8985418675642309,0.9492709337821155
롯데,9.43175487465181,10.518005540166206,1.1151695182869663,1.057584759143483
삼성,9.229916897506925,10.225626740947074,1.1078785274555505,1.0539392637277754
키움,10.110803324099724,8.994428969359332,0.8895859884763613,0.9447929942381806
한화,9.387186629526463,9.337950138504155,0.9947549257338254,0.9973774628669128
