year,team,name,ops,actual_slot,rpg_actual,rpg_slot2,gain_144g,real_team_rpg
2021,ATL,Ronald Acuña Jr.,0.99,1,5.1162,5.136925,2.984399999999951,4.906832298136646
2021,BOS,Rafael Devers,0.89,5,5.385625,5.3798916666666665,-0.825600000000037,5.14375
2021,CHC,Frank Schwindel,1.002,2,5.003141666666667,5.003141666666667,0.0,4.3602484472049685
2021,HOU,Kyle Tucker,0.916,6,5.473933333333333,5.456525,-2.5067999999999557,5.327160493827161
2021,LAD,Trea Turner,0.95,1,5.814991666666667,5.828083333333334,1.8852000000000402,5.1125
2021,NYY,Aaron Judge,0.917,3,4.9601,4.969125,1.2996000000000407,4.39751552795031
2021,SEA,Ty France,0.813,4,4.3819,4.379583333333334,-0.33359999999994727,4.302469135802469
2021,SF,Brandon Belt,0.975,4,5.745891666666667,5.752808333333333,0.9959999999999383,4.962962962962963
2021,STL,Tyler O'Neill,0.912,4,4.799,4.790516666666667,-1.2216000000000093,4.372670807453416
2021,TOR,Vladimir Guerrero Jr.,1.002,3,5.6923916666666665,5.714258333333333,3.148800000000037,5.186335403726708
2022,ATL,Austin Riley,0.877,3,4.793,4.795791666666666,0.40199999999991576,4.87037037037037
2022,BOS,Rafael Devers,0.879,2,4.46885,4.46885,0.0,4.55625
2022,CHC,Willson Contreras,0.815,2,4.340858333333333,4.340858333333333,0.0,4.068322981366459
2022,HOU,Yordan Alvarez,1.019,3,4.857208333333333,4.847808333333333,-1.3536000000000428,4.549382716049383
2022,LAD,Freddie Freeman,0.918,2,5.119791666666667,5.119791666666667,0.0,5.228395061728395
2022,NYY,Aaron Judge,1.111,2,4.768091666666667,4.768091666666667,0.0,4.95625
2022,SEA,Julio Rodríguez,0.854,1,4.552091666666667,4.5598,1.1100000000000136,4.2592592592592595
2022,SF,Joc Pederson,0.874,4,4.3714,4.379725,1.198799999999892,4.419753086419753
2022,STL,Paul Goldschmidt,0.982,3,4.840741666666666,4.851175,1.5023999999999944,4.765432098765432
2022,TOR,Vladimir Guerrero Jr.,0.819,3,4.9794583333333335,4.9874583333333335,1.152000000000001,4.782608695652174
2023,ATL,Ronald Acuña Jr.,1.012,1,6.28505,6.2777666666666665,-1.0488000000000284,5.857142857142857
2023,BOS,Triston Casas,0.857,6,4.718525,4.742983333333333,3.52200000000002,4.782608695652174
2023,CHC,Cody Bellinger,0.881,4,4.881241666666667,4.87905,-0.3155999999999892,5.055555555555555
2023,HOU,Yordan Alvarez,0.99,3,5.024033333333334,5.025633333333333,0.23039999999997463,5.104938271604938
2023,LAD,Mookie Betts,0.987,1,5.494425,5.510425,2.304000000000002,5.592592592592593
2023,NYY,Aaron Judge,1.019,2,4.388816666666667,4.388816666666667,0.0,4.154320987654321
2023,SEA,Julio Rodríguez,0.818,2,4.563266666666666,4.563266666666666,0.0,4.679012345679013
2023,SF,LaMonte Wade Jr.,0.79,1,4.0852,4.0844,-0.11520000000011521,4.160493827160494
2023,STL,Willson Contreras,0.825,5,5.0284,5.039208333333334,1.5563999999999965,4.438271604938271
2023,TOR,Brandon Belt,0.859,3,4.770333333333333,4.771558333333333,0.17639999999997258,4.604938271604938
2024,ATL,Marcell Ozuna,0.924,3,4.630983333333333,4.639591666666667,1.2396000000000953,4.316770186335404
2024,BOS,Rafael Devers,0.87,4,4.836125,4.8251083333333336,-1.5863999999999692,4.635802469135802
2024,CHC,Seiya Suzuki,0.848,3,4.425233333333333,4.425941666666667,0.10200000000006071,4.54320987654321
2024,HOU,Kyle Tucker,0.993,2,5.118441666666667,5.118441666666667,0.0,4.596273291925466
2024,LAD,Shohei Ohtani,1.036,1,5.595133333333333,5.594041666666667,-0.1571999999999747,5.197530864197531
2024,NYY,Aaron Judge,1.159,3,5.0563666666666665,5.090141666666667,4.863600000000048,5.031055900621118
2024,SEA,Cal Raleigh,0.748,3,3.863825,3.8496,-2.0483999999999583,4.172839506172839
2024,SF,Tyler Fitzgerald,0.831,1,4.54455,4.558808333333333,2.0531999999999897,4.277777777777778
2024,STL,Iván Herrera,0.8,6,4.232825,4.249891666666667,2.457599999999985,4.148148148148148
2024,TOR,Vladimir Guerrero Jr.,0.94,3,4.235216666666667,4.253458333333334,2.6267999999999745,4.161490683229814
2025,ATL,Ronald Acuña Jr.,0.935,3,4.871358333333333,4.871566666666666,0.029999999999972715,4.469135802469136
2025,BOS,Alex Bregman,0.822,3,4.78895,4.781641666666666,-1.05240000000002,4.851851851851852
2025,CHC,Michael Busch,0.866,1,4.980858333333333,4.9789,-0.281999999999897,4.895061728395062
2025,HOU,Jeremy Peña,0.84,1,4.668166666666667,4.666775,-0.2004000000000019,4.236024844720497
2025,LAD,Shohei Ohtani,1.014,1,5.393266666666666,5.400616666666667,1.0584000000000913,5.092592592592593
2025,NYY,Aaron Judge,1.145,2,5.41965,5.41965,0.0,5.267080745341615
2025,SEA,Cal Raleigh,0.948,3,5.0286583333333335,5.025358333333333,-0.4752000000000436,4.728395061728395
2025,SF,Matt Chapman,0.77,4,4.079391666666667,4.0823833333333335,0.43079999999997654,4.3229813664596275
2025,STL,Iván Herrera,0.837,2,4.064875,4.064875,0.0,4.253086419753086
2025,TOR,George Springer,0.959,1,5.340208333333333,5.339066666666667,-0.1643999999999579,4.919254658385094
