year,team,name,woba,actual_slot,rpg_actual,rpg_slot2,gain_144g,real_team_rpg
2021,KIA,김선빈,0.2020267379679144,2,4.086941666666666,4.086941666666666,0.0,3.9444444444444446
2021,KT,강백호,0.2490226904376012,3,4.846583333333333,4.830025,-2.384399999999985,4.965517241379311
2021,LG,홍창기,0.2228284389489954,1,4.830758333333334,4.8270583333333335,-0.5328000000000372,4.5479452054794525
2021,NC,양의지,0.257741592920354,4,5.541725,5.56435,3.258000000000081,4.875
2021,SSG,최정,0.2506715063520871,3,5.649075,5.66415,2.1708000000000567,5.243055555555555
2021,두산,김재환,0.2317140319715807,4,4.571975,4.579391666666667,1.0680000000000263,5.175675675675675
2021,롯데,전준우,0.2272799352750809,3,5.405175,5.416691666666667,1.6584000000000572,5.048611111111111
2021,삼성,구자욱,0.2295676567656765,2,5.21865,5.21865,0.0,4.910344827586207
2021,키움,이정후,0.247219152854512,3,5.023625,5.015225,-1.2095999999999947,5.0479452054794525
2021,한화,노시환,0.2214097995545657,4,4.246416666666667,4.245833333333334,-0.08399999999997476,4.159722222222222
2022,KIA,나성범,0.2305194401244168,3,5.253358333333333,5.2397,-1.9667999999999353,4.979310344827586
2022,KT,박병호,0.23499173553719,4,4.543716666666667,4.545533333333333,0.2615999999999872,4.393103448275862
2022,LG,김현수,0.2163959731543623,3,5.099358333333333,5.1012,0.2652000000001067,4.965277777777778
2022,NC,박건우,0.2181277056277056,3,4.976491666666667,4.964408333333333,-1.7400000000000801,4.486111111111111
2022,SSG,최정,0.2279760956175298,3,4.862908333333333,4.86865,0.8267999999999489,5.0
2022,두산,김재환,0.206943469785575,4,4.2807,4.27365,-1.015200000000064,4.430555555555555
2022,롯데,이대호,0.2221318493150685,3,4.375741666666666,4.372675,-0.44159999999995136,4.201388888888889
2022,삼성,피렐라,0.2476423948220064,3,5.143158333333333,5.1336,-1.3763999999999044,4.604166666666667
2022,키움,이정후,0.2528487804878049,3,4.217241666666666,4.222908333333334,0.816000000000102,4.3125
2022,한화,터크먼,0.202796267496112,1,3.984125,3.991675,1.0871999999999602,3.9166666666666665
2023,KIA,최형우,0.2290276134122288,4,5.3467,5.367733333333334,3.028800000000018,5.041666666666667
2023,KT,알포드,0.2124597069597069,3,4.62955,4.632366666666667,0.40560000000003527,4.666666666666667
2023,LG,오스틴,0.2312702237521514,4,5.453058333333333,5.43525,-2.5643999999999494,5.326388888888889
2023,NC,박건우,0.2260770676691729,3,4.971908333333333,4.979683333333333,1.1195999999999486,4.779310344827586
2023,SSG,최정,0.2410770642201835,3,4.780666666666667,4.790533333333333,1.4207999999999714,4.569444444444445
2023,두산,양의지,0.2224322709163346,4,4.7026666666666666,4.726266666666667,3.3984000000000094,4.337931034482758
2023,롯데,전준우,0.2182594594594595,4,3.94545,3.9150666666666667,-4.375200000000014,4.534722222222222
2023,삼성,구자욱,0.2332563600782778,3,4.502625,4.509033333333333,0.9227999999999383,4.416666666666667
2023,키움,김혜성,0.2161844660194175,2,4.232575,4.232575,0.0,4.215277777777778
2023,한화,노시환,0.2402525423728814,3,4.216616666666667,4.228183333333333,1.6655999999999125,4.194444444444445
2024,KIA,김도영,0.2801523500810372,3,6.041508333333334,6.046766666666667,0.7571999999999406,5.958333333333333
2024,KT,로하스,0.2616021180030257,1,5.539241666666666,5.545991666666667,0.9720000000000368,5.263513513513513
2024,LG,오스틴,0.2521053511705686,4,5.621058333333333,5.6383833333333335,2.494800000000069,5.586206896551724
2024,NC,데이비슨,0.2668523131672597,4,5.544958333333334,5.533891666666666,-1.5936000000000803,5.368055555555555
2024,SSG,최정,0.2598870673952641,3,5.358975,5.339816666666667,-2.758800000000008,5.23448275862069
2024,두산,김재환,0.2379143897996357,4,5.391375,5.392058333333333,0.0983999999999412,5.404109589041096
2024,롯데,레이예스,0.2392523809523809,4,5.723558333333333,5.713116666666667,-1.5035999999999063,5.569444444444445
2024,삼성,구자욱,0.2765106761565836,3,5.9889833333333335,5.976583333333333,-1.7856000000000591,5.347222222222222
2024,키움,송성문,0.2450533333333333,3,4.805833333333333,4.805541666666667,-0.04199999999998738,4.666666666666667
2024,한화,채은성,0.2193118712273642,5,5.03485,5.043616666666667,1.2624000000000848,5.173611111111111
2025,KIA,최형우,0.2374121996303142,4,5.1796,5.173033333333334,-0.9455999999999278,4.638888888888889
2025,KT,안현민,0.2592410901467505,3,4.577483333333333,4.579266666666666,0.25679999999995573,4.5
2025,LG,오스틴,0.2513617886178861,3,5.729666666666667,5.714316666666667,-2.2103999999999644,5.472222222222222
2025,NC,김주원,0.2158578352180937,1,5.153308333333333,5.159366666666667,0.8724000000000558,5.083333333333333
2025,SSG,한유섬,0.2002642998027613,4,4.761175,4.749391666666667,-1.696799999999925,4.229166666666667
2025,두산,양의지,0.2397436399217221,4,4.435875,4.435291666666667,-0.08399999999997476,4.493055555555555
2025,롯데,레이예스,0.216829073482428,4,4.599725,4.595508333333333,-0.607200000000077,4.694444444444445
2025,삼성,디아즈,0.2627669902912621,4,5.7038166666666665,5.677533333333334,-3.784799999999919,5.381944444444445
2025,키움,송성문,0.2366443057722309,1,4.04185,4.0323416666666665,-1.369200000000049,4.034722222222222
2025,한화,노시환,0.2201612377850162,4,4.466866666666666,4.44765,-2.767199999999903,4.784722222222222
