year,team,rpg_actual,rpg_optimal,gain_144g,real_team_rpg,optimal_order
2021,KIA,3.859875,3.868075,1.1807999999999979,3.9444444444444446,김선빈 - 최형우 - 김태진 - 터커 - 최원준 - 황대인 - 이창진 - 김민식 - 박찬호
2021,KT,4.541675,4.55205,1.4940000000000992,4.965517241379311,조용호 - 황재균 - 강백호 - 배정대 - 유한준 - 호잉 - 장성우 - 박경수 - 심우준
2021,LG,4.559625,4.588925,4.219200000000015,4.5479452054794525,문보경 - 서건창 - 홍창기 - 김현수 - 채은성 - 이형종 - 김민성 - 오지환 - 유강남
2021,NC,5.249225,5.246075,-0.45359999999996603,4.875,나성범 - 최정원 - 이명기 - 양의지 - 알테어 - 박석민 - 노진혁 - 강진성 - 김태군
2021,SSG,5.305825,5.340875,5.047200000000004,5.243055555555555,최주환 - 추신수 - 최정 - 박성한 - 한유섬 - 고종욱 - 이재원 - 로맥 - 최지훈
2021,두산,4.28815,4.31635,4.0608,5.175675675675675,김인태 - 강승호 - 정수빈 - 페르난데 - 김재환 - 양석환 - 박세혁 - 허경민 - 김재호
2021,롯데,5.100225,5.1028,0.3708000000000311,5.048611111111111,정훈 - 안치홍 - 전준우 - 손아섭 - 이대호 - 추재현 - 마차도 - 한동희 - 지시완
2021,삼성,4.911925,4.9133,0.19799999999992224,4.910344827586207,피렐라 - 박해민 - 오재일 - 구자욱 - 강민호 - 이원석 - 김상수 - 김지찬 - 김헌곤
2021,키움,4.6924,4.73845,6.631200000000021,5.0479452054794525,송우현 - 서건창 - 김혜성 - 이정후 - 박병호 - 이용규 - 박동원 - 프레이타 - 전병우
2021,한화,3.97855,3.994525,2.3004000000000104,4.159722222222222,최재훈 - 하주석 - 정은원 - 노시환 - 힐리 - 이성열 - 노수광 - 최인호 - 임종찬
2022,KIA,4.943675,4.96925,3.682799999999986,4.979310344827586,이창진 - 류지혁 - 김선빈 - 나성범 - 소크라테 - 박찬호 - 황대인 - 최형우 - 박동원
2022,KT,4.292225,4.31055,2.638799999999989,4.393103448275862,박병호 - 장성우 - 배정대 - 오윤석 - 황재균 - 김민혁 - 강백호 - 조용호 - 심우준
2022,LG,4.783925,4.852625,9.892799999999966,4.965277777777778,홍창기 - 문보경 - 김현수 - 문성주 - 박해민 - 오지환 - 채은성 - 유강남 - 서건창
2022,NC,4.714675,4.7039,-1.551599999999965,4.486111111111111,박민우 - 노진혁 - 박건우 - 양의지 - 손아섭 - 이명기 - 마티니 - 오영수 - 김주원
2022,SSG,4.60355,4.652925,7.109999999999928,5.0,최정 - 추신수 - 한유섬 - 라가레스 - 최지훈 - 박성한 - 크론 - 김성현 - 이재원
2022,두산,4.044475,4.034875,-1.3823999999999756,4.430555555555555,허경민 - 페르난데 - 김인태 - 김재환 - 정수빈 - 양석환 - 김재호 - 강승호 - 박세혁
2022,롯데,4.14705,4.197525,7.268399999999943,4.201388888888889,고승민 - 전준우 - 이대호 - 한동희 - 피터스 - 안치홍 - 이학주 - 정훈 - 정보근
2022,삼성,4.837175,4.90125,9.226799999999983,4.604166666666667,김재성 - 김지찬 - 김현준 - 피렐라 - 오재일 - 구자욱 - 강민호 - 이원석 - 이재현
2022,키움,3.984125,4.021775,5.4215999999999624,4.3125,이용규 - 이정후 - 김혜성 - 푸이그 - 송성문 - 박찬혁 - 김휘집 - 전병우 - 이지영
2022,한화,3.78755,3.805425,2.5740000000000123,3.9166666666666665,하주석 - 김태연 - 터크먼 - 정은원 - 노시환 - 김인환 - 이진영 - 최재훈 - 노수광
2023,KIA,5.02215,5.091775,10.026000000000039,5.041666666666667,최형우 - 김도영 - 김선빈 - 나성범 - 소크라테 - 박찬호 - 황대인 - 김태군 - 이창진
2023,KT,4.392225,4.384475,-1.115999999999957,4.666666666666667,박병호 - 황재균 - 김민혁 - 알포드 - 김상수 - 문상철 - 장성우 - 박경수 - 배정대
2023,LG,5.117175,5.138275,3.038400000000081,5.326388888888889,문성주 - 오지환 - 김현수 - 오스틴 - 홍창기 - 신민재 - 문보경 - 박동원 - 박해민
2023,NC,4.686775,4.686775,0.0,4.779310344827586,손아섭 - 박민우 - 박건우 - 마틴 - 권희동 - 서호철 - 오영수 - 박세혁 - 김주원
2023,SSG,4.4834,4.537075,7.72920000000002,4.569444444444445,추신수 - 한유섬 - 최정 - 최지훈 - 에레디아 - 최주환 - 오태곤 - 박성한 - 김민식
2023,두산,4.4303,4.43905,1.2600000000000051,4.337931034482758,김재호 - 로하스 - 조수행 - 정수빈 - 양의지 - 김재환 - 양석환 - 허경민 - 강승호
2023,롯데,3.743125,3.74395,0.11879999999997892,4.534722222222222,노진혁 - 윤동희 - 황성빈 - 안치홍 - 전준우 - 한동희 - 고승민 - 유강남 - 김민석
2023,삼성,4.2375,4.27025,4.716000000000008,4.416666666666667,구자욱 - 피렐라 - 김현준 - 김지찬 - 강민호 - 강한울 - 김동엽 - 오재일 - 이재현
2023,키움,4.026075,4.0554,4.2228000000000065,4.215277777777778,김준완 - 김혜성 - 이정후 - 이주형 - 이형종 - 송성문 - 이원석 - 김휘집 - 이지영
2023,한화,4.021075,4.021075,0.0,4.194444444444445,노시환 - 정은원 - 채은성 - 이진영 - 윌리엄스 - 문현빈 - 김인환 - 최재훈 - 이도윤
2024,KIA,5.66865,5.698325,4.273199999999889,5.958333333333333,김선빈 - 나성범 - 김도영 - 최형우 - 소크라테 - 최원준 - 박찬호 - 이우성 - 김태군
2024,KT,5.206475,5.219525,1.879199999999969,5.263513513513513,천성호 - 김민혁 - 장성우 - 로하스 - 강백호 - 문상철 - 배정대 - 황재균 - 김상수
2024,LG,5.3123,5.278775,-4.827599999999876,5.586206896551724,김현수 - 오스틴 - 홍창기 - 문보경 - 박해민 - 오지환 - 김범석 - 박동원 - 신민재
2024,NC,5.273075,5.334125,8.791199999999975,5.368055555555555,권희동 - 박건우 - 박민우 - 데이비슨 - 김형준 - 서호철 - 김성욱 - 김주원 - 손아섭
2024,SSG,5.0697,5.0477,-3.168000000000035,5.23448275862069,추신수 - 최지훈 - 최정 - 에레디아 - 박성한 - 박지환 - 한유섬 - 고명준 - 이지영
2024,두산,5.05985,5.0519,-1.1448000000000178,5.404109589041096,허경민 - 김재환 - 정수빈 - 양의지 - 라모스 - 양석환 - 조수행 - 박준영 - 강승호
2024,롯데,5.38895,5.416525,3.9707999999999544,5.569444444444445,레이예스 - 고승민 - 윤동희 - 황성빈 - 나승엽 - 손호영 - 손성빈 - 박승욱 - 전준우
2024,삼성,5.64365,5.65195,1.1952000000000282,5.347222222222222,김지찬 - 맥키넌 - 구자욱 - 이재현 - 김헌곤 - 박병호 - 김영웅 - 강민호 - 류지혁
2024,키움,4.551825,4.541325,-1.5120000000000573,4.666666666666667,송성문 - 도슨 - 김혜성 - 이주형 - 최주환 - 박수종 - 김건희 - 김휘집 - 김재현
2024,한화,4.759775,4.759825,0.00719999999998322,5.173611111111111,안치홍 - 최인호 - 김태연 - 노시환 - 채은성 - 황영묵 - 장진혁 - 이도윤 - 최재훈
2025,KIA,4.89365,4.897175,0.5075999999999681,4.638888888888889,김호령 - 최형우 - 박찬호 - 김선빈 - 나성범 - 오선우 - 김태군 - 위즈덤 - 이우성
2025,KT,4.290725,4.3164,3.6971999999999525,4.5,장성우 - 안현민 - 허경민 - 강백호 - 황재균 - 김민혁 - 배정대 - 김상수 - 권동진
2025,LG,5.38615,5.394975,1.27079999999998,5.472222222222222,홍창기 - 신민재 - 김현수 - 오스틴 - 문성주 - 박동원 - 문보경 - 오지환 - 박해민
2025,NC,4.886925,4.925075,5.4935999999999865,5.083333333333333,데이비슨 - 김휘집 - 박건우 - 권희동 - 박민우 - 김주원 - 최원준 - 오영수 - 김형준
2025,SSG,4.49325,4.4859,-1.0583999999999634,4.229166666666667,에레디아 - 최지훈 - 최정 - 안상현 - 한유섬 - 고명준 - 정준재 - 박성한 - 조형우
2025,두산,4.181825,4.20405,3.2003999999999593,4.493055555555555,오명진 - 정수빈 - 양의지 - 케이브 - 박준순 - 양석환 - 이유찬 - 김재환 - 김민석
2025,롯데,4.312375,4.35535,6.188399999999902,4.694444444444445,나승엽 - 레이예스 - 고승민 - 윤동희 - 전준우 - 유강남 - 손호영 - 전민재 - 황성빈
2025,삼성,5.3903,5.391375,0.15480000000002292,5.381944444444445,이재현 - 김성윤 - 구자욱 - 디아즈 - 김지찬 - 강민호 - 김영웅 - 박병호 - 류지혁
2025,키움,3.87945,3.919925,5.8284000000000376,4.034722222222222,카디네스 - 송성문 - 이주형 - 최주환 - 어준서 - 임지열 - 푸이그 - 김태진 - 김건희
2025,한화,4.200725,4.291775,13.11120000000001,4.784722222222222,문현빈 - 플로리얼 - 노시환 - 채은성 - 최재훈 - 이진영 - 황영묵 - 심우준 - 안치홍
