year,playerId,name,team,plateAppearances,atBats,hits,doubles,triples,homeRuns,baseOnBalls,intentionalWalks,hitByPitch,sacFlies,sacBunts,strikeOuts,obp,slg
2022,668843,Conner Capel,OAK,40,35,13,0,1,2,4,0,0,1,0,8,.425,.600
2022,642137,Cody Thomas,OAK,32,30,8,0,0,0,2,0,0,0,0,12,.313,.267
2022,672478,Jordan Diaz,OAK,51,49,13,3,0,0,2,0,0,0,0,7,.294,.327
2022,669221,Sean Murphy,OAK,612,537,134,37,2,18,56,2,13,5,0,124,.332,.426
2022,542194,Christian Bethancourt,OAK,182,169,42,11,0,4,10,0,2,0,1,41,.298,.385
2022,462101,Elvis Andrus,OAK,386,354,84,24,0,8,30,0,2,0,0,62,.301,.373
2022,640461,Chad Pinder,OAK,379,361,85,18,0,12,14,0,0,2,1,118,.263,.385
2022,643393,Tony Kemp,OAK,558,497,117,24,2,7,45,0,8,3,5,69,.307,.334
2022,642456,Luis Barrera,OAK,85,77,18,5,0,1,6,0,1,1,0,17,.294,.338
2022,664913,Seth Brown,OAK,555,500,115,26,3,25,51,3,3,1,0,146,.305,.444
2022,605353,Vimael Machín,OAK,253,223,49,12,0,1,25,0,2,3,0,47,.300,.287
2022,669127,Shea Langeliers,OAK,153,142,31,10,1,6,9,0,0,2,0,53,.261,.430
2022,641914,Sheldon Neuse,OAK,293,271,58,4,2,4,20,0,2,0,0,80,.273,.288
2022,657656,Ramón Laureano,OAK,383,346,73,18,0,13,25,0,12,0,0,104,.287,.376
2022,669397,Nick Allen,OAK,326,299,62,13,0,4,19,0,1,1,6,64,.256,.291
2022,660650,Dérmis Garcia,OAK,125,116,24,6,0,5,8,0,1,0,0,55,.264,.388
2022,681146,Jonah Bride,OAK,187,162,33,4,0,1,19,0,4,1,1,32,.301,.247
2022,621450,Skye Bolt,OAK,116,106,21,2,0,4,7,0,2,1,0,30,.259,.330
2022,572039,Stephen Piscotty,OAK,139,126,24,4,0,5,9,1,2,2,0,48,.252,.341
2022,675656,Kevin Smith,OAK,151,139,25,9,1,2,7,0,0,2,3,42,.216,.302
2022,476704,Jed Lowrie,OAK,184,167,30,5,0,3,15,0,0,2,0,39,.245,.263
2022,571602,Matt Davidson,OAK,24,24,4,0,0,1,0,0,0,0,0,10,.167,.292
2022,670276,Cal Stevenson,OAK,71,60,10,3,0,0,8,0,0,1,2,23,.261,.217
2022,665506,Cristian Pache,OAK,260,241,40,5,2,3,15,0,1,0,3,70,.218,.241
2022,519390,Stephen Vogt,OAK,191,168,27,4,1,7,17,0,2,4,0,46,.241,.321
2022,641856,Billy McKinney,OAK,57,52,5,1,0,1,4,1,0,1,0,16,.158,.173
2022,664119,Austin Allen,OAK,16,14,1,0,0,0,1,0,1,0,0,9,.188,.071
2022,676391,Ernie Clement,OAK,18,18,1,1,0,0,0,0,0,0,0,2,.056,.111
2022,518748,Justin Grimm,OAK,0,0,0,0,0,0,0,0,0,0,0,0,.000,.000
2022,623515,Drew Jackson,OAK,3,3,0,0,0,0,0,0,0,0,0,1,.000,.000
2022,621076,James Kaprielian,OAK,0,0,0,0,0,0,0,0,0,0,0,0,.000,.000
2022,547173,Christian Lopes,OAK,10,9,0,0,0,0,1,0,0,0,0,5,.100,.000
2022,676950,David MacKinnon,OAK,14,13,0,0,0,0,1,0,0,0,0,5,.071,.000
2022,676782,Mickey McDonald,OAK,6,4,0,0,0,0,2,0,0,0,0,3,.333,.000
2022,670148,Nate Mondou,OAK,3,2,0,0,0,0,1,0,0,0,0,1,.333,.000
2022,606303,Joel Payamps,OAK,0,0,0,0,0,0,0,0,0,0,0,0,.000,.000
2022,678225,Jihwan Bae,PIT,37,33,11,3,0,0,2,0,2,0,0,6,.405,.424
2022,678894,Liover Peguero,PIT,4,3,1,0,0,0,1,0,0,0,0,2,.500,.333
2022,621028,Kevin Newman,PIT,309,288,79,18,2,2,16,0,2,1,2,48,.316,.372
2022,668804,Bryan Reynolds,PIT,614,542,142,19,4,27,56,6,14,2,0,141,.345,.461
2022,546990,Anthony Alford,PIT,4,4,1,0,0,0,0,0,0,0,0,2,.250,.250
2022,609280,Miguel Andujar,PIT,40,36,9,3,1,0,2,0,0,2,0,5,.275,.389
2022,663647,Ke'Bryan Hayes,PIT,560,505,123,24,3,7,48,0,5,2,0,122,.314,.345
2022,545350,Jake Marisnick,PIT,82,77,18,6,0,2,4,1,0,0,1,24,.272,.390
2022,547379,Roberto Pérez,PIT,69,60,14,2,0,2,9,0,0,0,0,25,.333,.367
2022,666801,Rodolfo Castro,PIT,278,253,59,8,4,11,22,0,2,1,0,74,.299,.427
2022,665833,Oneil Cruz,PIT,361,331,77,13,4,17,28,1,1,1,0,126,.294,.450
2022,592325,Ben Gamel,PIT,423,371,86,20,2,9,48,2,3,1,0,98,.324,.369
2022,656308,Michael Chavis,PIT,426,401,92,16,3,14,19,1,2,4,0,126,.265,.389
2022,596129,Daniel Vogelbach,PIT,278,237,54,10,1,12,40,1,0,1,0,67,.338,.430
2022,668751,Cal Mitchell,PIT,232,212,48,11,0,5,18,0,0,1,1,52,.286,.349
2022,660829,Hoy Park,PIT,60,51,11,2,0,2,4,0,1,2,2,15,.276,.373
2022,641511,Jason Delay,PIT,167,155,33,6,0,1,9,0,2,0,1,50,.265,.271
2022,623168,Tyler Heineman,PIT,158,142,30,6,0,0,8,0,5,0,3,13,.277,.254
2022,672779,Tucupita Marcano,PIT,177,160,33,6,2,2,10,0,1,1,5,44,.256,.306
2022,660636,Diego Castillo,PIT,283,262,54,13,0,11,14,1,3,4,0,75,.251,.382
2022,669261,Jack Suwinski,PIT,372,326,66,11,0,19,41,1,4,1,0,114,.298,.411
2022,675986,Canaan Smith-Njigba,PIT,7,5,1,1,0,0,1,0,1,0,0,0,.429,.400
2022,642165,Josh VanMeter,PIT,192,171,32,5,2,3,19,0,0,2,0,45,.266,.292
2022,656185,Greg Allen,PIT,134,118,22,4,0,2,10,0,2,1,3,42,.260,.271
2022,676632,Bligh Madris,PIT,123,113,20,7,0,1,10,0,0,0,0,31,.244,.265
2022,657061,Cole Tucker,PIT,63,63,11,1,1,0,0,0,0,0,0,25,.175,.222
2022,660294,Yoshi Tsutsugo,PIT,193,170,29,4,0,2,19,0,0,4,0,50,.249,.229
2022,644374,Yu Chang,PIT,49,42,7,1,0,1,4,0,3,0,0,18,.286,.262
2022,605421,Michael Pérez,PIT,116,107,16,0,0,6,8,0,0,0,1,26,.209,.318
2022,595284,Andrew Knapp,PIT,35,31,4,1,0,0,3,0,1,0,0,9,.229,.161
2022,680552,Travis Swaggerty,PIT,9,9,1,0,0,0,0,0,0,0,0,4,.111,.111
2022,608422,José Godoy,PIT,17,17,1,0,0,0,0,0,0,0,0,7,.059,.059
2022,641470,Zack Collins,PIT,29,25,1,0,0,0,3,0,0,1,0,10,.138,.040
2022,670280,David Bednar,PIT,0,0,0,0,0,0,0,0,0,0,0,0,.000,.000
2022,656821,Kevin Padlo,PIT,11,11,0,0,0,0,0,0,0,0,0,1,.000,.000
2022,592518,Manny Machado,SD,644,578,172,37,1,32,63,10,1,2,0,133,.366,.531
2022,543333,Eric Hosmer,SD,369,335,91,16,0,8,33,5,0,1,0,55,.336,.391
2022,608577,Nomar Mazara,SD,171,159,42,8,0,2,10,0,2,0,0,40,.316,.352
2022,571976,Wil Myers,SD,286,261,68,15,0,7,21,1,1,3,0,86,.315,.398
2022,640492,José Azócar,SD,216,202,52,9,3,0,12,0,0,1,1,44,.298,.332
2022,673490,Ha-Seong Kim,SD,582,517,130,29,3,11,51,0,7,4,3,100,.325,.383
2022,543592,Austin Nola,SD,397,347,87,15,0,4,34,1,6,9,1,60,.321,.329
2022,669134,Luis Campusano,SD,50,48,12,1,0,1,1,0,0,1,0,11,.260,.333
2022,595751,Jorge Alfaro,SD,274,256,63,14,0,7,11,0,4,3,0,98,.285,.383
2022,595777,Jurickson Profar,SD,658,575,140,36,2,15,73,0,4,3,3,103,.331,.391
2022,630105,Jake Cronenworth,SD,684,587,140,30,4,17,70,3,16,8,0,131,.332,.390
2022,592273,Brandon Drury,SD,183,168,40,9,0,8,9,0,4,2,0,42,.290,.435
2022,665742,Juan Soto,SD,228,182,43,8,1,6,44,2,1,0,0,34,.388,.390
2022,682928,CJ Abrams,SD,139,125,29,5,0,2,4,0,6,2,2,27,.285,.320
2022,572228,Luke Voit,SD,344,298,67,18,0,13,39,1,3,4,0,110,.317,.416
2022,665923,Esteury Ruiz,SD,27,27,6,1,1,0,0,0,0,0,0,5,.222,.333
2022,641525,Brandon Dixon,SD,14,14,3,1,0,0,0,0,0,0,0,5,.214,.286
2022,666703,Eguy Rosario,SD,6,5,1,0,0,0,1,0,0,0,0,2,.333,.200
2022,605137,Josh Bell,SD,210,177,34,5,0,3,32,0,0,0,0,41,.316,.271
2022,663757,Trent Grisham,SD,524,451,83,16,2,17,57,1,7,2,7,150,.284,.341
2022,642727,Sergio Alcántara,SD,38,35,4,0,0,0,2,0,0,1,0,12,.158,.114
2022,676946,Matthew Batten,SD,22,19,2,1,0,0,2,0,1,0,0,6,.227,.158
2022,607461,Matt Beaty,SD,47,43,4,1,1,0,2,0,2,0,0,8,.170,.163
2022,429664,Robinson Canó,SD,34,33,3,0,0,0,1,0,0,0,0,10,.118,.091
2022,572204,Trayce Thompson,SD,16,14,1,0,0,0,2,0,0,0,0,7,.188,.071
2022,642451,Luis Liberato,SD,5,5,0,0,0,0,0,0,0,0,0,3,.000,.000
2022,573124,Taylor Rogers,SD,0,0,0,0,0,0,0,0,0,0,0,0,.000,.000
2022,667670,Brent Rooker,SD,7,7,0,0,0,0,0,0,0,0,0,4,.000,.000
2022,605483,Blake Snell,SD,0,0,0,0,0,0,0,0,0,0,0,0,.000,.000
2022,656403,Drew Ellis,SEA,3,3,1,0,0,0,0,0,0,0,0,1,.333,.333
2022,657247,Brian O'Keefe,SEA,4,3,1,0,0,0,1,0,0,0,0,2,.500,.333
2022,608596,Tom Murphy,SEA,42,33,10,2,0,1,8,0,0,0,0,13,.439,.455
2022,677594,Julio Rodríguez,SEA,560,511,145,25,3,28,40,4,8,1,0,145,.345,.509
2022,664034,Ty France,SEA,613,551,151,27,1,20,35,3,21,5,0,94,.338,.436
2022,664059,Sam Haggerty,SEA,201,176,45,9,1,5,18,3,4,2,1,53,.335,.403
2022,571745,Mitch Haniger,SEA,247,224,55,8,0,11,20,1,1,2,0,65,.308,.429
2022,641487,J.P. Crawford,SEA,603,518,126,24,3,6,68,0,10,5,2,80,.339,.336
2022,624428,Adam Frazier,SEA,602,541,129,22,4,3,46,1,5,6,4,73,.301,.311
2022,553993,Eugenio Suárez,SEA,629,543,128,24,2,31,73,0,8,5,0,196,.332,.459
2022,620443,Luis Torrens,SEA,166,151,34,2,0,3,12,0,1,2,0,50,.283,.298
2022,664238,Dylan Moore,SEA,255,205,46,11,2,6,34,2,13,1,1,75,.368,.385
2022,608385,Jesse Winker,SEA,547,456,100,15,0,14,84,1,4,3,0,103,.344,.344
2022,663728,Cal Raleigh,SEA,415,370,78,20,1,27,38,0,2,5,0,122,.284,.489
2022,656821,Kevin Padlo,SEA,11,10,2,1,0,0,1,0,0,0,0,5,.273,.300
2022,657129,Marcus Wilson,SEA,6,5,1,0,0,0,1,0,0,0,0,4,.333,.200
2022,666211,Taylor Trammell,SEA,117,102,20,9,0,4,13,0,0,1,1,33,.284,.402
2022,467793,Carlos Santana,SEA,294,255,49,8,0,15,35,1,2,2,0,60,.293,.400
2022,647351,Abraham Toro,SEA,352,324,60,13,1,10,22,1,2,4,0,65,.239,.324
2022,645801,Mike Ford,SEA,38,29,5,1,0,0,8,0,1,0,0,12,.368,.207
2022,571875,Jake Lamb,SEA,34,30,5,1,0,1,3,0,1,0,0,14,.265,.300
2022,519306,Steven Souza Jr.,SEA,19,19,3,0,0,0,0,0,0,0,0,8,.158,.158
2022,641786,Kyle Lewis,SEA,62,56,8,0,0,3,5,0,1,0,0,19,.226,.304
2022,672284,Jarred Kelenic,SEA,181,163,23,5,1,7,16,0,1,1,0,61,.221,.313
2022,592200,Curt Casali,SEA,50,40,5,1,0,1,9,0,1,0,0,14,.300,.225
2022,457708,Justin Upton,SEA,57,48,6,1,0,1,6,0,3,0,0,23,.263,.208
2022,666374,Matt Brash,SEA,0,0,0,0,0,0,0,0,0,0,0,0,.000,.000
2022,650895,Diego Castillo,SEA,0,0,0,0,0,0,0,0,0,0,0,0,.000,.000
2022,656413,Stuart Fairchild,SEA,3,3,0,0,0,0,0,0,0,0,0,2,.000,.000
2022,608671,Travis Jankowski,SEA,1,1,0,0,0,0,0,0,0,0,0,1,.000,.000
2022,595284,Andrew Knapp,SEA,4,4,0,0,0,0,0,0,0,0,0,3,.000,.000
2022,677223,Jack Larsen,SEA,1,1,0,0,0,0,0,0,0,0,0,1,.000,.000
2022,670090,Wyatt Mills,SEA,0,0,0,0,0,0,0,0,0,0,0,0,.000,.000
2022,682171,Penn Murfee,SEA,0,0,0,0,0,0,0,0,0,0,0,0,.000,.000
2022,623149,Paul Sewald,SEA,0,0,0,0,0,0,0,0,0,0,0,0,.000,.000
2022,608716,Drew Steckenrider,SEA,0,0,0,0,0,0,0,0,0,0,0,0,.000,.000
2022,622268,Donovan Walton,SEA,0,0,0,0,0,0,0,0,0,0,0,0,.000,.000
2022,621573,Austin Dean,SF,9,8,3,0,0,0,1,0,0,0,0,0,.444,.375
2022,592626,Joc Pederson,SF,433,380,104,19,3,23,42,3,7,4,0,100,.353,.521
2022,613564,Jason Vosler,SF,111,98,26,6,1,4,10,1,2,1,0,29,.342,.469
2022,596103,Austin Slater,SF,325,277,73,15,2,7,40,0,6,2,0,89,.366,.408
2022,605204,J.D. Davis,SF,158,137,36,8,0,8,19,1,2,0,0,56,.361,.496
2022,642731,Thairo Estrada,SF,541,488,127,22,2,14,33,0,14,5,1,89,.322,.400
2022,642851,Austin Wynns,SF,177,162,42,7,0,3,10,0,3,1,1,38,.313,.358
2022,670768,Luis González,SF,350,311,78,17,2,4,30,1,4,5,0,75,.320,.357
2022,645801,Mike Ford,SF,4,4,1,0,0,0,0,0,0,0,0,0,.250,.250
2022,595284,Andrew Knapp,SF,7,4,1,0,0,0,2,0,0,1,0,0,.429,.250
2022,663897,Luke Williams,SF,12,12,3,1,0,0,0,0,0,0,0,4,.250,.333
2022,446334,Evan Longoria,SF,298,266,65,13,0,14,27,2,2,3,0,83,.315,.451
2022,643289,Mauricio Dubón,SF,49,46,11,1,0,2,1,0,0,2,0,4,.245,.391
2022,600303,Tommy La Stella,SF,195,180,43,14,0,2,11,0,1,3,0,30,.282,.350
2022,606213,Yermín Mercedes,SF,83,73,17,5,0,1,9,0,1,0,0,17,.325,.342
2022,592200,Curt Casali,SF,126,108,25,3,0,4,15,0,1,2,0,36,.325,.370
2022,543063,Brandon Crawford,SF,458,407,94,15,2,9,39,3,8,4,0,98,.308,.344
2022,681584,David Villar,SF,181,156,36,6,1,9,18,0,6,1,0,58,.331,.455
2022,527038,Wilmer Flores,SF,602,525,120,28,1,19,59,1,11,7,0,103,.316,.394
2022,573131,Darin Ruf,SF,314,268,58,9,0,11,40,0,5,1,0,85,.328,.373
2022,663698,Joey Bart,SF,291,261,56,6,0,11,26,0,4,0,0,112,.296,.364
2022,573262,Mike Yastrzemski,SF,558,485,104,31,2,17,61,0,5,6,1,141,.305,.392
2022,474832,Brandon Belt,SF,298,254,54,9,1,8,37,2,6,1,0,81,.326,.350
2022,664774,LaMonte Wade Jr.,SF,251,217,45,7,1,8,26,0,5,1,2,51,.305,.359
2022,553988,Dixon Machado,SF,17,15,3,0,0,0,1,0,1,0,0,5,.294,.200
2022,621453,Steven Duggar,SF,39,36,7,3,0,0,2,0,0,1,0,16,.231,.278
2022,621446,Lewis Brinson,SF,39,36,6,2,0,3,2,0,0,0,1,14,.211,.472
2022,656821,Kevin Padlo,SF,12,12,2,0,0,0,0,0,0,0,0,4,.167,.167
2022,622268,Donovan Walton,SF,78,76,12,8,0,1,1,0,1,0,0,16,.179,.303
2022,641432,Willie Calhoun,SF,9,8,1,0,0,0,1,0,0,0,0,2,.222,.125
2022,607249,Jason Krizan,SF,10,8,1,0,0,0,2,0,0,0,0,3,.300,.125
2022,669369,Bryce Johnson,SF,19,18,2,0,0,0,1,0,0,0,0,7,.158,.111
2022,665154,Ford Proctor,SF,22,18,2,0,0,1,2,0,0,2,0,3,.182,.278
2022,671218,Heliot Ramos,SF,22,20,2,0,0,0,2,0,0,0,0,6,.182,.100
2022,518397,Scott Alexander,SF,0,0,0,0,0,0,0,0,0,0,0,0,.000,.000
2022,656413,Stuart Fairchild,SF,8,8,0,0,0,0,0,0,0,0,0,3,.000,.000
2022,657709,Michael Papierski,SF,10,9,0,0,0,0,1,0,0,0,0,4,.100,.000
2022,664789,Ka'ai Tom,SF,1,1,0,0,0,0,0,0,0,0,0,0,.000,.000
2022,502671,Paul Goldschmidt,STL,651,561,178,41,0,35,79,1,5,4,0,141,.404,.578
2022,571448,Nolan Arenado,STL,620,557,163,42,1,30,52,3,7,4,0,72,.358,.533
2022,680977,Brendan Donovan,STL,468,391,110,21,1,5,60,1,14,2,1,70,.394,.379
2022,405395,Albert Pujols,STL,351,307,83,14,0,24,28,1,10,6,0,55,.345,.550
2022,572816,Corey Dickerson,STL,297,281,75,17,1,6,12,1,2,2,0,48,.300,.399
2022,669242,Tommy Edman,STL,630,577,153,31,4,13,46,2,5,1,1,111,.324,.400
2022,664056,Harrison Bader,STL,264,246,63,7,3,5,13,0,4,1,0,47,.303,.370
2022,660766,Juan Yepez,STL,274,253,64,13,0,12,16,0,1,4,0,61,.296,.447
2022,666185,Dylan Carlson,STL,488,432,102,30,4,8,45,1,7,4,0,94,.316,.380
2022,663457,Lars Nootbaar,STL,347,290,66,16,3,14,51,1,1,5,0,71,.340,.448
2022,641933,Tyler O'Neill,STL,383,334,76,11,1,14,38,0,4,7,0,103,.308,.392
2022,669357,Nolan Gorman,STL,313,283,64,13,0,14,28,0,2,0,0,103,.300,.420
2022,668800,Andrew Knizner,STL,293,260,56,10,0,4,26,0,6,0,1,62,.301,.300
2022,425877,Yadier Molina,STL,270,262,56,8,0,5,5,0,2,1,0,40,.233,.302
2022,624641,Edmundo Sosa,STL,131,122,23,4,3,0,4,0,5,0,0,38,.244,.270
2022,676475,Alec Burleson,STL,53,48,9,1,0,1,5,0,0,0,0,9,.264,.271
2022,668843,Conner Capel,STL,19,17,3,0,0,1,1,0,0,1,0,2,.211,.353
2022,657557,Paul DeJong,STL,237,210,33,9,0,6,21,0,4,2,0,79,.245,.286
2022,519222,Austin Romine,STL,28,26,4,1,0,0,2,0,0,0,0,7,.214,.192
2022,641512,Ben DeLuzio,STL,25,20,3,1,0,0,3,0,1,0,1,5,.292,.200
2022,671056,Iván Herrera,STL,22,18,2,0,0,0,2,0,0,1,1,8,.190,.111
2022,669461,Matthew Liberatore,STL,0,0,0,0,0,0,0,0,0,0,0,0,.000,.000
2022,670298,Kramer Robertson,STL,1,1,0,0,0,0,0,0,0,0,0,0,.000,.000
2022,605486,Cory Spangenberg,STL,0,0,0,0,0,0,0,0,0,0,0,0,.000,.000
2022,623912,Harold Ramírez,TB,435,403,121,24,0,6,19,1,9,4,0,72,.343,.404
2022,650490,Yandy Díaz,TB,558,473,140,33,0,9,78,2,6,1,0,60,.401,.423
2022,677551,Wander Franco,TB,344,314,87,20,3,6,26,1,0,4,0,33,.328,.417
2022,622534,Manuel Margot,TB,363,336,92,18,2,4,24,1,2,1,0,68,.325,.375
2022,668227,Randy Arozarena,TB,645,586,154,41,3,20,46,2,11,2,0,156,.327,.445
2022,596451,Roman Quinn,TB,47,42,11,2,2,0,4,0,1,0,0,21,.340,.405
2022,644374,Yu Chang,TB,105,96,25,3,0,3,7,0,0,2,0,27,.305,.385
2022,542194,Christian Bethancourt,TB,151,149,38,6,0,7,2,0,0,0,0,39,.265,.436
2022,444482,David Peralta,TB,180,161,41,11,1,0,14,1,2,3,0,40,.317,.335
2022,642336,Francisco Mejía,TB,299,289,70,22,0,6,7,0,2,1,0,65,.264,.381
2022,642350,Jose Siri,TB,178,166,40,9,0,4,11,0,1,0,0,60,.292,.367
2022,596847,Ji Man Choi,TB,419,356,83,22,0,11,58,3,2,3,0,123,.341,.388
2022,595281,Kevin Kiermaier,TB,221,206,47,8,0,7,14,0,1,0,0,61,.281,.369
2022,664040,Brandon Lowe,TB,266,235,52,10,2,8,27,0,3,1,0,61,.308,.383
2022,666139,Josh Lowe,TB,198,181,40,12,2,2,15,1,1,0,1,66,.284,.343
2022,650907,René Pinto,TB,83,80,17,3,0,2,2,0,1,0,0,35,.241,.325
2022,670623,Isaac Paredes,TB,381,331,68,16,0,20,44,0,4,2,0,67,.304,.435
2022,670042,Luke Raley,TB,72,61,12,2,0,1,7,0,3,1,0,24,.306,.279
2022,666018,Jonathan Aranda,TB,87,78,15,4,0,2,8,1,1,0,0,23,.276,.321
2022,670156,Miles Mastrobuoni,TB,17,16,3,0,0,0,1,0,0,0,0,6,.235,.188
2022,670764,Taylor Walls,TB,466,407,70,18,2,8,52,0,2,2,2,120,.268,.285
2022,660644,Vidal Bruján,TB,162,147,24,5,0,3,12,0,1,2,0,37,.228,.259
2022,572287,Mike Zunino,TB,123,115,17,3,0,5,6,0,1,1,0,46,.195,.304
2022,621433,Brett Phillips,TB,208,184,27,4,0,5,16,0,3,1,4,85,.225,.250
2022,663556,Shane McClanahan,TB,0,0,0,0,0,0,0,0,0,0,0,0,.000,.000
2022,663993,Nathaniel Lowe,TEX,645,593,179,26,3,27,48,2,4,0,0,147,.358,.492
2022,664029,Mark Mathias,TEX,74,65,18,3,0,5,9,0,0,0,0,26,.365,.554
2022,608700,Kevin Plawecki,TEX,11,11,3,0,0,0,0,0,0,0,0,4,.273,.273
2022,676646,Zach Reks,TEX,34,34,9,1,0,0,0,0,0,0,0,10,.265,.294
2022,669352,Bubba Thompson,TEX,181,170,45,5,0,1,7,0,2,0,2,56,.302,.312
2022,665750,Leody Taveras,TEX,341,314,82,14,2,5,21,0,2,3,1,88,.309,.366
2022,518586,Charlie Culberson,TEX,124,115,29,6,0,2,5,0,0,0,4,31,.283,.357
2022,666969,Adolis García,TEX,657,605,151,34,5,27,40,2,6,6,0,183,.300,.456
2022,543760,Marcus Semien,TEX,724,657,163,31,5,26,53,0,4,10,0,120,.304,.429
2022,608369,Corey Seager,TEX,663,593,145,24,1,33,58,7,7,5,0,103,.317,.455
2022,669087,Sam Huff,TEX,132,121,29,4,0,4,11,1,0,0,0,42,.303,.372
2022,677649,Ezequiel Duran,TEX,220,208,49,10,1,5,12,0,0,0,0,54,.277,.365
2022,641680,Jonah Heim,TEX,450,406,92,20,1,16,41,0,1,2,0,87,.298,.399
2022,628451,Andy Ibáñez,TEX,128,119,26,4,0,1,9,0,0,0,0,21,.273,.277
2022,543543,Brad Miller,TEX,241,222,47,3,0,7,18,0,0,1,0,70,.270,.320
2022,641598,Mitch Garver,TEX,215,188,39,7,0,10,23,0,2,2,0,53,.298,.404
2022,669256,Nick Solak,TEX,95,82,17,1,0,3,7,0,5,0,1,19,.309,.329
2022,673962,Josh Jung,TEX,102,98,20,4,1,5,4,0,0,0,0,39,.235,.418
2022,642201,Eli White,TEX,117,105,21,2,0,3,11,0,0,1,0,41,.274,.305
2022,669701,Josh Smith,TEX,253,213,42,5,0,2,28,0,7,3,2,50,.307,.249
2022,594777,Kole Calhoun,TEX,424,388,76,14,1,12,27,0,6,3,0,136,.257,.330
2022,609274,Elier Hernandez,TEX,35,33,6,2,0,0,1,0,0,1,0,15,.200,.242
2022,621453,Steven Duggar,TEX,19,17,3,0,0,0,2,0,0,0,0,12,.263,.176
2022,650619,Meibrys Viloria,TEX,75,63,10,1,0,2,11,0,0,1,0,29,.280,.270
2022,641432,Willie Calhoun,TEX,53,44,6,3,0,1,8,0,1,0,0,6,.283,.273
2022,667727,Steele Walker,TEX,16,14,1,0,0,1,2,0,0,0,0,4,.188,.286
2022,669618,Joe Barlow,TEX,0,0,0,0,0,0,0,0,0,0,0,0,.000,.000
2022,656685,Brett Martin,TEX,0,0,0,0,0,0,0,0,0,0,0,0,.000,.000
2022,672640,Otto Lopez,TOR,10,9,6,0,0,0,1,0,0,0,0,1,.700,.667
2022,672515,Gabriel Moreno,TOR,73,69,22,1,0,1,4,0,0,0,0,8,.356,.377
2022,666971,Lourdes Gurriel Jr.,TOR,493,453,132,32,1,5,31,1,6,2,0,83,.343,.400
2022,666182,Bo Bichette,TOR,697,652,189,43,1,24,41,0,2,2,0,155,.333,.469
2022,672386,Alejandro Kirk,TOR,541,470,134,19,0,14,63,2,4,4,0,58,.372,.415
2022,593160,Whit Merrifield,TOR,130,121,34,5,0,5,8,0,0,1,0,24,.323,.446
2022,665489,Vladimir Guerrero Jr.,TOR,706,638,175,35,0,32,58,6,6,4,0,116,.339,.480
2022,669289,Santiago Espinal,TOR,491,449,120,25,0,7,36,1,2,3,1,68,.322,.370
2022,543807,George Springer,TOR,583,513,137,22,4,25,54,1,7,5,0,100,.342,.472
2022,623168,Tyler Heineman,TOR,16,15,4,2,0,0,0,0,0,0,1,4,.267,.400
2022,606192,Teoscar Hernández,TOR,535,499,133,35,1,25,34,0,2,0,0,152,.316,.491
2022,606132,Raimel Tapia,TOR,433,411,109,20,3,7,16,0,0,1,3,81,.292,.380
2022,643376,Danny Jansen,TOR,248,215,56,10,0,15,25,1,3,5,0,44,.339,.516
2022,656305,Matt Chapman,TOR,621,538,123,27,1,27,68,1,10,5,0,170,.324,.433
2022,624415,Cavan Biggio,TOR,303,257,52,18,1,6,38,0,6,1,1,85,.318,.350
2022,681962,Vinny Capra,TOR,7,5,1,0,0,0,2,0,0,0,0,1,.429,.200
2022,641470,Zack Collins,TOR,79,72,14,4,0,4,6,0,1,0,0,31,.266,.417
2022,598265,Jackie Bradley Jr.,TOR,80,73,13,4,0,1,7,0,0,0,0,19,.250,.274
2022,641741,Gosuke Katoh,TOR,11,7,1,1,0,0,3,0,0,0,1,1,.400,.286
2022,605548,Bradley Zimmer,TOR,101,89,9,4,0,2,5,0,6,0,1,41,.200,.213
2022,647315,Zach Pop,TOR,0,0,0,0,0,0,0,0,0,0,0,0,.000,.000
2022,650333,Luis Arraez,MIN,603,547,173,31,1,8,50,2,3,3,0,43,.375,.420
2022,668904,Royce Lewis,MIN,41,40,12,4,0,2,1,0,0,0,0,5,.317,.550
2022,621043,Carlos Correa,MIN,590,522,152,24,1,22,61,2,3,4,0,121,.366,.467
2022,570482,Gio Urshela,MIN,551,501,143,27,3,13,41,2,2,7,0,96,.338,.429
2022,624503,Nick Gordon,MIN,443,405,110,28,4,9,19,1,10,6,3,105,.316,.427
2022,669304,Jose F Miranda,MIN,483,444,119,25,0,15,28,0,10,1,0,91,.325,.426
2022,666135,Alex Kirilloff,MIN,156,144,36,7,0,3,5,0,4,2,0,36,.290,.361
2022,665482,Gilberto Celestino,MIN,347,311,74,12,1,2,32,0,2,0,2,77,.313,.302
2022,593871,Jorge Polanco,MIN,445,375,88,16,0,16,64,1,2,4,0,95,.346,.405
2022,664247,Kyle Garlick,MIN,162,150,35,3,0,9,8,0,3,1,0,48,.284,.433
2022,663616,Trevor Larnach,MIN,180,160,37,13,0,5,18,1,0,2,0,57,.306,.406
2022,670242,Matt Wallner,MIN,65,57,13,3,0,2,6,1,2,0,0,25,.323,.386
2022,596146,Max Kepler,MIN,446,388,88,18,1,9,49,1,5,4,0,66,.318,.348
2022,621439,Byron Buxton,MIN,382,340,76,13,3,28,34,0,7,1,0,116,.306,.526
2022,595909,Jake Cave,MIN,177,164,35,7,3,5,11,0,0,2,0,49,.260,.384
2022,680777,Ryan Jeffers,MIN,236,212,44,10,1,7,23,0,0,0,1,62,.285,.363
2022,596142,Gary Sánchez,MIN,471,419,86,24,0,16,40,0,7,5,0,136,.282,.377
2022,506702,Sandy León,MIN,65,56,10,3,0,0,7,0,0,0,2,23,.270,.232
2022,650339,Jermaine Palacios,MIN,77,70,10,0,0,2,4,0,0,2,1,27,.184,.229
2022,676628,Mark Contreras,MIN,61,58,7,1,0,3,1,0,1,1,0,21,.148,.293
2022,593934,Miguel Sanó,MIN,71,60,5,0,0,1,9,0,1,1,0,25,.211,.133
2022,542921,Tim Beckham,MIN,25,25,2,0,0,0,0,0,0,0,0,9,.080,.080
2022,643348,Caleb Hamilton,MIN,23,18,1,0,0,1,4,0,0,0,1,14,.227,.222
2022,608648,Tyler Duffey,MIN,0,0,0,0,0,0,0,0,0,0,0,0,.000,.000
2022,661395,Jhoan Duran,MIN,0,0,0,0,0,0,0,0,0,0,0,0,.000,.000
2022,605242,Michael Fulmer,MIN,0,0,0,0,0,0,0,0,0,0,0,0,.000,.000
2022,608422,José Godoy,MIN,5,3,0,0,0,0,2,0,0,0,0,2,.400,.000
2022,571740,Billy Hamilton,MIN,8,7,0,0,0,0,1,0,0,0,0,4,.125,.000
2022,605347,Jorge López,MIN,0,0,0,0,0,0,0,0,0,0,0,0,.000,.000
2022,656730,Trevor Megill,MIN,0,0,0,0,0,0,0,0,0,0,0,0,.000,.000
2022,573204,Caleb Thielbar,MIN,0,0,0,0,0,0,0,0,0,0,0,0,.000,.000
2022,656495,Dalton Guthrie,PHI,28,21,7,0,0,1,6,0,1,0,0,7,.500,.476
2022,624641,Edmundo Sosa,PHI,59,54,17,7,1,2,1,0,2,1,1,12,.345,.593
2022,669016,Brandon Marsh,PHI,138,132,38,9,2,3,6,0,0,0,0,41,.319,.455
2022,547180,Bryce Harper,PHI,426,370,106,28,1,18,46,9,3,7,0,87,.364,.514
2022,664761,Alec Bohm,PHI,631,586,164,24,3,13,31,1,4,10,0,110,.315,.398
2022,516416,Jean Segura,PHI,387,354,98,9,0,10,25,1,7,1,0,58,.336,.387
2022,592663,J.T. Realmuto,PHI,562,504,139,26,5,22,41,1,12,5,0,119,.342,.478
2022,596117,Garrett Stubbs,PHI,121,106,28,4,1,5,14,0,0,0,1,30,.350,.462
2022,592206,Nick Castellanos,PHI,558,524,138,27,0,13,29,0,3,2,0,130,.305,.389
2022,669742,Darick Hall,PHI,142,136,34,8,1,9,5,0,1,0,0,44,.282,.522
2022,665155,Nick Maton,PHI,85,72,18,2,1,5,10,0,1,2,0,29,.341,.514
2022,605548,Bradley Zimmer,PHI,16,16,4,1,0,0,0,0,0,0,0,4,.250,.313
2022,656555,Rhys Hoskins,PHI,672,589,145,33,2,30,72,0,6,4,0,169,.332,.462
2022,663837,Matt Vierling,PHI,357,325,80,12,2,6,23,0,3,6,0,70,.297,.351
2022,546318,Odúbel Herrera,PHI,197,185,44,9,1,5,11,0,0,1,0,42,.279,.378
2022,622666,Johan Camargo,PHI,166,152,36,3,0,3,13,0,0,0,1,37,.297,.316
2022,681082,Bryson Stott,PHI,466,427,100,19,2,10,36,0,1,1,1,89,.295,.358
2022,656941,Kyle Schwarber,PHI,669,577,126,21,3,46,86,3,4,2,0,200,.323,.504
2022,622168,Yairo Muñoz,PHI,60,57,12,2,0,3,3,0,0,0,0,10,.250,.404
2022,544369,Didi Gregorius,PHI,232,214,45,9,4,1,13,0,3,2,0,36,.263,.304
2022,596451,Roman Quinn,PHI,40,37,6,1,0,0,3,0,0,0,0,15,.225,.189
2022,665922,Símon Muzziotti,PHI,9,7,1,0,0,0,0,0,1,0,1,2,.250,.143
2022,666160,Mickey Moniak,PHI,50,46,6,1,0,0,3,0,0,0,1,19,.184,.152
2022,621237,José Alvarado,PHI,1,1,0,0,0,0,0,0,0,0,0,1,.000,.000
2022,571446,Mark Appel,PHI,0,0,0,0,0,0,0,0,0,0,0,0,.000,.000
2022,571479,Andrew Bellatti,PHI,0,0,0,0,0,0,0,0,0,0,0,0,.000,.000
2022,544727,Jeurys Familia,PHI,0,0,0,0,0,0,0,0,0,0,0,0,.000,.000
2022,664068,Scott Kingery,PHI,0,0,0,0,0,0,0,0,0,0,0,0,.000,.000
2022,640458,Óscar Mercado,PHI,1,1,0,0,0,0,0,0,0,0,0,1,.000,.000
2022,668941,JoJo Romero,PHI,0,0,0,0,0,0,0,0,0,0,0,0,.000,.000
2022,664848,Donny Sands,PHI,4,3,0,0,0,0,1,0,0,0,0,1,.250,.000
2022,644433,Chadwick Tromp,ATL,4,4,3,2,0,0,0,0,0,0,0,0,.750,1.250
2022,671739,Michael Harris II,ATL,441,414,123,27,3,19,21,0,5,0,1,107,.339,.514
2022,687093,Vaughn Grissom,ATL,156,141,41,6,0,5,11,1,3,1,0,34,.353,.440
2022,661388,William Contreras,ATL,376,334,93,14,1,20,39,1,1,2,0,104,.354,.506
2022,621020,Dansby Swanson,ATL,696,640,177,32,1,25,49,0,3,4,0,182,.329,.447
2022,663586,Austin Riley,ATL,693,615,168,39,2,38,57,1,17,4,0,168,.349,.528
2022,518595,Travis d'Arnaud,ATL,426,396,106,25,1,18,19,0,11,0,0,90,.319,.472
2022,660670,Ronald Acuña Jr.,ATL,533,467,124,24,0,15,53,4,10,3,0,126,.351,.413
2022,594838,Phil Gosselin,ATL,24,23,6,0,0,0,1,0,0,0,0,6,.292,.261
2022,645277,Ozzie Albies,ATL,269,247,61,16,0,8,16,0,2,4,0,47,.294,.409
2022,606115,Orlando Arcia,ATL,234,209,51,9,0,9,21,0,2,2,0,51,.316,.416
2022,621566,Matt Olson,ATL,699,616,148,44,0,34,75,6,4,4,0,170,.325,.477
2022,542303,Marcell Ozuna,ATL,507,470,106,19,0,23,31,0,2,4,0,122,.274,.413
2022,543257,Robbie Grossman,ATL,157,138,30,6,0,5,18,0,0,1,0,39,.306,.370
2022,641513,Travis Demeritte,ATL,96,89,19,2,0,3,6,0,0,1,0,32,.260,.337
2022,594807,Adam Duvall,ATL,315,287,61,16,1,12,21,0,5,2,0,101,.276,.401
2022,592696,Eddie Rosario,ATL,270,250,53,12,1,5,17,0,0,3,0,68,.259,.328
2022,628338,Guillermo Heredia,ATL,82,76,12,3,1,3,6,0,0,0,0,32,.220,.342
2022,501303,Ehire Adrianza,ATL,16,13,2,1,0,0,3,0,0,0,0,3,.313,.231
2022,429664,Robinson Canó,ATL,27,26,4,1,0,0,1,0,0,0,0,4,.185,.192
2022,444489,Manny Piña,ATL,17,14,2,0,0,0,1,0,1,1,0,1,.235,.143
2022,543105,Alex Dickerson,ATL,36,33,4,0,0,1,3,0,0,0,0,9,.194,.212
2022,676625,Rylan Bannon,ATL,0,0,0,0,0,0,0,0,0,0,0,0,.000,.000
2022,645801,Mike Ford,ATL,8,7,0,0,0,0,1,0,0,0,0,2,.125,.000
2022,623451,Jackson Stephens,ATL,0,0,0,0,0,0,0,0,0,0,0,0,.000,.000
2022,547989,José Abreu,CWS,679,601,183,40,0,15,62,2,12,4,0,110,.378,.446
2022,641313,Tim Anderson,CWS,351,332,100,13,0,6,14,1,5,0,0,55,.339,.395
2022,650391,Eloy Jiménez,CWS,327,292,86,12,0,16,28,0,3,4,0,72,.358,.500
2022,664901,Danny Mendick,CWS,106,97,28,4,1,3,7,0,1,0,1,23,.343,.443
2022,673357,Luis Robert Jr.,CWS,401,380,108,18,0,12,17,1,3,1,0,77,.319,.426
2022,462101,Elvis Andrus,CWS,191,181,49,8,0,9,9,0,1,0,0,30,.309,.464
2022,683734,Andrew Vaughn,CWS,555,510,138,28,1,17,31,0,9,5,0,96,.321,.429
2022,664874,Seby Zavala,CWS,205,178,48,14,0,2,19,0,3,2,3,64,.347,.382
2022,543281,Josh Harrison,CWS,425,386,99,19,2,7,21,0,14,2,2,71,.317,.370
2022,669394,Jake Burger,CWS,183,168,42,9,1,8,10,1,3,1,1,56,.302,.458
2022,572041,AJ Pollock,CWS,527,489,120,26,1,14,32,0,2,4,0,98,.292,.389
2022,657757,Gavin Sheets,CWS,410,377,91,19,0,15,27,0,3,3,0,86,.295,.411
2022,663853,Romy Gonzalez,CWS,109,105,25,4,1,2,2,0,1,1,0,39,.257,.352
2022,656514,Adam Haseley,CWS,25,21,5,0,0,0,3,0,0,0,1,7,.333,.238
2022,624512,Reese McGuire,CWS,166,151,34,9,0,0,6,0,2,2,5,33,.261,.285
2022,641553,Adam Engel,CWS,260,245,55,13,1,2,11,1,4,0,0,76,.269,.310
2022,656024,Carlos Pérez,CWS,18,18,4,2,0,0,0,0,0,0,0,2,.222,.333
2022,660162,Yoán Moncada,CWS,433,397,84,18,1,12,32,2,2,1,1,114,.273,.353
2022,544725,Leury García,CWS,315,300,63,8,0,3,7,0,3,3,2,65,.233,.267
2022,518735,Yasmani Grandal,CWS,376,327,66,7,0,5,45,1,2,2,0,79,.301,.269
2022,592622,Mark Payton,CWS,25,21,3,0,0,0,4,0,0,0,0,4,.280,.143
2022,672820,Lenyn Sosa,CWS,36,35,4,1,0,1,1,0,0,0,0,12,.139,.229
2022,607481,Aaron Bummer,CWS,0,0,0,0,0,0,0,0,0,0,0,0,.000,.000
2022,641582,Matt Foster,CWS,0,0,0,0,0,0,0,0,0,0,0,0,.000,.000
2022,608665,Kendall Graveman,CWS,0,0,0,0,0,0,0,0,0,0,0,0,.000,.000
2022,521230,Liam Hendriks,CWS,0,0,0,0,0,0,0,0,0,0,0,0,.000,.000
2022,669424,Jimmy Lambert,CWS,0,0,0,0,0,0,0,0,0,0,0,0,.000,.000
2022,625643,Reynaldo López,CWS,0,0,0,0,0,0,0,0,0,0,0,0,.000,.000
2022,644429,Anderson Severino,CWS,0,0,0,0,0,0,0,0,0,0,0,0,.000,.000
2022,656388,Joe Dunand,MIA,11,10,3,1,0,1,0,0,1,0,0,3,.364,.700
2022,641779,Charles Leblanc,MIA,169,156,41,10,0,4,12,0,1,0,0,53,.320,.404
2022,677954,Jordan Groshans,MIA,65,61,16,0,0,1,4,0,0,0,0,13,.308,.311
2022,643265,Garrett Cooper,MIA,469,414,108,33,2,9,40,0,10,5,0,119,.337,.415
2022,621563,Joey Wendle,MIA,371,347,90,24,1,3,15,0,5,3,1,50,.297,.360
2022,665862,Jazz Chisholm Jr.,MIA,241,213,54,10,4,14,21,0,3,3,0,66,.325,.535
2022,650559,Bryan De La Cruz,MIA,355,329,83,20,0,13,19,0,2,4,0,90,.294,.432
2022,553902,Willians Astudillo,MIA,55,54,13,0,0,1,1,0,0,0,0,3,.255,.296
2022,542932,Jon Berti,MIA,404,358,86,17,3,4,42,0,3,1,0,89,.324,.338
2022,542583,Jesús Aguilar,MIA,456,415,98,18,0,15,27,1,4,5,0,106,.286,.388
2022,500743,Miguel Rojas,MIA,507,471,111,19,2,6,26,1,6,3,1,61,.283,.323
2022,663897,Luke Williams,MIA,124,115,27,4,1,1,9,1,0,0,0,40,.290,.313
2022,663743,Nick Fortes,MIA,240,217,50,6,1,9,18,0,5,0,0,45,.304,.392
2022,541645,Avisaíl García,MIA,380,357,80,9,0,8,17,0,4,2,0,109,.266,.317
2022,607732,Jacob Stallings,MIA,384,346,77,12,0,4,29,0,6,2,1,83,.292,.292
2022,605119,Brian Anderson,MIA,383,338,75,16,1,8,37,2,7,1,0,101,.311,.346
2022,660821,Jesús Sánchez,MIA,343,313,67,14,3,13,26,0,3,1,0,92,.280,.403
2022,624585,Jorge Soler,MIA,306,270,56,13,0,13,31,1,3,1,0,90,.295,.400
2022,680814,Peyton Burdick,MIA,102,92,19,4,0,4,8,0,2,0,0,35,.284,.380
2022,570481,Erik González,MIA,41,37,7,1,0,0,4,0,0,0,0,12,.268,.216
2022,666464,Jerar Encarnacion,MIA,81,77,14,3,0,3,3,0,0,1,0,32,.210,.338
2022,650331,Lewin Díaz,MIA,174,160,27,4,0,5,11,0,1,2,0,54,.224,.288
2022,668709,JJ Bleday,MIA,238,204,34,10,2,5,30,0,2,2,0,67,.277,.309
2022,668721,Payton Henry,MIA,35,28,4,0,0,0,5,0,2,0,0,8,.314,.143
2022,571740,Billy Hamilton,MIA,15,13,1,0,0,0,1,0,0,0,1,8,.143,.077
2022,542914,Anthony Bass,MIA,0,0,0,0,0,0,0,0,0,0,0,0,.000,.000
2022,542947,Richard Bleier,MIA,0,0,0,0,0,0,0,0,0,0,0,0,.000,.000
2022,571670,Dylan Floro,MIA,0,0,0,0,0,0,0,0,0,0,0,0,.000,.000
2022,677053,Andrew Nardi,MIA,0,0,0,0,0,0,0,0,0,0,0,0,.000,.000
2022,595345,Steven Okert,MIA,0,0,0,0,0,0,0,0,0,0,0,0,.000,.000
2022,647315,Zach Pop,MIA,0,0,0,0,0,0,0,0,0,0,0,0,.000,.000
2022,656945,Tanner Scott,MIA,0,0,0,0,0,0,0,0,0,0,0,0,.000,.000
2022,642121,Cole Sulser,MIA,0,0,0,0,0,0,0,0,0,0,0,0,.000,.000
2022,542963,Rob Brantly,NYY,3,3,1,1,0,0,0,0,0,0,0,0,.333,.667
2022,592450,Aaron Judge,NYY,696,570,177,28,0,62,111,19,6,5,0,175,.425,.686
2022,672724,Oswald Peraza,NYY,57,49,15,3,0,1,6,0,2,0,0,9,.404,.429
2022,572761,Matt Carpenter,NYY,154,128,39,9,0,15,19,1,5,1,1,35,.412,.727
2022,518934,DJ LeMahieu,NYY,541,467,122,18,0,12,67,0,4,2,1,71,.357,.377
2022,643396,Isiah Kiner-Falefa,NYY,531,483,126,20,0,4,35,2,5,5,3,72,.314,.327
2022,650402,Gleyber Torres,NYY,572,526,135,28,1,24,39,2,3,3,1,129,.310,.451
2022,643217,Andrew Benintendi,NYY,131,114,29,9,1,2,13,0,1,2,1,25,.331,.404
2022,624431,Jose Trevino,NYY,353,335,83,12,1,11,15,0,2,1,0,62,.283,.388
2022,665828,Oswaldo Cabrera,NYY,171,154,38,8,1,6,15,0,0,1,1,44,.312,.429
2022,609280,Miguel Andujar,NYY,100,96,22,2,0,1,3,0,0,1,0,22,.250,.281
2022,543309,Kyle Higashioka,NYY,248,229,52,7,0,10,12,0,1,4,2,52,.264,.389
2022,519203,Anthony Rizzo,NYY,548,465,104,21,1,32,58,6,23,2,0,101,.338,.480
2022,518626,Josh Donaldson,NYY,546,478,106,28,0,15,54,1,8,6,0,148,.308,.374
2022,664056,Harrison Bader,NYY,49,46,10,3,0,0,2,0,0,1,0,15,.245,.283
2022,543305,Aaron Hicks,NYY,453,384,83,9,2,8,62,3,4,2,1,109,.330,.313
2022,519317,Giancarlo Stanton,NYY,452,398,84,7,0,31,50,2,0,3,0,137,.297,.462
2022,641796,Tim Locastro,NYY,46,43,8,1,0,2,2,0,1,0,0,7,.239,.349
2022,503556,Marwin Gonzalez,NYY,207,184,34,7,0,6,14,0,4,2,3,54,.255,.321
2022,608336,Joey Gallo,NYY,273,233,37,4,1,12,40,0,0,0,0,106,.282,.339
2022,664314,Estevan Florial,NYY,35,31,3,0,0,0,3,0,1,0,0,13,.200,.097
2022,608597,Ronald Guzmán,NYY,6,6,0,0,0,0,0,0,0,0,0,5,.000,.000
2022,642528,Jonathan Loáisiga,NYY,0,0,0,0,0,0,0,0,0,0,0,0,.000,.000
2022,657376,Clarke Schmidt,NYY,0,0,0,0,0,0,0,0,0,0,0,0,.000,.000
2022,669003,Garrett Mitchell,MIL,68,61,19,3,0,2,6,0,0,0,1,28,.373,.459
2022,622569,Pablo Reyes,MIL,16,15,4,0,0,0,1,0,0,0,0,2,.313,.267
2022,670712,Mike Brosseau,MIL,160,141,36,5,0,6,14,0,5,0,0,48,.344,.418
2022,592669,Hunter Renfroe,MIL,522,474,121,23,1,29,39,1,4,3,2,121,.315,.492
2022,592885,Christian Yelich,MIL,671,575,145,25,4,14,88,5,5,2,1,162,.355,.383
2022,543939,Kolten Wong,MIL,497,430,108,24,4,15,46,2,14,5,2,88,.339,.430
2022,666128,Mario Feliciano,MIL,5,4,1,0,0,0,1,0,0,0,0,1,.400,.250
2022,656577,Alex Jackson,MIL,12,12,3,0,0,0,0,0,0,0,0,7,.250,.250
2022,649966,Luis Urías,MIL,472,406,97,17,1,16,50,0,11,5,0,99,.335,.404
2022,642715,Willy Adames,MIL,617,563,134,31,0,31,49,3,1,4,0,166,.298,.458
2022,457705,Andrew McCutchen,MIL,580,515,122,25,0,17,57,1,4,4,0,124,.316,.384
2022,607054,Jace Peterson,MIL,328,288,68,14,2,8,33,2,2,3,2,85,.316,.382
2022,621438,Tyrone Taylor,MIL,405,373,87,21,3,17,22,0,7,3,0,102,.286,.442
2022,669374,Keston Hiura,MIL,266,234,53,8,1,14,23,0,8,1,0,111,.316,.449
2022,641505,Jonathan Davis,MIL,91,76,17,1,0,0,14,0,0,0,1,26,.344,.237
2022,600474,Pedro Severino,MIL,21,18,4,2,0,0,3,0,0,0,0,7,.333,.333
2022,642133,Rowdy Tellez,MIL,599,529,116,23,0,35,62,9,5,3,0,121,.306,.461
2022,553882,Omar Narváez,MIL,296,262,54,12,1,4,29,1,3,1,1,57,.292,.305
2022,605170,Victor Caratini,MIL,314,272,54,12,0,9,31,1,9,1,1,67,.300,.342
2022,456715,Lorenzo Cain,MIL,156,145,26,5,0,1,8,0,2,1,0,36,.231,.234
2022,664029,Mark Mathias,MIL,17,16,2,0,0,1,0,0,0,1,0,4,.118,.313
2022,665923,Esteury Ruiz,MIL,9,8,0,0,0,0,1,0,0,0,0,2,.111,.000
2022,670869,Livan Soto,LAA,59,55,22,5,1,1,2,0,0,1,1,13,.414,.582
2022,681351,Logan O'Hoppe,LAA,16,14,4,0,0,0,2,0,0,0,0,3,.375,.286
2022,545361,Mike Trout,LAA,499,438,124,28,2,40,54,8,6,1,0,139,.369,.630
2022,621493,Taylor Ward,LAA,564,495,139,22,2,23,60,0,4,5,0,120,.360,.473
2022,660271,Shohei Ohtani,LAA,666,586,160,30,6,34,72,14,5,3,0,161,.356,.519
2022,650859,Luis Rengifo,LAA,511,489,129,22,4,17,17,0,4,0,1,79,.294,.429
2022,664058,David Fletcher,LAA,228,216,55,9,1,2,7,0,3,0,2,16,.288,.333
2022,622110,Matt Duffy,LAA,247,228,57,8,0,2,17,0,2,0,0,50,.308,.311
2022,519222,Austin Romine,LAA,9,8,2,0,0,0,0,0,0,0,1,3,.250,.250
2022,645801,Mike Ford,LAA,99,91,21,4,0,3,8,0,0,0,0,26,.293,.374
2022,543685,Anthony Rendon,LAA,193,166,38,10,0,5,23,0,2,2,0,35,.326,.380
2022,669016,Brandon Marsh,LAA,323,292,66,9,2,8,22,1,3,3,3,117,.284,.353
2022,666176,Jo Adell,LAA,285,268,60,12,2,8,11,0,4,1,0,107,.264,.373
2022,642180,Tyler Wade,LAA,163,147,32,5,0,1,10,0,1,0,5,33,.272,.272
2022,642136,Matt Thaiss,LAA,81,69,15,1,0,2,11,1,0,1,0,24,.321,.319
2022,665120,Jared Walsh,LAA,454,423,91,18,2,15,27,4,4,0,0,138,.269,.374
2022,666160,Mickey Moniak,LAA,62,60,12,2,1,3,1,0,1,0,0,25,.226,.417
2022,683021,Michael Stefanic,LAA,69,61,12,2,0,0,5,0,2,0,1,12,.279,.230
2022,623205,Andrew Velazquez,LAA,349,322,63,8,0,9,15,0,3,3,6,119,.236,.304
2022,676950,David MacKinnon,LAA,43,37,7,0,0,0,5,0,0,1,0,12,.279,.189
2022,608686,Jack Mayfield,LAA,74,70,13,1,1,1,3,0,1,0,0,17,.230,.271
2022,501571,Juan Lagares,LAA,62,60,11,2,1,0,2,0,0,0,0,15,.210,.250
2022,656509,Monte Harrison,LAA,14,11,2,0,0,1,2,0,1,0,0,8,.357,.455
2022,545358,Max Stassi,LAA,375,333,60,12,1,9,38,0,2,1,1,112,.267,.303
2022,435559,Kurt Suzuki,LAA,159,139,25,4,0,4,15,0,2,2,1,29,.266,.295
2022,642423,Magneuris Sierra,LAA,96,91,15,1,3,0,4,0,0,0,1,25,.200,.242
2022,542340,Jonathan Villar,LAA,54,49,8,0,0,1,4,0,0,0,1,17,.226,.224
2022,595453,Chad Wallach,LAA,40,35,5,1,0,1,4,0,0,0,1,9,.231,.257
2022,666922,Ryan Aguilar,LAA,26,22,3,1,0,0,2,0,1,1,0,14,.231,.182
2022,670351,Jose Rojas,LAA,57,56,7,2,0,0,0,0,1,0,0,19,.140,.161
2022,594838,Phil Gosselin,LAA,53,51,5,0,1,0,1,0,1,0,0,18,.132,.137
2022,605504,Dillon Thomas,LAA,14,11,1,0,0,0,2,0,1,0,0,6,.286,.091
2022,621453,Steven Duggar,LAA,22,19,1,0,1,0,3,0,0,0,0,13,.182,.158
2022,664334,Aaron Whitefield,LAA,11,11,0,0,0,0,0,0,0,0,0,5,.000,.000
2022,664983,Jake McCarthy,AZ,354,321,91,16,3,8,23,0,6,1,3,76,.342,.427
2022,656448,Stone Garrett,AZ,84,76,21,8,0,4,3,0,1,1,0,27,.309,.539
2022,668942,Josh Rojas,AZ,510,443,119,25,1,9,55,2,2,5,5,98,.349,.391
2022,682998,Corbin Carroll,AZ,115,104,27,9,2,4,8,0,3,0,0,31,.330,.500
2022,444482,David Peralta,AZ,310,278,69,19,2,12,27,4,2,3,0,74,.316,.460
2022,572233,Christian Walker,AZ,667,583,141,25,2,36,69,2,8,7,0,131,.327,.477
2022,642727,Sergio Alcántara,AZ,186,170,41,8,1,6,10,0,1,3,2,45,.283,.406
2022,606993,Jake Hager,AZ,59,50,12,2,0,0,8,0,0,0,1,17,.345,.280
2022,606466,Ketel Marte,AZ,558,492,118,42,2,12,55,3,6,5,0,101,.321,.407
2022,662139,Daulton Varsho,AZ,592,531,125,23,3,27,46,0,7,5,2,145,.302,.443
2022,677950,Alek Thomas,AZ,411,381,88,17,1,8,22,0,3,5,0,74,.275,.344
2022,605113,Nick Ahmed,AZ,54,52,12,2,0,3,2,0,0,0,0,15,.259,.442
2022,656896,Emmanuel Rivera,AZ,148,132,30,8,0,6,12,0,3,1,0,37,.304,.424
2022,656976,Pavin Smith,AZ,277,245,54,9,0,9,28,1,1,3,0,67,.300,.367
2022,671083,Buddy Kennedy,AZ,94,83,18,2,2,1,8,0,1,2,0,23,.287,.325
2022,608348,Carson Kelly,AZ,354,317,67,18,0,7,29,0,4,4,0,71,.282,.334
2022,672695,Geraldo Perdomo,AZ,500,431,84,10,2,5,50,0,5,2,12,103,.285,.262
2022,666179,Seth Beer,AZ,126,111,21,3,0,1,11,1,3,1,0,31,.278,.243
2022,645444,Jose Herrera,AZ,124,111,21,2,0,0,9,0,0,0,4,34,.250,.207
2022,669450,Cooper Hummel,AZ,201,176,31,8,3,3,23,0,1,1,0,64,.274,.307
2022,656669,Jordan Luplow,AZ,234,205,36,5,0,11,25,1,3,1,0,60,.274,.361
2022,606988,Grayson Greiner,AZ,8,6,1,0,0,0,2,0,0,0,0,3,.375,.167
2022,656403,Drew Ellis,AZ,14,13,2,1,0,0,1,0,0,0,0,6,.214,.231
2022,571602,Matt Davidson,AZ,13,10,1,0,0,1,3,0,0,0,0,3,.308,.400
2022,660634,Yonny Hernández,AZ,28,24,2,0,0,0,2,0,0,0,2,4,.154,.083
2022,594694,Wilmer Difo,AZ,6,6,0,0,0,0,0,0,0,0,0,1,.000,.000
2022,656464,Kevin Ginkel,AZ,0,0,0,0,0,0,0,0,0,0,0,0,.000,.000
2022,453178,Ian Kennedy,AZ,0,0,0,0,0,0,0,0,0,0,0,0,.000,.000
2022,573009,Joe Mantiply,AZ,0,0,0,0,0,0,0,0,0,0,0,0,.000,.000
2022,453343,Mark Melancon,AZ,0,0,0,0,0,0,0,0,0,0,0,0,.000,.000
2022,641871,Keynan Middleton,AZ,0,0,0,0,0,0,0,0,0,0,0,0,.000,.000
2022,606625,Reyes Moronta,AZ,0,0,0,0,0,0,0,0,0,0,0,0,.000,.000
2022,669459,Kyle Nelson,AZ,0,0,0,0,0,0,0,0,0,0,0,0,.000,.000
2022,664092,Sean Poppen,AZ,0,0,0,0,0,0,0,0,0,0,0,0,.000,.000
2022,598287,Noé Ramirez,AZ,0,0,0,0,0,0,0,0,0,0,0,0,.000,.000
2022,596133,Luke Weaver,AZ,0,0,0,0,0,0,0,0,0,0,0,0,.000,.000
2022,605525,J.B. Wendelken,AZ,0,0,0,0,0,0,0,0,0,0,0,0,.000,.000
2022,641820,Trey Mancini,BAL,401,354,95,16,1,10,35,2,9,3,0,86,.347,.404
2022,683002,Gunnar Henderson,BAL,132,116,30,7,1,4,16,1,0,0,0,34,.348,.440
2022,679631,Terrin Vavra,BAL,103,89,23,2,1,1,12,0,0,2,0,19,.340,.337
2022,656775,Cedric Mullins,BAL,672,608,157,32,4,16,47,2,9,5,1,126,.318,.403
2022,668939,Adley Rutschman,BAL,470,398,101,35,1,13,65,0,4,3,0,86,.362,.445
2022,669065,Kyle Stowers,BAL,98,91,23,4,1,3,5,0,2,0,0,29,.306,.418
2022,669720,Austin Hays,BAL,582,535,134,35,2,16,34,0,10,3,0,114,.306,.413
2022,663624,Ryan Mountcastle,BAL,609,555,139,28,1,22,43,1,4,7,0,154,.305,.423
2022,602104,Ramón Urías,BAL,445,403,100,17,1,16,30,1,5,4,3,98,.305,.414
2022,623993,Anthony Santander,BAL,647,574,138,24,0,33,55,1,13,5,0,122,.318,.455
2022,663630,Ryan McKenna,BAL,172,156,37,10,0,2,11,1,2,1,2,55,.294,.340
2022,542583,Jesús Aguilar,BAL,51,49,11,1,0,1,1,0,0,0,0,13,.240,.306
2022,622761,Jorge Mateo,BAL,533,494,109,25,7,13,27,0,5,2,3,147,.267,.379
2022,596059,Rougned Odor,BAL,472,426,88,19,3,13,32,1,10,4,0,109,.275,.357
2022,663527,Tyler Nevin,BAL,184,157,31,4,0,2,20,0,4,3,0,46,.299,.261
2022,455139,Robinson Chirinos,BAL,220,195,35,9,0,4,19,0,4,1,1,67,.265,.287
2022,660620,Jonathan Araúz,BAL,29,28,5,0,0,1,1,0,0,0,0,9,.207,.286
2022,621006,Richie Martin Jr.,BAL,33,30,5,0,2,0,3,0,0,0,0,10,.242,.300
2022,676625,Rylan Bannon,BAL,15,14,2,0,0,0,0,0,1,0,0,5,.200,.143
2022,642721,Kelvin Gutiérrez,BAL,33,28,4,1,0,0,4,0,0,0,0,8,.250,.179
2022,621433,Brett Phillips,BAL,17,17,2,2,0,0,0,0,0,0,0,9,.118,.235
2022,621532,Anthony Bemboom,BAL,59,52,6,2,0,1,6,0,0,0,1,17,.207,.212
2022,572008,Chris Owings,BAL,68,56,6,2,0,0,10,0,1,0,1,24,.254,.143
2022,642585,Félix Bautista,BAL,0,0,0,0,0,0,0,0,0,0,0,0,.000,.000
2022,666783,Yusniel Díaz,BAL,1,1,0,0,0,0,0,0,0,0,0,1,.000,.000
2022,670329,Rico Garcia,BAL,0,0,0,0,0,0,0,0,0,0,0,0,.000,.000
2022,607216,Joey Krehbiel,BAL,0,0,0,0,0,0,0,0,0,0,0,0,.000,.000
2022,605347,Jorge López,BAL,0,0,0,0,0,0,0,0,0,0,0,0,.000,.000
2022,672335,Cionel Pérez,BAL,0,0,0,0,0,0,0,0,0,0,0,0,.000,.000
2022,596082,Jake Reed,BAL,0,0,0,0,0,0,0,0,0,0,0,0,.000,.000
2022,621466,DJ Stewart,BAL,3,3,0,0,0,0,0,0,0,0,0,2,.000,.000
2022,622253,Dillon Tate,BAL,0,0,0,0,0,0,0,0,0,0,0,0,.000,.000
2022,624512,Reese McGuire,BOS,108,98,33,5,1,3,6,0,1,1,1,23,.377,.500
2022,664041,Jaylin Davis,BOS,27,24,8,1,0,0,3,0,0,0,0,11,.407,.375
2022,608701,Rob Refsnyder,BOS,177,153,47,11,0,6,15,0,6,3,0,46,.384,.497
2022,593428,Xander Bogaerts,BOS,631,557,171,38,0,15,57,2,10,7,0,118,.377,.456
2022,646240,Rafael Devers,BOS,614,555,164,42,1,27,50,11,6,3,0,114,.358,.521
2022,624414,Christian Arroyo,BOS,300,280,80,16,1,6,13,2,3,2,2,49,.322,.414
2022,543877,Christian Vázquez,BOS,318,294,83,20,0,8,18,0,3,3,0,51,.327,.432
2022,657077,Alex Verdugo,BOS,644,593,166,39,1,11,42,2,3,6,0,86,.328,.405
2022,502110,J.D. Martinez,BOS,596,533,146,43,1,16,52,1,5,5,0,145,.341,.448
2022,501659,Abraham Almonte,BOS,37,35,9,2,0,1,1,0,1,0,0,12,.297,.400
2022,543333,Eric Hosmer,BOS,50,45,11,3,0,0,4,0,1,0,0,9,.320,.311
2022,596115,Trevor Story,BOS,396,357,85,22,0,16,32,4,3,4,0,122,.303,.434
2022,502054,Tommy Pham,BOS,235,214,50,12,0,6,14,0,6,1,0,67,.298,.374
2022,571771,Enrique Hernández,BOS,402,361,80,24,0,6,34,0,3,4,0,71,.291,.338
2022,680776,Jarren Duran,BOS,223,204,45,14,3,3,14,0,4,1,0,63,.283,.363
2022,614173,Franchy Cordero,BOS,275,242,53,17,1,8,28,1,1,2,2,92,.300,.397
2022,608700,Kevin Plawecki,BOS,175,157,34,8,0,1,14,0,2,1,1,28,.287,.287
2022,666915,Bobby Dalbec,BOS,353,317,68,9,2,12,29,0,3,4,0,118,.283,.369
2022,598265,Jackie Bradley Jr.,BOS,290,271,57,19,1,3,17,0,0,0,2,58,.257,.321
2022,671213,Triston Casas,BOS,95,76,15,1,0,5,19,0,0,0,0,23,.358,.408
2022,657136,Connor Wong,BOS,56,48,9,3,0,1,5,0,1,1,1,16,.273,.313
2022,669023,Jeter Downs,BOS,41,39,6,1,0,1,1,0,0,1,0,21,.171,.256
2022,644374,Yu Chang,BOS,26,20,3,2,0,0,5,0,1,0,0,7,.346,.250
2022,570560,Yolmer Sánchez,BOS,44,37,4,0,0,0,5,0,0,0,2,13,.214,.108
2022,660620,Jonathan Araúz,BOS,12,10,0,0,0,0,0,0,0,1,1,3,.000,.000
2022,543768,Travis Shaw,BOS,19,19,0,0,0,0,0,0,0,0,0,7,.000,.000
2022,663538,Nico Hoerner,CHC,517,481,135,22,5,10,28,4,6,2,0,57,.327,.410
2022,606019,Esteban Quiroz,CHC,47,40,11,0,0,0,4,0,2,0,1,9,.370,.275
2022,664023,Ian Happ,CHC,641,573,155,42,2,17,58,4,6,4,0,149,.342,.440
2022,676724,Jared Young,CHC,22,19,5,2,0,0,3,0,0,0,0,7,.364,.368
2022,673548,Seiya Suzuki,CHC,446,397,104,22,2,14,42,3,4,3,0,110,.336,.433
2022,623520,David Bote,CHC,127,116,30,8,0,4,6,0,4,1,0,45,.315,.431
2022,643271,Narciso Crook,CHC,9,8,2,1,0,0,0,0,0,1,0,3,.222,.375
2022,663611,Nick Madrigal,CHC,228,209,52,7,0,0,14,0,3,0,2,27,.305,.282
2022,575929,Willson Contreras,CHC,487,416,101,23,2,22,45,0,24,2,0,103,.349,.466
2022,542364,Rafael Ortega,CHC,371,316,76,14,1,7,44,2,2,7,1,74,.331,.358
2022,663845,Alfonso Rivas III,CHC,287,251,59,5,2,3,29,1,4,2,1,87,.322,.307
2022,666624,Christopher Morel,CHC,425,379,89,19,4,16,38,0,3,2,3,137,.308,.433
2022,543228,Yan Gomes,CHC,293,277,65,12,0,8,8,0,3,4,1,47,.260,.365
2022,614177,Franmil Reyes,CHC,193,175,41,8,2,5,16,0,1,1,0,53,.301,.389
2022,664731,P.J. Higgins,CHC,229,201,46,11,1,6,22,0,2,1,3,58,.310,.383
2022,643524,Frank Schwindel,CHC,292,271,62,11,0,8,19,1,0,2,0,58,.277,.358
2022,542340,Jonathan Villar,CHC,166,153,34,6,2,2,11,0,0,2,0,42,.271,.327
2022,640449,Clint Frazier,CHC,45,37,8,3,0,0,7,0,1,0,0,11,.356,.297
2022,621550,Patrick Wisdom,CHC,534,469,97,28,0,25,53,1,9,2,1,183,.298,.426
2022,656716,Zach McKinstry,CHC,171,155,32,6,3,4,13,0,1,0,2,48,.272,.361
2022,676369,Nelson Velázquez,CHC,206,185,38,7,3,6,19,0,2,0,0,65,.286,.373
2022,518792,Jason Heyward,CHC,151,137,28,5,1,1,11,0,3,0,0,32,.278,.277
2022,592743,Andrelton Simmons,CHC,85,75,13,1,0,0,7,0,0,0,3,13,.244,.187
2022,545121,Ildemaro Vargas,CHC,26,23,3,0,1,1,3,0,0,0,0,2,.231,.348
2022,641684,Michael Hermosillo,CHC,73,61,7,2,0,0,7,0,4,0,1,27,.250,.148
2022,676714,Brandon Hughes,CHC,0,0,0,0,0,0,0,0,0,0,0,0,.000,.000
2022,621219,Alec Mills,CHC,0,0,0,0,0,0,0,0,0,0,0,0,.000,.000
2022,596057,Daniel Norris,CHC,0,0,0,0,0,0,0,0,0,0,0,0,.000,.000
2022,502085,David Robertson,CHC,1,1,0,0,0,0,0,0,0,0,0,1,.000,.000
2022,663886,Tyler Stephenson,CIN,183,166,53,9,0,6,12,0,3,2,0,47,.372,.482
2022,456781,Donovan Solano,CIN,304,278,79,16,0,4,19,1,5,2,0,61,.339,.385
2022,656413,Stuart Fairchild,CIN,99,86,24,4,1,5,8,0,5,0,0,29,.374,.523
2022,592273,Brandon Drury,CIN,385,350,96,22,2,20,29,0,4,2,0,84,.335,.520
2022,664670,Alejo Lopez,CIN,156,145,38,5,1,1,9,1,2,0,0,21,.314,.331
2022,641584,Jake Fraley,CIN,247,216,56,9,0,12,26,1,3,2,0,54,.344,.468
2022,571657,Kyle Farmer,CIN,583,526,134,25,1,14,33,0,16,6,2,99,.315,.386
2022,595375,JT Riddle,CIN,4,4,1,0,0,0,0,0,0,0,0,1,.250,.250
2022,663697,Jonathan India,CIN,431,386,96,16,2,10,31,1,14,0,0,94,.327,.378
2022,571980,Tyler Naquin,CIN,204,187,46,12,2,7,13,2,3,0,1,53,.305,.444
2022,608703,Matt Reynolds,CIN,272,244,60,10,1,3,26,0,1,1,0,78,.320,.332
2022,670770,TJ Friedl,CIN,258,225,54,10,5,8,20,0,7,6,0,40,.314,.436
2022,502054,Tommy Pham,CIN,387,340,81,11,1,11,42,0,1,4,0,100,.320,.374
2022,669222,Nick Senzel,CIN,420,373,86,13,0,5,30,0,5,1,2,76,.296,.306
2022,546991,Albert Almora Jr.,CIN,235,215,48,10,1,5,17,0,1,1,1,46,.282,.349
2022,519058,Mike Moustakas,CIN,285,252,54,12,0,7,24,0,6,3,0,75,.295,.345
2022,605244,Aramis Garcia,CIN,115,108,23,2,0,1,3,0,2,0,2,34,.248,.259
2022,592567,Colin Moran,CIN,128,109,23,3,0,5,16,0,0,3,0,30,.305,.376
2022,668715,Spencer Steer,CIN,108,95,20,5,0,2,11,0,2,0,0,26,.306,.326
2022,458015,Joey Votto,CIN,376,322,66,18,1,11,44,0,10,0,0,97,.319,.370
2022,656627,Mark Kolozsvary,CIN,21,20,4,2,0,1,1,0,0,0,0,9,.238,.450
2022,606157,Aristides Aquino,CIN,276,259,51,13,0,10,17,0,0,0,0,101,.246,.363
2022,600301,Taylor Motter,CIN,6,6,1,0,0,0,0,0,0,0,0,3,.167,.167
2022,608360,Chris Okey,CIN,13,12,2,0,0,0,0,0,1,0,0,5,.231,.167
2022,672279,Michael Siani,CIN,24,24,4,0,0,0,0,0,0,0,0,7,.167,.167
2022,657709,Michael Papierski,CIN,93,82,13,1,0,1,9,0,0,0,2,22,.242,.207
2022,621011,Max Schrock,CIN,27,26,4,0,0,0,1,0,0,0,0,6,.185,.154
2022,676480,José Barrero,CIN,174,165,25,3,0,2,9,0,0,0,0,76,.195,.206
2022,519222,Austin Romine,CIN,99,95,14,2,0,3,2,0,1,0,1,36,.173,.263
2022,642020,Chuckie Robinson,CIN,60,59,8,2,0,2,0,0,0,0,1,17,.136,.271
2022,669008,Ronnie Dawson,CIN,3,3,0,0,0,0,0,0,0,0,0,2,.000,.000
2022,641682,Ryan Hendrix,CIN,0,0,0,0,0,0,0,0,0,0,0,0,.000,.000
2022,656546,Jeff Hoffman,CIN,0,0,0,0,0,0,0,0,0,0,0,0,.000,.000
2022,669270,Joel Kuhnel,CIN,0,0,0,0,0,0,0,0,0,0,0,0,.000,.000
2022,664294,Dauri Moreta,CIN,0,0,0,0,0,0,0,0,0,0,0,0,.000,.000
2022,665665,Reiver Sanmartin,CIN,2,2,0,0,0,0,0,0,0,0,0,1,.000,.000
2022,519326,Hunter Strickland,CIN,0,0,0,0,0,0,0,0,0,0,0,0,.000,.000
2022,686823,Will Brennan,CLE,45,42,15,1,1,1,2,1,1,0,0,4,.400,.500
2022,680757,Steven Kwan,CLE,638,563,168,25,7,6,62,2,7,4,2,60,.373,.400
2022,665926,Andrés Giménez,CLE,557,491,146,26,3,17,34,4,25,3,4,112,.371,.466
2022,660757,Oscar Gonzalez,CLE,382,362,107,27,0,11,15,2,3,2,0,75,.327,.461
2022,642708,Amed Rosario,CLE,670,637,180,26,9,11,25,0,4,4,0,111,.312,.403
2022,608070,José Ramírez,CLE,685,601,168,44,5,29,69,20,6,9,0,82,.355,.514
2022,647304,Josh Naylor,CLE,498,449,115,28,0,20,38,4,6,5,0,80,.319,.452
2022,671289,Tyler Freeman,CLE,86,77,19,3,0,0,4,0,4,1,0,11,.314,.286
2022,666134,Nolan Jones,CLE,94,86,21,5,0,2,8,1,0,0,0,31,.309,.372
2022,680911,Owen Miller,CLE,472,424,103,26,1,6,32,1,7,9,0,93,.301,.351
2022,680700,Richie Palacios,CLE,123,112,26,6,0,0,9,1,1,1,0,20,.293,.286
2022,571912,Luke Maile,CLE,206,181,40,10,0,3,19,0,3,3,0,54,.301,.326
2022,664702,Myles Straw,CLE,596,535,118,22,3,0,54,0,1,4,2,87,.291,.273
2022,614177,Franmil Reyes,CLE,280,263,56,9,0,9,14,0,1,2,0,104,.254,.350
2022,640458,Óscar Mercado,CLE,127,120,25,6,1,4,5,0,1,1,0,28,.244,.375
2022,676391,Ernie Clement,CLE,161,145,29,3,0,0,11,0,2,1,2,24,.264,.221
2022,672356,Gabriel Arias,CLE,57,47,9,1,1,1,8,0,1,0,1,16,.321,.319
2022,666181,Will Benson,CLE,61,55,10,1,0,0,3,0,2,0,1,19,.250,.200
2022,669743,Alex Call,CLE,16,12,2,0,0,0,4,0,0,0,0,4,.375,.167
2022,595978,Austin Hedges,CLE,338,294,48,4,0,7,25,0,6,3,10,78,.241,.248
2022,506702,Sandy León,CLE,21,15,2,0,0,0,6,0,0,0,0,4,.381,.133
2022,656252,Bobby Bradley,CLE,17,17,2,0,0,0,0,0,0,0,0,9,.118,.118
2022,681526,Bryan Lavastida,CLE,15,12,1,0,0,0,3,0,0,0,0,4,.267,.083
2022,644374,Yu Chang,CLE,10,10,0,0,0,0,0,0,0,0,0,7,.000,.000
2022,660853,Enyel De Los Santos,CLE,0,0,0,0,0,0,0,0,0,0,0,0,.000,.000
2022,666310,Bo Naylor,CLE,8,8,0,0,0,0,0,0,0,0,0,5,.000,.000
2022,543766,Bryan Shaw,CLE,0,0,0,0,0,0,0,0,0,0,0,0,.000,.000
2022,592178,Kris Bryant,COL,181,160,49,12,0,5,17,0,2,2,0,27,.376,.475
2022,602074,Yonathan Daza,COL,408,372,112,21,2,2,26,0,4,5,1,58,.349,.384
2022,656248,Sean Bouchard,COL,97,74,22,6,0,3,21,0,1,1,0,25,.454,.500
2022,578428,Jose Iglesias,COL,467,439,128,30,0,3,17,0,8,3,0,56,.328,.380
2022,592144,Wynton Bernard,COL,42,42,12,1,0,0,0,0,0,0,0,8,.286,.310
2022,676701,Alan Trejo,COL,125,118,32,6,0,4,5,0,2,0,0,31,.312,.424
2022,663898,Brendan Rodgers,COL,581,527,140,30,3,13,46,0,3,5,0,101,.325,.408
2022,453568,Charlie Blackmon,COL,577,530,140,22,6,16,32,4,8,3,4,109,.314,.419
2022,545341,Randal Grichuk,COL,538,506,131,21,3,19,24,0,6,2,0,127,.299,.425
2022,543068,C.J. Cron,COL,632,575,148,28,3,29,43,6,8,5,0,164,.315,.468
2022,641857,Ryan McMahon,COL,597,529,130,23,3,20,60,0,5,3,0,158,.327,.414
2022,656582,Connor Joe,COL,467,404,96,20,4,7,55,0,7,1,0,97,.338,.359
2022,660707,Elehuris Montero,COL,185,176,41,15,1,6,8,0,1,0,0,60,.270,.432
2022,553869,Elias Díaz,COL,381,351,80,18,2,9,25,0,2,3,0,82,.281,.368
2022,669911,Michael Toglia,COL,120,111,24,8,2,2,9,0,0,0,0,44,.275,.378
2022,678662,Ezequiel Tovar,COL,35,33,7,1,0,1,2,0,0,0,0,9,.257,.333
2022,641658,Garrett Hampson,COL,226,199,42,7,3,2,21,0,1,2,3,63,.287,.307
2022,661531,Brian Serven,COL,205,187,38,4,1,6,13,0,2,1,2,44,.261,.332
2022,656541,Sam Hilliard,COL,200,174,32,6,1,2,23,0,1,2,0,57,.280,.264
2022,624513,Dom Nuñez,COL,41,33,4,1,0,0,6,0,0,2,0,10,.244,.152
2022,453268,Daniel Bard,COL,0,0,0,0,0,0,0,0,0,0,0,0,.000,.000
2022,517008,Alex Colomé,COL,0,0,0,0,0,0,0,0,0,0,0,0,.000,.000
2022,608032,Carlos Estévez,COL,0,0,0,0,0,0,0,0,0,0,0,0,.000,.000
2022,656458,Lucas Gilbreath,COL,0,0,0,0,0,0,0,0,0,0,0,0,.000,.000
2022,572863,Dustin Garneau,DET,11,10,3,1,0,0,1,0,0,0,0,4,.364,.400
2022,605612,Harold Castro,DET,443,420,114,21,2,7,17,1,1,2,3,79,.300,.381
2022,408234,Miguel Cabrera,DET,433,397,101,10,0,5,28,3,3,5,0,101,.305,.317
2022,622682,Victor Reyes,DET,336,315,80,19,3,3,13,0,4,4,0,77,.289,.362
2022,606992,Eric Haase,DET,351,323,82,17,1,14,24,1,1,3,0,97,.305,.443
2022,682985,Riley Greene,DET,418,376,95,18,4,5,36,0,3,3,0,120,.321,.362
2022,681481,Kerry Carpenter,DET,113,103,26,4,1,6,6,0,3,1,0,32,.310,.485
2022,640457,Austin Meadows,DET,147,128,32,6,2,0,16,0,3,0,0,17,.347,.328
2022,650489,Willi Castro,DET,392,365,88,18,2,8,15,0,8,3,1,82,.284,.367
2022,595879,Javier Báez,DET,590,555,132,27,4,17,26,1,6,3,0,147,.278,.393
2022,656537,Derek Hill,DET,92,83,19,2,0,1,5,0,0,1,3,28,.270,.289
2022,571466,Tucker Barnhart,DET,308,281,62,10,0,1,25,0,1,0,1,74,.287,.267
2022,663662,Daz Cameron,DET,70,64,14,3,1,1,5,0,1,0,0,20,.286,.344
2022,600869,Jeimer Candelario,DET,467,429,93,19,2,13,28,1,6,4,0,109,.272,.361
2022,543257,Robbie Grossman,DET,320,273,56,13,1,2,38,0,6,3,0,90,.313,.282
2022,668731,Akil Baddoo,DET,225,201,41,3,2,2,24,0,0,0,0,64,.289,.269
2022,679529,Spencer Torkelson,DET,404,360,73,16,1,8,37,0,5,2,0,99,.285,.319
2022,570731,Jonathan Schoop,DET,510,481,97,23,1,11,19,1,6,4,0,107,.239,.322
2022,663478,Brendon Davis,DET,11,10,2,0,0,0,1,0,0,0,0,3,.273,.200
2022,668952,Ryan Kreidler,DET,84,73,13,1,0,1,6,0,1,2,2,22,.244,.233
2022,665019,Kody Clemens,DET,127,117,17,4,0,5,8,0,0,2,0,33,.197,.308
2022,623507,Josh Lester,DET,5,5,0,0,0,0,0,0,0,0,0,3,.000,.000
2022,666159,Matt Manning,DET,0,0,0,0,0,0,0,0,0,0,0,0,.000,.000
2022,670097,Zack Short,DET,13,9,0,0,0,0,2,0,0,2,0,5,.154,.000
2022,682073,David Hensley,HOU,34,29,10,2,1,1,5,0,0,0,0,6,.441,.586
2022,670541,Yordan Alvarez,HOU,561,470,144,29,2,37,78,9,6,7,0,106,.406,.613
2022,514888,Jose Altuve,HOU,604,527,158,39,0,28,66,2,10,1,0,87,.387,.533
2022,488726,Michael Brantley,HOU,277,243,70,14,1,5,31,2,1,1,1,30,.370,.416
2022,608324,Alex Bregman,HOU,656,548,142,38,0,23,87,1,11,10,0,77,.366,.454
2022,663656,Kyle Tucker,HOU,609,544,140,28,1,30,59,4,1,2,0,95,.330,.478
2022,665161,Jeremy Peña,HOU,558,521,132,20,2,22,22,0,6,5,1,135,.289,.426
2022,543877,Christian Vázquez,HOU,108,104,26,3,0,1,4,0,0,0,0,18,.278,.308
2022,676801,Chas McCormick,HOU,407,359,88,12,2,14,46,0,1,1,0,106,.332,.407
2022,649557,Aledmys Díaz,HOU,327,305,74,13,0,12,18,0,2,2,0,53,.287,.403
2022,493329,Yuli Gurriel,HOU,584,545,132,40,0,8,30,0,6,3,0,73,.288,.360
2022,676694,Jake Meyers,HOU,160,150,34,6,2,1,7,0,2,1,0,54,.269,.313
2022,656695,J.J. Matijevic,HOU,71,67,14,2,0,2,2,0,2,0,0,25,.254,.328
2022,643289,Mauricio Dubón,HOU,216,197,41,8,0,3,12,0,1,3,3,26,.254,.294
2022,455117,Martín Maldonado,HOU,379,344,64,12,0,15,22,0,7,2,4,116,.248,.352
2022,642350,Jose Siri,HOU,147,135,24,4,2,3,9,0,2,1,0,48,.238,.304
2022,641820,Trey Mancini,HOU,186,165,29,7,0,8,18,0,1,2,0,49,.258,.364
2022,686676,Korey Lee,HOU,26,25,4,2,0,0,1,0,0,0,0,9,.192,.240
2022,673237,Yainer Diaz,HOU,9,8,1,1,0,0,1,0,0,0,0,2,.222,.250
2022,592348,Niko Goodrum,HOU,45,43,5,2,0,0,2,0,0,0,0,23,.156,.163
2022,488771,Jason Castro,HOU,88,78,9,2,0,1,8,0,1,1,0,40,.205,.179
2022,622100,Taylor Jones,HOU,1,1,0,0,0,0,0,0,0,0,0,0,.000,.000
2022,669309,Joe Perez,HOU,1,1,0,0,0,0,0,0,0,0,0,1,.000,.000
2022,643217,Andrew Benintendi,KC,390,347,111,14,2,3,39,0,1,3,0,52,.387,.398
2022,672580,Maikel Garcia,KC,23,22,7,1,0,0,1,0,0,0,0,5,.348,.364
2022,686469,Vinnie Pasquantino,KC,298,258,76,10,0,10,35,1,3,2,0,34,.383,.450
2022,680118,Dairon Blanco,KC,7,7,2,0,0,0,0,0,0,0,0,4,.286,.286
2022,658668,Edward Olivares,KC,174,161,46,8,0,4,10,0,2,1,0,36,.333,.410
2022,681987,Nate Eaton,KC,122,106,28,4,3,1,10,0,2,3,1,30,.331,.387
2022,521692,Salvador Perez,KC,473,445,113,23,1,23,18,2,7,3,0,109,.292,.465
2022,677951,Bobby Witt Jr.,KC,632,591,150,31,6,20,30,2,6,5,0,135,.294,.428
2022,572191,Michael A. Taylor,KC,456,414,105,10,3,9,35,0,2,3,2,109,.313,.357
2022,686681,Michael Massey,KC,194,173,42,9,1,4,9,0,8,2,2,46,.307,.376
2022,593160,Whit Merrifield,KC,420,383,92,23,1,6,30,0,0,7,0,61,.290,.352
2022,671221,Drew Waters,KC,109,96,23,6,1,5,12,0,0,0,0,40,.324,.479
2022,656811,Ryan O'Hearn,KC,145,134,32,6,1,1,8,0,2,1,0,35,.290,.321
2022,656896,Emmanuel Rivera,KC,211,198,47,8,3,6,11,0,2,0,0,46,.284,.399
2022,641531,Hunter Dozier,KC,500,462,109,26,4,12,34,0,3,1,0,125,.292,.387
2022,670032,Nicky Lopez,KC,480,436,99,12,4,0,29,0,4,1,10,63,.281,.273
2022,669004,MJ Melendez,KC,534,460,100,21,3,18,66,1,1,7,0,131,.313,.393
2022,467793,Carlos Santana,KC,212,176,38,10,0,4,36,1,0,0,0,28,.349,.341
2022,595956,Cam Gallagher,KC,47,42,9,5,0,0,3,0,0,0,2,13,.267,.333
2022,664728,Kyle Isbel,KC,278,256,54,10,4,5,16,0,3,2,1,75,.264,.340
2022,668472,Nick Pratto,KC,182,158,29,9,1,7,19,0,1,3,1,66,.271,.386
2022,667670,Brent Rooker,KC,29,25,4,1,0,0,3,0,1,0,0,7,.276,.200
2022,665861,Sebastián Rivero,KC,29,26,4,0,0,0,2,0,0,0,1,10,.214,.154
2022,609275,Adalberto Mondesi,KC,54,50,7,0,0,0,4,0,0,0,0,20,.204,.140
2022,656061,Albert Abreu,KC,0,0,0,0,0,0,0,0,0,0,0,0,.000,.000
2022,605130,Scott Barlow,KC,0,0,0,0,0,0,0,0,0,0,0,0,.000,.000
2022,671790,Ronald Bolaños,KC,0,0,0,0,0,0,0,0,0,0,0,0,.000,.000
2022,664199,Taylor Clarke,KC,0,0,0,0,0,0,0,0,0,0,0,0,.000,.000
2022,669395,Dylan Coleman,KC,0,0,0,0,0,0,0,0,0,0,0,0,.000,.000
2022,666023,Freddy Fermin,KC,7,7,0,0,0,0,0,0,0,0,0,3,.000,.000
2022,672578,Carlos Hernández,KC,0,0,0,0,0,0,0,0,0,0,0,0,.000,.000
2022,676551,Brewer Hicklen,KC,4,4,0,0,0,0,0,0,0,0,0,4,.000,.000
2022,663738,Daniel Lynch IV,KC,0,0,0,0,0,0,0,0,0,0,0,0,.000,.000
2022,606303,Joel Payamps,KC,0,0,0,0,0,0,0,0,0,0,0,0,.000,.000
2022,676092,Collin Snider,KC,0,0,0,0,0,0,0,0,0,0,0,0,.000,.000
2022,622251,Josh Staumont,KC,0,0,0,0,0,0,0,0,0,0,0,0,.000,.000
2022,681546,James Outman,LAD,16,13,6,2,0,1,2,0,1,0,0,7,.563,.846
2022,518692,Freddie Freeman,LAD,708,612,199,47,2,21,84,12,5,7,0,102,.407,.511
2022,607208,Trea Turner,LAD,708,652,194,39,4,21,45,1,3,6,0,131,.343,.466
2022,457759,Justin Turner,LAD,532,468,130,36,0,13,50,1,6,8,0,89,.350,.438
2022,666158,Gavin Lux,LAD,471,421,116,20,7,6,47,0,0,3,0,95,.346,.399
2022,605141,Mookie Betts,LAD,639,572,154,40,3,35,55,0,8,4,0,104,.340,.533
2022,572204,Trayce Thompson,LAD,239,205,55,14,1,13,30,0,2,2,0,86,.364,.537
2022,669257,Will Smith,LAD,578,508,132,26,3,24,56,4,10,4,0,96,.343,.465
2022,621458,Edwin Rios,LAD,92,86,21,1,0,7,5,1,1,0,0,36,.293,.500
2022,593643,Hanser Alberto,LAD,159,156,38,9,2,2,3,0,0,0,0,25,.258,.365
2022,571875,Jake Lamb,LAD,77,67,16,5,1,2,8,0,2,0,0,24,.338,.433
2022,621035,Chris Taylor,LAD,454,402,89,25,3,10,44,2,5,3,0,160,.304,.373
2022,605131,Austin Barnes,LAD,212,179,38,6,0,8,27,0,3,1,2,37,.324,.380
2022,641355,Cody Bellinger,LAD,550,504,106,27,3,19,38,0,2,6,0,150,.265,.389
2022,571970,Max Muncy,LAD,565,464,91,22,1,21,90,1,5,6,0,141,.329,.384
2022,678246,Miguel Vargas,LAD,50,47,8,1,0,1,2,0,0,1,0,13,.200,.255
2022,608336,Joey Gallo,LAD,137,117,19,4,1,7,16,0,3,1,0,57,.277,.393
2022,657193,Eddy Alvarez,LAD,27,25,4,0,0,0,0,0,0,1,1,9,.154,.160
2022,656716,Zach McKinstry,LAD,14,11,1,0,0,1,3,0,0,0,0,4,.286,.364
2022,607680,Kevin Pillar,LAD,13,12,1,1,0,0,1,0,0,0,0,4,.154,.167
2022,542881,Tyler Anderson,LAD,1,1,0,0,0,0,0,0,0,0,0,1,.000,.000
2022,641360,Phil Bickford,LAD,0,0,0,0,0,0,0,0,0,0,0,0,.000,.000
2022,677865,Justin Bruihl,LAD,0,0,0,0,0,0,0,0,0,0,0,0,.000,.000
2022,518886,Craig Kimbrel,LAD,0,0,0,0,0,0,0,0,0,0,0,0,.000,.000
2022,455119,Chris Martin,LAD,0,0,0,0,0,0,0,0,0,0,0,0,.000,.000
2022,623465,Evan Phillips,LAD,1,0,0,0,0,0,1,0,0,0,0,0,1.000,.000
2022,456034,David Price,LAD,0,0,0,0,0,0,0,0,0,0,0,0,.000,.000
2022,596082,Jake Reed,LAD,0,0,0,0,0,0,0,0,0,0,0,0,.000,.000
2022,547172,Tony Wolters,LAD,4,4,0,0,0,0,0,0,0,0,0,3,.000,.000
2022,608841,Joey Meneses,WSH,240,222,72,14,0,13,15,2,1,2,0,52,.367,.563
2022,543829,Dee Strange-Gordon,WSH,59,59,18,1,1,0,0,0,0,0,0,8,.305,.356
2022,605137,Josh Bell,WSH,437,375,113,24,3,14,49,4,5,6,0,61,.384,.493
2022,545121,Ildemaro Vargas,WSH,196,186,52,13,0,3,5,0,3,1,1,21,.308,.398
2022,671277,Luis García Jr.,WSH,377,360,99,23,2,7,11,1,1,4,1,84,.295,.408
2022,628450,Yadiel Hernandez,WSH,327,305,82,16,0,9,19,0,1,2,0,74,.312,.410
2022,682928,CJ Abrams,WSH,163,159,41,7,2,0,1,0,3,0,0,23,.276,.327
2022,660688,Keibert Ruiz,WSH,433,394,99,22,0,7,30,0,6,2,1,50,.313,.360
2022,514917,César Hernández,WSH,617,560,139,28,4,1,45,0,7,2,3,114,.311,.318
2022,665742,Juan Soto,WSH,436,342,84,17,1,21,91,4,3,0,0,62,.408,.485
2022,669743,Alex Call,WSH,115,102,25,3,1,5,11,0,2,0,0,26,.330,.441
2022,657041,Lane Thomas,WSH,548,498,120,26,2,17,41,0,4,5,0,132,.301,.404
2022,443558,Nelson Cruz,WSH,507,448,105,16,0,10,49,1,4,3,0,119,.313,.337
2022,596748,Maikel Franco,WSH,388,371,85,15,0,9,12,0,2,3,0,75,.255,.342
2022,572228,Luke Voit,WSH,224,202,46,4,0,9,16,0,4,2,0,69,.295,.381
2022,645302,Victor Robles,WSH,407,366,82,10,2,6,17,0,9,4,11,104,.273,.311
2022,444876,Alcides Escobar,WSH,131,124,27,4,2,0,5,0,2,0,0,32,.260,.282
2022,641943,Joshua Palacios,WSH,49,47,10,2,0,0,1,0,1,0,0,15,.245,.255
2022,668663,Tres Barrera,WSH,53,50,9,1,0,0,2,0,0,0,1,16,.212,.200
2022,501303,Ehire Adrianza,WSH,94,84,15,2,0,0,8,0,1,1,0,22,.255,.202
2022,656180,Riley Adams,WSH,155,142,25,4,0,5,12,0,1,0,0,46,.245,.310
2022,665650,Lucius Fox,WSH,28,25,2,0,0,0,1,0,0,0,2,9,.115,.080
2022,672832,Israel Pineda,WSH,14,13,1,0,0,0,1,0,0,0,0,7,.143,.077
2022,666137,Khalil Lee,NYM,2,2,1,0,0,1,0,0,0,0,0,0,.500,2.000
2022,643446,Jeff McNeil,NYM,589,533,174,39,1,9,40,1,11,5,0,61,.382,.454
2022,516782,Starling Marte,NYM,505,466,136,24,5,16,26,0,13,0,0,97,.347,.468
2022,607043,Brandon Nimmo,NYM,673,580,159,30,7,16,71,0,16,3,3,116,.367,.433
2022,641645,Luis Guillorme,NYM,335,297,81,12,1,2,34,1,2,0,2,46,.351,.340
2022,624413,Pete Alonso,NYM,685,597,162,27,0,40,67,16,12,9,0,128,.352,.518
2022,596019,Francisco Lindor,NYM,706,630,170,25,5,26,59,2,10,7,0,133,.339,.449
2022,592192,Mark Canha,NYM,542,462,123,24,0,13,48,1,28,4,0,97,.367,.403
2022,596129,Daniel Vogelbach,NYM,183,149,38,9,0,6,33,1,1,0,0,47,.393,.436
2022,500871,Eduardo Escobar,NYM,542,495,119,26,4,20,40,3,1,6,0,129,.295,.430
2022,621512,Tomás Nido,NYM,313,284,68,15,0,3,14,0,1,2,12,76,.276,.324
2022,605204,J.D. Davis,NYM,207,181,43,8,1,4,20,0,4,2,0,66,.324,.359
2022,571980,Tyler Naquin,NYM,130,123,25,7,2,4,6,0,1,0,0,40,.246,.390
2022,543510,James McCann,NYM,191,174,34,6,0,3,11,0,4,2,0,46,.257,.282
2022,429664,Robinson Canó,NYM,43,41,8,0,0,1,2,0,0,0,0,11,.233,.268
2022,642086,Dominic Smith,NYM,152,134,26,10,1,0,12,0,4,2,0,37,.276,.284
2022,664850,Patrick Mazeika,NYM,72,68,13,4,0,1,2,0,0,0,2,9,.214,.294
2022,683146,Brett Baty,NYM,42,38,7,0,0,2,2,0,1,0,0,8,.244,.342
2022,682626,Francisco Alvarez,NYM,14,12,2,1,0,1,2,0,0,0,0,4,.286,.500
2022,608671,Travis Jankowski,NYM,63,54,9,0,0,0,8,0,1,0,0,9,.286,.167
2022,668901,Mark Vientos,NYM,41,36,6,1,0,1,5,0,0,0,0,12,.268,.278
2022,573131,Darin Ruf,NYM,74,66,10,3,0,0,5,0,1,2,0,20,.216,.197
2022,605253,Terrance Gore,NYM,8,7,1,0,0,0,0,0,0,0,1,3,.143,.143
2022,605421,Michael Pérez,NYM,16,14,2,0,0,0,2,0,0,0,0,6,.250,.143
2022,663911,Nick Plummer,NYM,31,29,4,1,0,2,1,0,1,0,0,12,.194,.379
2022,542255,Ender Inciarte,NYM,8,8,1,0,0,0,0,0,0,0,0,0,.125,.125
2022,663905,Travis Blankenhorn,NYM,3,3,0,0,0,0,0,0,0,0,0,1,.000,.000
2022,621242,Edwin Díaz,NYM,0,0,0,0,0,0,0,0,0,0,0,0,.000,.000
2022,571710,Mychal Givens,NYM,0,0,0,0,0,0,0,0,0,0,0,0,.000,.000
2022,488984,Tommy Hunter,NYM,0,0,0,0,0,0,0,0,0,0,0,0,.000,.000
2022,607625,Seth Lugo,NYM,0,0,0,0,0,0,0,0,0,0,0,0,.000,.000
2022,571918,Deven Marrero,NYM,6,6,0,0,0,0,0,0,0,0,0,3,.000,.000
2022,658431,Adonis Medina,NYM,0,0,0,0,0,0,0,0,0,0,0,0,.000,.000
2022,608703,Matt Reynolds,NYM,0,0,0,0,0,0,0,0,0,0,0,0,.000,.000
2022,570257,Joely Rodríguez,NYM,0,0,0,0,0,0,0,0,0,0,0,0,.000,.000
2022,592741,Chasen Shreve,NYM,0,0,0,0,0,0,0,0,0,0,0,0,.000,.000
2022,570560,Yolmer Sánchez,NYM,0,0,0,0,0,0,0,0,0,0,0,0,.000,.000
2022,592866,Trevor Williams,NYM,0,0,0,0,0,0,0,0,0,0,0,0,.000,.000
