year,name,team,plateAppearances,atBats,hits,doubles,triples,homeRuns,baseOnBalls,intentionalWalks,hitByPitch,sacFlies,strikeOuts,obp,slg,ops
2024,Samad Taylor,SEA,5,5,2,0,0,0,0,0,0,0,1,0.4,0.4,0.8
2024,Victor Robles,SEA,262,229,75,20,0,4,16,0,10,2,44,0.393,0.467,0.86
2024,Julio Rodríguez,SEA,613,567,155,17,0,20,38,1,6,2,156,0.325,0.409,0.734
2024,Justin Turner,SEA,190,159,42,7,0,5,20,2,7,4,35,0.363,0.403,0.766
2024,Cade Marlowe,SEA,9,8,2,0,0,0,1,0,0,0,1,0.333,0.25,0.583
2024,Luke Raley,SEA,455,404,98,19,2,22,27,0,20,2,135,0.32,0.463,0.783
2024,Leo Rivas,SEA,86,73,17,1,1,0,10,0,1,0,24,0.333,0.274,0.607
2024,Randy Arozarena,SEA,239,199,46,14,0,5,28,0,11,1,68,0.356,0.377,0.733
2024,Josh Rojas,SEA,476,422,95,19,2,8,46,1,3,2,108,0.304,0.336,0.64
2024,Ty France,SEA,340,300,67,14,0,8,28,0,11,1,83,0.312,0.35,0.662
2024,Ryan Bliss,SEA,71,63,14,3,1,2,5,0,1,0,22,0.29,0.397,0.687
2024,Cal Raleigh,SEA,628,546,120,16,0,34,70,4,6,6,176,0.312,0.436,0.748
2024,Jorge Polanco,SEA,469,417,89,11,0,16,46,3,4,2,137,0.296,0.355,0.651
2024,Mitch Haniger,SEA,423,380,79,12,0,12,40,0,2,1,126,0.286,0.334,0.62
2024,J.P. Crawford,SEA,451,392,79,16,2,9,52,0,6,1,102,0.304,0.321,0.625
2024,Dylan Moore,SEA,441,368,74,23,4,10,53,1,14,5,123,0.32,0.367,0.687
2024,Dominic Canzone,SEA,188,168,33,7,0,8,18,2,0,2,53,0.271,0.381,0.652
2024,Jonatan Clase,SEA,43,41,8,1,0,0,2,0,0,0,14,0.233,0.22,0.453
2024,Luis Urías,SEA,109,94,18,7,0,4,9,0,6,0,34,0.303,0.394,0.697
2024,Jason Vosler,SEA,30,28,5,1,1,0,2,0,0,0,9,0.233,0.286,0.519
2024,Mitch Garver,SEA,430,367,63,17,0,15,53,0,7,3,133,0.286,0.341,0.627
2024,Tyler Locklear,SEA,49,45,7,1,0,2,3,0,1,0,20,0.224,0.311,0.535
2024,Seby Zavala,SEA,43,39,6,2,0,1,3,0,0,0,16,0.214,0.282,0.496
2024,Sam Haggerty,SEA,16,15,1,0,0,0,1,0,0,0,4,0.125,0.067,0.192
2024,Mike Baumann,SEA,0,0,0,0,0,0,0,0,0,0,0,0.0,0.0,0.0
2024,Luis Castillo,SEA,1,1,0,0,0,0,0,0,0,0,1,0.0,0.0,0.0
2024,Ryne Stanek,SEA,0,0,0,0,0,0,0,0,0,0,0,0.0,0.0,0.0
2024,Trent Thornton,SEA,0,0,0,0,0,0,0,0,0,0,0,0.0,0.0,0.0
2024,Austin Voth,SEA,0,0,0,0,0,0,0,0,0,0,0,0.0,0.0,0.0
2024,Blake Sabol,SF,38,32,10,2,0,0,5,1,1,0,9,0.421,0.375,0.796
2024,Mark Canha,SF,85,73,21,3,0,0,9,0,2,1,17,0.376,0.329,0.705
2024,Tyler Fitzgerald,SF,341,314,88,19,2,15,22,0,4,1,108,0.334,0.497,0.831
2024,Heliot Ramos,SF,518,475,128,23,3,22,37,2,2,4,135,0.322,0.469,0.791
2024,Jung Hoo Lee,SF,158,145,38,4,0,2,10,0,1,2,13,0.31,0.331,0.641
2024,LaMonte Wade Jr.,SF,401,331,86,16,0,8,62,5,4,3,90,0.38,0.381,0.761
2024,David Villar,SF,37,35,9,4,0,1,1,0,0,1,13,0.27,0.457,0.727
2024,Casey Schmitt,SF,113,107,27,4,1,6,4,0,1,1,25,0.283,0.477,0.76
2024,Derek Hill,SF,13,12,3,0,1,0,1,0,0,0,3,0.308,0.417,0.725
2024,Jerar Encarnacion,SF,119,113,28,5,0,5,5,0,0,1,34,0.277,0.425,0.702
2024,Matt Chapman,SF,647,575,142,39,2,27,64,3,6,2,158,0.328,0.463,0.791
2024,Brett Wisely,SF,272,252,60,13,1,4,13,0,2,3,65,0.278,0.345,0.623
2024,Michael Conforto,SF,488,438,104,27,3,20,42,1,5,3,118,0.309,0.45,0.759
2024,Patrick Bailey,SF,448,401,94,16,1,8,39,0,0,7,100,0.298,0.339,0.637
2024,Nick Ahmed,SF,172,155,36,6,1,1,10,0,1,3,35,0.278,0.303,0.581
2024,Mike Yastrzemski,SF,474,428,99,16,9,18,38,1,6,1,124,0.302,0.437,0.739
2024,Thairo Estrada,SF,381,364,79,15,2,9,10,0,5,2,76,0.247,0.343,0.59
2024,Luis Matos,SF,156,150,32,5,0,5,5,1,0,1,24,0.237,0.347,0.584
2024,Marco Luciano,SF,81,76,16,5,1,0,5,0,0,0,28,0.259,0.303,0.562
2024,Wilmer Flores,SF,242,214,44,12,0,4,20,1,3,5,33,0.277,0.318,0.595
2024,Grant McCray,SF,130,124,25,3,2,5,6,0,0,0,56,0.238,0.379,0.617
2024,Austin Slater,SF,112,90,18,1,0,1,16,0,3,3,31,0.33,0.244,0.574
2024,Curt Casali,SF,125,108,21,3,0,1,13,0,2,0,22,0.293,0.25,0.543
2024,Andrew Knapp,SF,6,6,1,0,0,0,0,0,0,0,2,0.167,0.167,0.334
2024,Jakson Reetz,SF,15,14,2,1,0,1,1,0,0,0,5,0.2,0.429,0.629
2024,Donovan Walton,SF,25,22,3,0,0,1,2,0,1,0,7,0.24,0.273,0.513
2024,Trenton Brooks,SF,29,25,3,0,0,0,4,0,0,0,6,0.241,0.12,0.361
2024,Tom Murphy,SF,38,34,4,1,0,1,4,0,0,0,14,0.211,0.235,0.446
2024,Ryan McKenna,SF,6,6,0,0,0,0,0,0,0,0,4,0.0,0.0,0.0
2024,Iván Herrera,STL,259,229,69,12,1,5,25,0,2,2,53,0.372,0.428,0.8
2024,Brendan Donovan,STL,652,587,163,34,3,14,47,0,13,5,81,0.342,0.417,0.759
2024,Nolan Arenado,STL,635,578,157,23,0,16,44,2,5,7,92,0.325,0.394,0.719
2024,Alec Burleson,STL,595,547,147,20,0,21,35,0,4,6,76,0.314,0.42,0.734
2024,Masyn Winn,STL,637,587,157,32,5,15,41,1,1,5,109,0.314,0.416,0.73
2024,Willson Contreras,STL,358,301,79,17,0,15,45,2,12,0,96,0.38,0.468,0.848
2024,Paul Goldschmidt,STL,654,599,147,33,1,22,47,2,2,2,173,0.302,0.414,0.716
2024,Lars Nootbaar,STL,405,348,85,18,3,12,52,2,1,3,79,0.342,0.417,0.759
2024,Pedro Pagés,STL,218,202,48,3,2,7,13,0,0,2,58,0.281,0.376,0.657
2024,Matt Carpenter,STL,157,137,32,7,0,4,15,0,2,2,51,0.314,0.372,0.686
2024,Michael Siani,STL,334,298,68,7,2,2,21,0,3,1,92,0.285,0.285,0.57
2024,Tommy Pham,STL,77,68,14,3,1,2,7,0,1,1,16,0.286,0.368,0.654
2024,Thomas Saggese,STL,52,49,10,2,0,1,2,0,1,0,14,0.25,0.306,0.556
2024,Nolan Gorman,STL,402,365,74,15,0,19,34,1,1,2,151,0.271,0.4,0.671
2024,Jordan Walker,STL,178,164,33,10,1,5,10,0,2,2,50,0.253,0.366,0.619
2024,Dylan Carlson,STL,138,121,24,5,0,0,12,0,2,3,37,0.275,0.24,0.515
2024,Victor Scott II,STL,155,145,26,9,0,2,6,0,2,2,42,0.219,0.283,0.502
2024,Luken Baker,STL,49,40,7,1,1,2,7,0,0,2,11,0.286,0.4,0.686
2024,Brandon Crawford,STL,80,71,12,5,0,1,8,0,1,0,26,0.263,0.282,0.545
2024,José Fermín,STL,79,71,11,1,1,0,7,0,1,0,11,0.241,0.197,0.438
2024,Ryan Fernandez,STL,0,0,0,0,0,0,0,0,0,0,0,0.0,0.0,0.0
2024,Ryan Helsley,STL,0,0,0,0,0,0,0,0,0,0,0,0.0,0.0,0.0
2024,John King,STL,0,0,0,0,0,0,0,0,0,0,0,0.0,0.0,0.0
2024,Andrew Kittredge,STL,0,0,0,0,0,0,0,0,0,0,0,0.0,0.0,0.0
2024,Kyle Leahy,STL,0,0,0,0,0,0,0,0,0,0,0,0.0,0.0,0.0
2024,JoJo Romero,STL,0,0,0,0,0,0,0,0,0,0,0,0.0,0.0,0.0
2024,Jonatan Clase,TOR,23,20,7,1,0,1,1,0,2,0,3,0.435,0.55,0.985
2024,Orelvis Martinez,TOR,3,3,1,0,0,0,0,0,0,0,1,0.333,0.333,0.666
2024,Vladimir Guerrero Jr.,TOR,697,616,199,44,1,30,72,12,5,4,96,0.396,0.544,0.94
2024,Will Wagner,TOR,86,82,25,6,0,2,4,0,0,0,16,0.337,0.451,0.788
2024,Nathan Lukes,TOR,91,76,23,4,2,1,10,0,0,3,9,0.371,0.447,0.818
2024,Isiah Kiner-Falefa,TOR,281,257,75,8,2,7,13,0,6,2,37,0.338,0.42,0.758
2024,Spencer Horwitz,TOR,381,328,87,19,0,12,42,2,7,4,70,0.357,0.433,0.79
2024,Ernie Clement,TOR,452,434,114,21,3,12,11,1,3,2,41,0.284,0.408,0.692
2024,Justin Turner,TOR,349,301,77,17,0,6,39,0,6,3,60,0.35,0.372,0.722
2024,Alejandro Kirk,TOR,386,340,86,19,1,5,35,1,2,9,51,0.319,0.359,0.678
2024,Leo Jiménez,TOR,210,179,41,11,0,4,12,0,16,3,59,0.329,0.358,0.687
2024,Bo Bichette,TOR,336,311,70,16,1,4,20,1,3,2,64,0.277,0.322,0.599
2024,George Springer,TOR,614,545,120,19,3,19,60,0,6,2,115,0.303,0.371,0.674
2024,Daulton Varsho,TOR,513,459,98,21,7,18,48,1,4,1,137,0.293,0.407,0.7
2024,Cavan Biggio,TOR,131,110,22,4,0,2,14,0,6,0,42,0.323,0.291,0.614
2024,Addison Barger,TOR,225,208,41,11,0,7,14,0,1,1,60,0.25,0.351,0.601
2024,Joey Loperfido,TOR,144,137,27,8,3,2,6,0,1,0,52,0.236,0.343,0.579
2024,Kevin Kiermaier,TOR,217,200,39,7,2,4,10,0,1,1,66,0.236,0.31,0.546
2024,Davis Schneider,TOR,454,397,76,19,1,13,47,0,5,5,144,0.282,0.343,0.625
2024,Steward Berroa,TOR,45,37,7,1,0,0,8,0,0,0,14,0.333,0.216,0.549
2024,Daniel Vogelbach,TOR,79,70,13,5,0,1,9,0,0,0,17,0.278,0.3,0.578
2024,Luis De Los Santos,TOR,31,29,5,2,0,0,2,0,0,0,10,0.226,0.241,0.467
2024,Brian Serven,TOR,71,63,10,4,0,0,5,0,2,0,22,0.243,0.222,0.465
2024,Tyler Heineman,TOR,13,10,1,0,0,0,3,0,0,0,5,0.308,0.1,0.408
2024,Génesis Cabrera,TOR,0,0,0,0,0,0,0,0,0,0,0,0.0,0.0,0.0
2024,Chad Green,TOR,0,0,0,0,0,0,0,0,0,0,0,0.0,0.0,0.0
2024,Marcell Ozuna,ATL,688,606,183,31,0,39,74,2,3,4,170,0.378,0.546,0.924
2024,Ramón Laureano,ATL,226,216,64,13,1,10,8,0,2,0,64,0.327,0.505,0.832
2024,Eli White,ATL,42,39,11,1,1,1,1,0,2,0,12,0.333,0.436,0.769
2024,Gio Urshela,ATL,136,132,35,9,0,4,4,0,0,0,23,0.287,0.424,0.711
2024,Michael Harris II,ATL,470,440,116,14,3,16,23,1,4,3,94,0.304,0.418,0.722
2024,Austin Riley,ATL,469,425,109,26,2,19,37,0,5,2,118,0.322,0.461,0.783
2024,Ozzie Albies,ATL,435,399,100,29,1,10,27,0,5,4,65,0.303,0.404,0.707
2024,Ronald Acuña Jr.,ATL,222,192,48,8,1,4,27,0,3,0,53,0.351,0.365,0.716
2024,David Fletcher,ATL,9,8,2,0,0,0,0,0,0,1,1,0.222,0.25,0.472
2024,Chadwick Tromp,ATL,54,52,13,6,0,0,1,0,0,1,17,0.259,0.365,0.624
2024,Whit Merrifield,ATL,161,137,34,5,2,1,20,0,1,0,33,0.348,0.336,0.684
2024,Matt Olson,ATL,685,600,148,37,1,29,71,5,9,5,170,0.333,0.457,0.79
2024,Jorge Soler,ATL,182,152,37,11,0,9,24,0,3,1,44,0.356,0.493,0.849
2024,Forrest Wall,ATL,32,29,7,0,0,0,3,0,0,0,6,0.313,0.241,0.554
2024,Travis d'Arnaud,ATL,341,307,73,16,0,15,24,0,6,4,89,0.302,0.436,0.738
2024,Jarred Kelenic,ATL,449,412,95,18,2,15,32,1,1,3,133,0.286,0.393,0.679
2024,Orlando Arcia,ATL,602,551,120,24,0,17,41,1,2,7,128,0.271,0.354,0.625
2024,Cavan Biggio,ATL,5,5,1,0,0,0,0,0,0,0,2,0.2,0.2,0.4
2024,J.P. Martínez,ATL,10,10,2,1,0,0,0,0,0,0,4,0.2,0.3,0.5
2024,Luke Williams,ATL,52,46,9,3,0,0,4,0,1,0,13,0.275,0.261,0.536
2024,Sean Murphy,ATL,264,233,45,5,1,10,27,1,3,1,67,0.284,0.352,0.636
2024,Adam Duvall,ATL,330,303,55,10,0,11,21,0,5,1,99,0.245,0.323,0.568
2024,Eddie Rosario,ATL,84,78,12,1,0,3,3,0,0,2,23,0.181,0.282,0.463
2024,Luis Guillorme,ATL,21,20,3,2,0,0,1,0,0,0,5,0.19,0.25,0.44
2024,Zack Short,ATL,69,54,8,3,0,0,12,0,1,0,16,0.313,0.204,0.517
2024,Nacho Alvarez Jr.,ATL,32,30,3,0,0,0,0,0,2,0,10,0.156,0.1,0.256
2024,Brian Anderson,ATL,5,5,0,0,0,0,0,0,0,0,2,0.0,0.0,0.0
2024,Duke Ellis,NYY,1,1,1,0,0,0,0,0,0,0,0,1.0,1.0,2.0
2024,Taylor Trammell,NYY,2,1,1,0,0,0,1,0,0,0,0,1.0,1.0,2.0
2024,Aaron Judge,NYY,704,559,180,36,1,58,133,20,9,2,171,0.458,0.701,1.159
2024,Juan Soto,NYY,713,576,166,31,4,41,129,2,4,4,119,0.419,0.569,0.988
2024,Jon Berti,NYY,74,66,18,0,0,1,6,0,1,0,14,0.342,0.318,0.66
2024,Jazz Chisholm Jr.,NYY,191,176,48,7,0,11,14,0,0,1,45,0.325,0.5,0.825
2024,Gleyber Torres,NYY,665,587,151,26,0,15,65,0,3,8,136,0.33,0.378,0.708
2024,Oswaldo Cabrera,NYY,326,299,74,11,0,8,21,0,1,3,63,0.296,0.365,0.661
2024,Anthony Volpe,NYY,689,637,155,27,7,12,42,1,4,3,156,0.293,0.364,0.657
2024,Jahmai Jones,NYY,47,42,10,1,1,1,2,0,2,0,16,0.304,0.381,0.685
2024,Giancarlo Stanton,NYY,459,417,97,20,0,27,38,2,2,2,143,0.298,0.475,0.773
2024,Alex Verdugo,NYY,621,559,130,28,1,13,49,0,1,10,93,0.291,0.356,0.647
2024,Carlos Narváez,NYY,15,13,3,0,0,0,2,0,0,0,6,0.333,0.231,0.564
2024,Austin Wells,NYY,414,354,81,18,1,13,47,0,5,7,87,0.322,0.395,0.717
2024,Anthony Rizzo,NYY,375,337,77,12,0,8,27,0,9,2,65,0.301,0.335,0.636
2024,Jose Trevino,NYY,234,209,45,5,0,8,20,0,2,2,41,0.288,0.354,0.642
2024,DJ LeMahieu,NYY,228,201,41,5,0,2,19,0,1,6,35,0.269,0.259,0.528
2024,Oswald Peraza,NYY,11,10,2,0,0,1,1,0,0,0,3,0.273,0.5,0.773
2024,Trent Grisham,NYY,209,179,34,8,0,9,22,1,4,2,57,0.29,0.385,0.675
2024,Jasson Domínguez,NYY,67,56,10,1,0,2,11,0,0,0,19,0.313,0.304,0.617
2024,Ben Rice,NYY,178,152,26,6,0,7,20,0,1,5,48,0.264,0.349,0.613
2024,J.D. Davis,NYY,22,19,2,1,0,0,3,0,0,0,9,0.227,0.158,0.385
2024,Kevin Smith,NYY,0,0,0,0,0,0,0,0,0,0,0,0.0,0.0,0.0
2024,Jarren Duran,BOS,735,671,191,48,14,21,54,1,6,3,160,0.342,0.492,0.834
2024,Rob Refsnyder,BOS,307,272,77,16,1,11,28,2,5,1,78,0.359,0.471,0.83
2024,Masataka Yoshida,BOS,421,378,106,21,0,10,27,0,14,2,52,0.349,0.415,0.764
2024,Connor Wong,BOS,487,447,125,24,1,13,28,1,9,2,114,0.333,0.425,0.758
2024,Nick Sogard,BOS,86,77,21,4,0,0,7,0,0,2,25,0.326,0.325,0.651
2024,Rafael Devers,BOS,601,525,143,34,5,28,67,14,3,6,147,0.354,0.516,0.87
2024,Romy Gonzalez,BOS,216,199,53,10,1,6,12,0,1,4,58,0.306,0.417,0.723
2024,Trevor Story,BOS,106,94,24,7,0,2,11,2,1,0,33,0.34,0.394,0.734
2024,Wilyer Abreu,BOS,447,399,101,33,2,15,40,0,3,5,125,0.322,0.459,0.781
2024,David Hamilton,BOS,317,294,73,17,1,8,22,0,1,0,80,0.303,0.395,0.698
2024,Ceddanne Rafaela,BOS,571,544,134,23,5,15,15,1,7,3,151,0.274,0.39,0.664
2024,Tyler O'Neill,BOS,473,411,99,18,0,31,53,5,7,2,159,0.336,0.511,0.847
2024,Triston Casas,BOS,243,212,51,8,0,13,30,4,1,0,77,0.337,0.462,0.799
2024,Dominic Smith,BOS,278,249,59,20,0,6,25,0,4,0,65,0.317,0.39,0.707
2024,Enmanuel Valdez,BOS,223,201,43,12,0,6,17,0,0,4,53,0.27,0.363,0.633
2024,Reese McGuire,BOS,158,139,29,3,0,3,13,0,2,3,39,0.28,0.295,0.575
2024,Vaughn Grissom,BOS,114,105,20,3,0,0,7,0,1,1,24,0.246,0.219,0.465
2024,Danny Jansen,BOS,96,80,15,0,0,3,15,0,1,0,19,0.323,0.3,0.623
2024,Pablo Reyes,BOS,64,60,11,2,0,0,3,0,1,0,19,0.234,0.217,0.451
2024,Garrett Cooper,BOS,75,70,12,4,0,0,3,0,2,0,22,0.227,0.229,0.456
2024,Jamie Westbrook,BOS,48,40,6,2,0,2,4,0,1,2,14,0.234,0.35,0.584
2024,Bobby Dalbec,BOS,93,83,11,2,0,1,8,0,1,0,43,0.217,0.193,0.41
2024,Chase Anderson,BOS,0,0,0,0,0,0,0,0,0,0,0,0.0,0.0,0.0
2024,Brennan Bernardino,BOS,0,0,0,0,0,0,0,0,0,0,0,0.0,0.0,0.0
2024,Isaiah Campbell,BOS,0,0,0,0,0,0,0,0,0,0,0,0.0,0.0,0.0
2024,Mickey Gasper,BOS,23,18,0,0,0,0,4,0,1,0,8,0.217,0.0,0.217
2024,Tyler Heineman,BOS,3,2,0,0,0,0,0,0,1,0,1,0.333,0.0,0.333
2024,Kenley Jansen,BOS,0,0,0,0,0,0,0,0,0,0,0,0.0,0.0,0.0
2024,Chris Martin,BOS,0,0,0,0,0,0,0,0,0,0,0,0.0,0.0,0.0
2024,Zach Penrod,BOS,0,0,0,0,0,0,0,0,0,0,0,0.0,0.0,0.0
2024,Zack Short,BOS,7,7,0,0,0,0,0,0,0,0,4,0.0,0.0,0.0
2024,Chase Shugart,BOS,0,0,0,0,0,0,0,0,0,0,0,0.0,0.0,0.0
2024,Josh Winckowski,BOS,0,0,0,0,0,0,0,0,0,0,0,0.0,0.0,0.0
2024,David Bote,CHC,48,46,14,4,0,0,2,0,0,0,13,0.333,0.391,0.724
2024,Seiya Suzuki,CHC,585,512,145,27,6,21,63,3,6,4,160,0.366,0.482,0.848
2024,Christian Bethancourt,CHC,59,57,16,4,0,3,2,0,0,0,14,0.305,0.509,0.814
2024,Alexander Canario,CHC,28,25,7,1,0,1,2,0,1,0,11,0.357,0.44,0.797
2024,Nico Hoerner,CHC,641,582,159,35,1,7,44,1,12,3,66,0.335,0.373,0.708
2024,Garrett Cooper,CHC,41,37,10,1,1,1,4,0,0,0,13,0.341,0.432,0.773
2024,Cody Bellinger,CHC,569,516,137,23,3,18,45,7,3,5,89,0.325,0.426,0.751
2024,Mike Tauchman,CHC,350,298,74,12,1,7,47,0,4,1,70,0.357,0.366,0.723
2024,Michael Busch,CHC,567,496,123,28,2,21,63,1,4,4,162,0.335,0.44,0.775
2024,Ian Happ,CHC,657,569,138,34,2,25,80,1,6,2,168,0.341,0.441,0.782
2024,Dansby Swanson,CHC,593,534,129,27,2,16,54,2,2,3,144,0.312,0.39,0.702
2024,Pete Crow-Armstrong,CHC,410,372,88,13,6,10,21,2,6,3,98,0.286,0.384,0.67
2024,Miguel Amaya,CHC,363,328,76,13,2,8,23,0,4,3,62,0.288,0.357,0.645
2024,Isaac Paredes,CHC,212,179,40,6,0,3,24,0,5,4,37,0.325,0.307,0.632
2024,Nick Madrigal,CHC,94,86,19,3,0,0,4,0,3,0,10,0.28,0.256,0.536
2024,Miles Mastrobuoni,CHC,106,98,19,3,0,0,7,0,0,1,17,0.245,0.224,0.469
2024,Patrick Wisdom,CHC,174,158,27,7,2,8,10,0,4,1,59,0.237,0.392,0.629
2024,Yan Gomes,CHC,96,91,14,2,0,2,2,0,1,1,36,0.179,0.242,0.421
2024,Tomás Nido,CHC,50,47,6,2,0,1,1,0,0,1,15,0.143,0.234,0.377
2024,Matt Mervis,CHC,28,26,3,1,0,0,1,0,0,0,8,0.148,0.154,0.302
2024,Kevin Alcántara,CHC,10,10,1,0,0,0,0,0,0,0,1,0.1,0.1,0.2
2024,Luis Vázquez,CHC,14,12,1,0,0,0,0,0,1,1,6,0.143,0.083,0.226
2024,Porter Hodge,CHC,0,0,0,0,0,0,0,0,0,0,0,0.0,0.0,0.0
2024,Julian Merryweather,CHC,0,0,0,0,0,0,0,0,0,0,0,0.0,0.0,0.0
2024,Héctor Neris,CHC,0,0,0,0,0,0,0,0,0,0,0,0.0,0.0,0.0
2024,César Salazar,HOU,32,25,8,2,0,0,2,0,2,2,6,0.387,0.4,0.787
2024,Yordan Alvarez,HOU,635,552,170,34,2,35,69,16,10,4,95,0.392,0.567,0.959
2024,Yainer Diaz,HOU,619,585,175,29,3,16,24,1,2,8,107,0.325,0.441,0.766
2024,Jose Altuve,HOU,682,628,185,31,0,20,47,2,7,0,119,0.35,0.439,0.789
2024,Kyle Tucker,HOU,339,277,80,13,0,23,56,3,1,2,54,0.408,0.585,0.993
2024,Victor Caratini,HOU,274,245,66,8,1,8,23,1,3,3,53,0.336,0.408,0.744
2024,Mauricio Dubón,HOU,428,402,108,25,0,4,16,0,2,5,55,0.296,0.361,0.657
2024,Jeremy Peña,HOU,650,602,160,28,2,15,25,1,14,6,111,0.308,0.394,0.702
2024,Alex Bregman,HOU,634,581,151,30,2,26,44,1,5,4,86,0.315,0.453,0.768
2024,Ben Gamel,HOU,69,58,15,3,0,1,11,1,0,0,17,0.377,0.362,0.739
2024,Zach Dezenzo,HOU,65,62,15,2,0,2,3,0,0,0,22,0.277,0.371,0.648
2024,Joey Loperfido,HOU,118,106,25,5,1,2,7,0,3,1,43,0.299,0.358,0.657
2024,Jon Singleton,HOU,405,355,83,13,1,13,47,0,0,3,111,0.321,0.386,0.707
2024,Shay Whitcomb,HOU,46,41,9,3,0,0,5,0,0,0,8,0.304,0.293,0.597
2024,Jake Meyers,HOU,513,461,101,20,3,13,35,0,10,4,117,0.286,0.36,0.646
2024,Jason Heyward,HOU,61,55,12,2,0,4,5,2,0,0,17,0.283,0.473,0.756
2024,Chas McCormick,HOU,267,242,51,6,1,5,17,0,4,3,72,0.271,0.306,0.577
2024,Trey Cabbage,HOU,91,86,18,8,0,1,4,0,1,0,34,0.253,0.337,0.59
2024,José Abreu,HOU,120,113,14,2,0,2,4,0,2,1,28,0.167,0.195,0.362
2024,Pedro León,HOU,21,20,2,0,0,0,1,0,0,0,10,0.143,0.1,0.243
2024,Jacob Amaya,HOU,1,1,0,0,0,0,0,0,0,0,0,0.0,0.0,0.0
2024,Aledmys Díaz,HOU,4,4,0,0,0,0,0,0,0,0,2,0.0,0.0,0.0
2024,Josh Hader,HOU,0,0,0,0,0,0,0,0,0,0,0,0.0,0.0,0.0
2024,Cooper Hummel,HOU,8,8,0,0,0,0,0,0,0,0,2,0.0,0.0,0.0
2024,Grae Kessinger,HOU,25,21,0,0,0,0,3,0,1,0,7,0.16,0.0,0.16
2024,Bryan King,HOU,0,0,0,0,0,0,0,0,0,0,0,0.0,0.0,0.0
2024,Ryan Pressly,HOU,0,0,0,0,0,0,0,0,0,0,0,0.0,0.0,0.0
2024,Hunter Feduccia,LAD,14,12,4,0,0,0,2,0,0,0,2,0.429,0.333,0.762
2024,Shohei Ohtani,LAD,731,636,197,38,7,54,81,10,6,5,162,0.39,0.646,1.036
2024,Mookie Betts,LAD,516,450,130,24,5,19,61,2,1,4,57,0.372,0.491,0.863
2024,Miguel Rojas,LAD,337,307,87,21,0,6,23,0,3,2,34,0.337,0.41,0.747
2024,Freddie Freeman,LAD,638,542,153,35,2,22,78,9,10,8,100,0.378,0.476,0.854
2024,Amed Rosario,LAD,12,11,3,1,0,0,1,0,0,0,2,0.333,0.364,0.697
2024,Teoscar Hernández,LAD,652,589,160,32,2,33,53,3,8,1,188,0.339,0.501,0.84
2024,Austin Barnes,LAD,156,140,37,3,0,1,14,0,0,0,36,0.331,0.307,0.638
2024,Gavin Lux,LAD,487,439,110,24,2,10,44,0,2,2,110,0.32,0.383,0.703
2024,Andy Pages,LAD,443,403,100,23,1,13,29,0,6,4,108,0.305,0.407,0.712
2024,Will Smith,LAD,544,476,118,24,2,20,51,6,9,8,105,0.327,0.433,0.76
2024,Miguel Vargas,LAD,80,71,17,4,0,3,8,0,0,1,16,0.313,0.423,0.736
2024,Tommy Edman,LAD,153,139,33,5,1,6,11,0,1,2,30,0.294,0.417,0.711
2024,Max Muncy,LAD,293,237,55,17,0,15,45,3,5,6,77,0.358,0.494,0.852
2024,Enrique Hernández,LAD,393,362,83,16,0,12,27,0,0,3,77,0.281,0.373,0.654
2024,Nick Ahmed,LAD,49,48,11,0,0,1,1,0,0,0,14,0.245,0.292,0.537
2024,Jason Heyward,LAD,197,173,36,10,2,6,17,0,4,3,36,0.289,0.393,0.682
2024,Kevin Kiermaier,LAD,64,59,12,2,1,1,2,0,1,0,20,0.242,0.322,0.564
2024,Chris Taylor,LAD,246,213,43,7,1,4,28,0,2,2,76,0.298,0.3,0.598
2024,Cavan Biggio,LAD,88,73,14,1,0,3,10,0,2,0,28,0.306,0.329,0.635
2024,James Outman,LAD,156,136,20,4,0,4,16,0,4,0,55,0.256,0.265,0.521
2024,Taylor Trammell,LAD,6,6,0,0,0,0,0,0,0,0,3,0.0,0.0,0.0
