season,wBB,wHBP,w1B,w2B,w3B,wHR
2010,0.701,0.732,0.895,1.270,1.608,2.072
2011,0.694,0.726,0.890,1.270,1.611,2.086
2012,0.691,0.722,0.884,1.257,1.593,2.058
2013,0.690,0.722,0.888,1.271,1.616,2.101
2014,0.689,0.722,0.892,1.283,1.635,2.135
2015,0.687,0.718,0.881,1.256,1.594,2.065
2016,0.691,0.721,0.878,1.242,1.569,2.015
2017,0.693,0.723,0.877,1.232,1.552,1.980
2018,0.690,0.720,0.880,1.247,1.578,2.031
2019,0.690,0.719,0.870,1.217,1.529,1.940
2020,0.699,0.728,0.883,1.238,1.558,1.979
2021,0.692,0.722,0.879,1.242,1.568,2.007
2022,0.689,0.720,0.884,1.261,1.601,2.072
2023,0.696,0.726,0.883,1.244,1.569,2.004
2024,0.689,0.720,0.882,1.254,1.590,2.050
2025,0.691,0.722,0.882,1.252,1.584,2.037
